{
"type": "FeatureCollection",
"name": "juja_wards",
"crs": { "type": "name", "properties": { "name": "urn:ogc:def:crs:OGC:1.3:CRS84" } },
"features": [
{ "type": "Feature", "properties": { "GID_3": "KEN.13.4.2_1", "GID_0": "KEN", "COUNTRY": "Kenya", "GID_1": "KEN.13_1", "NAME_1": "Kiambu", "NL_NAME_1": "NA", "GID_2": "KEN.13.4_1", "NAME_2": "Juja", "NL_NAME_2": "NA", "NAME_3": "Kalimoni", "VARNAME_3": "NA", "NL_NAME_3": "NA", "TYPE_3": "Ward", "ENGTYPE_3": "Ward", "CC_3": "563", "HASC_3": "NA" }, "geometry": { "type": "MultiPolygon", "coordinates": [ [ [ [ 36.995712279000031, -1.122838974999979 ], [ 36.996063233000143, -1.122826456999917 ], [ 36.996578217000092, -1.122769593999919 ], [ 36.996936799000139, -1.12271261199993 ], [ 36.997222900000054, -1.122598765999896 ], [ 36.99743271, -1.122522829999923 ], [ 36.997600555000133, -1.122408984999936 ], [ 36.998657227000024, -1.121604441999978 ], [ 37.000293731000056, -1.119853137999939 ], [ 37.007350922000171, -1.114246366999907 ], [ 37.008033752000188, -1.113733530999923 ], [ 37.008293151000032, -1.113340376999929 ], [ 37.008583070000157, -1.112776278999945 ], [ 37.01138687100007, -1.106314777999842 ], [ 37.012393951000092, -1.104126810999901 ], [ 37.013301849000072, -1.102126836999958 ], [ 37.013538360000155, -1.101733683999953 ], [ 37.013832093000019, -1.101391791999902 ], [ 37.024547578000181, -1.091220975999931 ], [ 37.030975342000147, -1.085956096999951 ], [ 37.033180237000067, -1.084024428999896 ], [ 37.033725738000157, -1.08346032999998 ], [ 37.034599304000153, -1.082366345999958 ], [ 37.034698486000025, -1.082248209999932 ], [ 37.043811798000149, -1.071238278999886 ], [ 37.044120788000157, -1.070759653999971 ], [ 37.04593277000015, -1.0676314829999 ], [ 37.049179077000076, -1.062229751999951 ], [ 37.051914215000068, -1.057665705999909 ], [ 37.052467346000071, -1.056779621999965 ], [ 37.052524566000045, -1.05668985799997 ], [ 37.053604127000085, -1.05496752199997 ], [ 37.054489136000029, -1.055502651999973 ], [ 37.056621550999978, -1.056696175999889 ], [ 37.057518005000077, -1.057143688999872 ], [ 37.057880402000137, -1.057314276999875 ], [ 37.057411193000121, -1.058230756999933 ], [ 37.065017699000123, -1.062600016999966 ], [ 37.069770812000058, -1.065221547999897 ], [ 37.076591492000034, -1.069015382999908 ], [ 37.077808381000125, -1.069676160999961 ], [ 37.079555511000081, -1.066074132999915 ], [ 37.07985305700015, -1.065541266999958 ], [ 37.081089020000036, -1.066905378999934 ], [ 37.081409455000141, -1.067480802999967 ], [ 37.082111358000077, -1.068141578999928 ], [ 37.083286285000042, -1.069058059999975 ], [ 37.08445739800004, -1.069825290999972 ], [ 37.085140227000124, -1.070294259999969 ], [ 37.085819244000049, -1.07097625699987 ], [ 37.086395264000146, -1.071764826999924 ], [ 37.086929321000184, -1.073001026999975 ], [ 37.087589264000144, -1.074045418999901 ], [ 37.088504792000037, -1.074791310999956 ], [ 37.089145660000156, -1.075217603999874 ], [ 37.089359283000135, -1.075430750999942 ], [ 37.089508057000046, -1.075942276999911 ], [ 37.09234237700008, -1.079544305999946 ], [ 37.092662812000185, -1.079714773999854 ], [ 37.09300231800006, -1.0798852449999 ], [ 37.093109131000062, -1.080077170999971 ], [ 37.093257905000144, -1.081057546999943 ], [ 37.093727112000124, -1.081441164999944 ], [ 37.094112395000138, -1.081611752999947 ], [ 37.094474792000028, -1.081632971999909 ], [ 37.094985961000134, -1.081910131999962 ], [ 37.095283508000136, -1.082378983999945 ], [ 37.095497132000048, -1.082933186999867 ], [ 37.095729828000117, -1.083572506999928 ], [ 37.095943451000096, -1.083977460999961 ], [ 37.096454620000031, -1.084233282999946 ], [ 37.096244812000066, -1.085149763999937 ], [ 37.096775055000194, -1.085597394999922 ], [ 37.097480773000143, -1.086087584999916 ], [ 37.097797393, -1.08636462599992 ], [ 37.098354339000082, -1.08685481599997 ], [ 37.09914016800019, -1.087259769999889 ], [ 37.100208283000029, -1.087686061999932 ], [ 37.10123062100007, -1.087984441999936 ], [ 37.102146149000134, -1.088346838999882 ], [ 37.102828979000151, -1.088645219999876 ], [ 37.103511811000146, -1.089050173999908 ], [ 37.104213714000082, -1.089177964999976 ], [ 37.104682923000041, -1.089007496999841 ], [ 37.105537415000072, -1.088815687999954 ], [ 37.106262207000157, -1.088645219999876 ], [ 37.104503632000046, -1.092816352999932 ], [ 37.104480743000011, -1.09287238099995 ], [ 37.103515626000046, -1.09516000799988 ], [ 37.101360322000062, -1.099936008999975 ], [ 37.097076416000164, -1.109833717999948 ], [ 37.096252441000104, -1.111709475999874 ], [ 37.09457397400007, -1.115554213999928 ], [ 37.094921113000055, -1.115767000999881 ], [ 37.095531464000032, -1.116192697999907 ], [ 37.095733643000187, -1.116485356999874 ], [ 37.095932008000148, -1.116831302999913 ], [ 37.096076965000123, -1.117024659999913 ], [ 37.096237182000152, -1.117243647999942 ], [ 37.09650421200007, -1.117496489999894 ], [ 37.096519470000089, -1.117522120999979 ], [ 37.096622468000078, -1.117722629999946 ], [ 37.096664429999976, -1.11781573199994 ], [ 37.097034455000141, -1.118095159999939 ], [ 37.097381591000101, -1.118347881999966 ], [ 37.097888947000172, -1.11858737499989 ], [ 37.098632812000119, -1.118840097999964 ], [ 37.099445343000127, -1.119159339999896 ], [ 37.100692749000132, -1.119771360999891 ], [ 37.101238251000154, -1.120037435999961 ], [ 37.101638793000063, -1.120236992999878 ], [ 37.101970672999983, -1.120077370999979 ], [ 37.10224914600002, -1.119837878999817 ], [ 37.102611541000101, -1.119465351999906 ], [ 37.102874756000119, -1.119146108999871 ], [ 37.103195191000054, -1.118880033999972 ], [ 37.103515626000046, -1.118800162999946 ], [ 37.103809357000102, -1.118919968999876 ], [ 37.104125976999967, -1.119319079999968 ], [ 37.104232787000115, -1.119758009999941 ], [ 37.10419464000006, -1.120223641999928 ], [ 37.104167939000092, -1.120622753999896 ], [ 37.104301453000119, -1.120862244999842 ], [ 37.104537964000087, -1.120915411999874 ], [ 37.104820252000138, -1.12098193099996 ], [ 37.104965211000149, -1.121274588999938 ], [ 37.105056763000107, -1.121514082999965 ], [ 37.105339051000158, -1.121647118999931 ], [ 37.105564117000142, -1.121660469999881 ], [ 37.105575562000126, -1.121274588999938 ], [ 37.105575562000126, -1.121048450999979 ], [ 37.105682372000047, -1.120902180999963 ], [ 37.106040954000093, -1.120902180999963 ], [ 37.106136321000065, -1.120835660999944 ], [ 37.106136321000065, -1.120183705999921 ], [ 37.106163025000114, -1.120010851999893 ], [ 37.10634994600008, -1.119811295999909 ], [ 37.106559753000113, -1.119758009999941 ], [ 37.106815338000047, -1.119917749999956 ], [ 37.107906342000035, -1.120968699999935 ], [ 37.108222961000024, -1.12119483999993 ], [ 37.10860824700012, -1.121407627999929 ], [ 37.108917236000025, -1.121527432999812 ], [ 37.109153747000164, -1.121394394999925 ], [ 37.109313965000069, -1.121287941999981 ], [ 37.109596253000177, -1.121075034999933 ], [ 37.109966278000115, -1.121035217999918 ], [ 37.110126496000078, -1.121141552999859 ], [ 37.110271455000088, -1.121341109999946 ], [ 37.110790252000129, -1.121753573999968 ], [ 37.111152649000132, -1.12182009199995 ], [ 37.111442565000175, -1.122086166999964 ], [ 37.111736298000039, -1.122458696999956 ], [ 37.112110138000048, -1.122817873999907 ], [ 37.11261367700007, -1.122937559999968 ], [ 37.113014221000185, -1.122950909999929 ], [ 37.113571167000089, -1.122910975999957 ], [ 37.113971710999976, -1.122910975999957 ], [ 37.114356994000161, -1.122738002999881 ], [ 37.11449051, -1.122631549999937 ], [ 37.114837646000126, -1.122591732999922 ], [ 37.115249633000019, -1.122618316999933 ], [ 37.115768432000039, -1.122578382999905 ], [ 37.116127014000085, -1.122471927999868 ], [ 37.116260528000112, -1.122285723999937 ], [ 37.116432191000172, -1.1220728159999 ], [ 37.116565705000028, -1.122006295999824 ], [ 37.11680603100001, -1.122205852999969 ], [ 37.116950988000042, -1.122738002999881 ], [ 37.116977692000091, -1.12301743099988 ], [ 37.11732483000003, -1.123163699999907 ], [ 37.117801665000172, -1.122977493999883 ], [ 37.11809539900014, -1.122658251999951 ], [ 37.118320465000124, -1.122325657999966 ], [ 37.118667603000063, -1.122099399999968 ], [ 37.118934631000116, -1.122112750999918 ], [ 37.119426727000132, -1.122405409999885 ], [ 37.120464325, -1.122964142999933 ], [ 37.121273040000062, -1.123350023999876 ], [ 37.121700288000056, -1.123616098999946 ], [ 37.121994019000113, -1.12396192499989 ], [ 37.122085571000071, -1.124281167999925 ], [ 37.122127533000139, -1.124720215999844 ], [ 37.122325897000053, -1.124972939999964 ], [ 37.122657775000164, -1.124986290999914 ], [ 37.123069762000057, -1.125105975999872 ], [ 37.123378754000044, -1.125398754999935 ], [ 37.123615265000126, -1.125744580999935 ], [ 37.123947143000066, -1.126130341999897 ], [ 37.124294282000108, -1.126343248999945 ], [ 37.124465942000086, -1.126569389999872 ], [ 37.124668122000116, -1.127194643999928 ], [ 37.124813079000148, -1.127474069999948 ], [ 37.125118256000064, -1.127740144999962 ], [ 37.125518799000076, -1.12784647899997 ], [ 37.127235412000118, -1.127939700999946 ], [ 37.127593994000108, -1.128099321999912 ], [ 37.128112793000128, -1.128458500999955 ], [ 37.128471375000117, -1.128697991999957 ], [ 37.128963471000191, -1.128977297999825 ], [ 37.129428863000101, -1.129123686999947 ], [ 37.130374909000068, -1.129110335999883 ], [ 37.130695342000024, -1.128910778999909 ], [ 37.131038666000165, -1.128764509999883 ], [ 37.131343842000035, -1.128711222999925 ], [ 37.131610870000088, -1.128804326999898 ], [ 37.131771087000118, -1.128990650999924 ], [ 37.131797791, -1.129163623999943 ], [ 37.132091522000053, -1.129163623999943 ], [ 37.132251740000186, -1.128977297999825 ], [ 37.132343292000144, -1.128604769999924 ], [ 37.132343292000144, -1.128338812999914 ], [ 37.132423400000164, -1.128046035999944 ], [ 37.13255691400002, -1.127753376999976 ], [ 37.132717132000153, -1.127487301999906 ], [ 37.132877349000182, -1.127367614999969 ], [ 37.133167268000079, -1.127341030999958 ], [ 37.133434295000086, -1.127474069999948 ], [ 37.133632660000046, -1.127686856999901 ], [ 37.13376617299997, -1.128046035999944 ], [ 37.133926391000102, -1.12837862899994 ], [ 37.134017945000039, -1.128684638999857 ], [ 37.134124755000187, -1.12900388099996 ], [ 37.134311676000095, -1.129283308999902 ], [ 37.134471894000058, -1.129469512999947 ], [ 37.134723663000159, -1.129629134999846 ], [ 37.135269166000114, -1.129788875999907 ], [ 37.135883332000105, -1.129762171999914 ], [ 37.136226654000097, -1.129709004999881 ], [ 37.136520385000154, -1.129615902999888 ], [ 37.13677215600012, -1.129496096999958 ], [ 37.137172698000029, -1.129269955999973 ], [ 37.137332916000162, -1.129163623999943 ], [ 37.137531280000019, -1.129017233999946 ], [ 37.137771606, -1.128857611999933 ], [ 37.13803863600009, -1.128791093999951 ], [ 37.13822174000012, -1.128764509999883 ], [ 37.138450623000153, -1.128684638999857 ], [ 37.138675691000117, -1.128325461999964 ], [ 37.138874055000031, -1.127992868999968 ], [ 37.139167786000087, -1.127394198999923 ], [ 37.139312743000062, -1.127154706999931 ], [ 37.139499664000027, -1.126901982999868 ], [ 37.139675140000122, -1.12678229699992 ], [ 37.139991760000044, -1.126755595999953 ], [ 37.140258790000132, -1.126808880999818 ], [ 37.140525818000185, -1.126888631999918 ], [ 37.140766144000168, -1.126915335999911 ], [ 37.141017913000155, -1.12676894699996 ], [ 37.141311645000087, -1.126476287999935 ], [ 37.141628264000076, -1.126170277999904 ], [ 37.141880036000146, -1.126077173999931 ], [ 37.142082215000073, -1.126037239999903 ], [ 37.142307281000058, -1.12593078499998 ], [ 37.142494202000137, -1.12570464699985 ], [ 37.142745972, -1.125545023999962 ], [ 37.143024445000037, -1.125518440999883 ], [ 37.143360138000048, -1.125531792999936 ], [ 37.14367675800014, -1.125771164999946 ], [ 37.144077301000152, -1.126037239999903 ], [ 37.144515992000095, -1.126250146999951 ], [ 37.144783019999977, -1.126476287999935 ], [ 37.145141601000091, -1.126888631999918 ], [ 37.145420074000128, -1.127101539999956 ], [ 37.146553040000072, -1.127114892999828 ], [ 37.146709442000031, -1.127207994999878 ], [ 37.146923065000067, -1.12744748599988 ], [ 37.147056579000093, -1.127726793999898 ], [ 37.147243500000172, -1.127992868999968 ], [ 37.147548676000042, -1.128125904999877 ], [ 37.14785385100015, -1.128205775999845 ], [ 37.14813613900003, -1.128232359999913 ], [ 37.148654938000107, -1.128099321999912 ], [ 37.149372102000086, -1.127686856999901 ], [ 37.150341035000054, -1.127194643999928 ], [ 37.151168824000081, -1.126808880999818 ], [ 37.15308380100015, -1.126635907999969 ], [ 37.153270722000059, -1.126609323999901 ], [ 37.153388978000066, -1.126542805999918 ], [ 37.153484345000095, -1.126396416999967 ], [ 37.153495788000043, -1.126170277999904 ], [ 37.153388978000066, -1.125890969999887 ], [ 37.153388978000066, -1.12566470999991 ], [ 37.153549195000096, -1.125451921999968 ], [ 37.153774261000081, -1.125225781999916 ], [ 37.154201507999971, -1.124972939999964 ], [ 37.155040740000175, -1.124693631999946 ], [ 37.155490876000101, -1.12453401199997 ], [ 37.156181336000031, -1.124547242999938 ], [ 37.156673432000048, -1.124627113999964 ], [ 37.15707397500006, -1.124667047999878 ], [ 37.157405853000171, -1.124680280999826 ], [ 37.157688141999984, -1.124573945999884 ], [ 37.157886506000068, -1.124347685999908 ], [ 37.158073425000168, -1.123921990999975 ], [ 37.158378601000038, -1.123642682999957 ], [ 37.158790588000102, -1.123270152999964 ], [ 37.158924102000128, -1.122910975999957 ], [ 37.159149170000092, -1.122684834999916 ], [ 37.161052704000042, -1.122591732999922 ], [ 37.161331177000079, -1.122471927999868 ], [ 37.161476134000054, -1.122431992999964 ], [ 37.161731719000159, -1.122312307999891 ], [ 37.161994934000177, -1.122032879999892 ], [ 37.162101746000133, -1.121793507999882 ], [ 37.162197113000104, -1.121660469999881 ], [ 37.16238403400007, -1.121514082999965 ], [ 37.162647247000052, -1.121460914999886 ], [ 37.162902831000054, -1.121407627999929 ], [ 37.163112641000055, -1.121075034999933 ], [ 37.163394929000106, -1.120676040999967 ], [ 37.16361999500009, -1.12035667899994 ], [ 37.163818359000174, -1.120090603999927 ], [ 37.16411209000006, -1.119837878999817 ], [ 37.164657593000129, -1.119611738999936 ], [ 37.165454865000186, -1.11935889699987 ], [ 37.16588211100003, -1.119159339999896 ], [ 37.166347503000168, -1.118880033999972 ], [ 37.166717530000142, -1.118653893999976 ], [ 37.167037965000077, -1.118427752999935 ], [ 37.16725158700018, -1.118228195999961 ], [ 37.167411805000143, -1.118028639999977 ], [ 37.167518615000063, -1.117696045999878 ], [ 37.167518615000063, -1.117243647999942 ], [ 37.167369843000188, -1.116764782999837 ], [ 37.167213440000126, -1.116126179999924 ], [ 37.167186737000122, -1.115806937999878 ], [ 37.167213440000126, -1.115447758999949 ], [ 37.167236329000161, -1.114995479999891 ], [ 37.16743850600011, -1.11458301499988 ], [ 37.167678833000025, -1.114250421999884 ], [ 37.167957306000062, -1.113917826999909 ], [ 37.168182373000093, -1.113598584999977 ], [ 37.168315887000119, -1.113305925999896 ], [ 37.168422700000178, -1.113093017999972 ], [ 37.16846084600013, -1.11285352699997 ], [ 37.168621064000092, -1.112627385999872 ], [ 37.168754578000119, -1.112454532999891 ], [ 37.168994904000101, -1.112281559999872 ], [ 37.169288635000157, -1.112175107999974 ], [ 37.169631959000128, -1.11213517099992 ], [ 37.169952392000084, -1.112175107999974 ], [ 37.170299530000023, -1.112348078999958 ], [ 37.170604707000166, -1.112680673999932 ], [ 37.170803071000023, -1.112920044999953 ], [ 37.171096802000079, -1.113305925999896 ], [ 37.171230316000162, -1.113425611999958 ], [ 37.171535493000079, -1.113558649999959 ], [ 37.171813964000137, -1.113572000999966 ], [ 37.172119141000053, -1.11347877899982 ], [ 37.172454834, -1.113359092999929 ], [ 37.172946929000148, -1.113292574999946 ], [ 37.17361068800011, -1.113265990999878 ], [ 37.173862457000041, -1.113319158999957 ], [ 37.174434662000067, -1.113625167999942 ], [ 37.174674988000049, -1.113705038999967 ], [ 37.175010681, -1.11366677299992 ], [ 37.175266266000108, -1.113649726999938 ], [ 37.175514222, -1.113633155999878 ], [ 37.175544739000145, -1.113683580999975 ], [ 37.175624847000051, -1.113825201999873 ], [ 37.175693513000056, -1.113949297999852 ], [ 37.175907135000102, -1.114323495999884 ], [ 37.176841737000188, -1.115885018999961 ], [ 37.177669525000113, -1.117141365999885 ], [ 37.178043366000054, -1.117949007999925 ], [ 37.178279877000136, -1.118595240999923 ], [ 37.178401947000111, -1.119367001999933 ], [ 37.178691864000029, -1.120748996999964 ], [ 37.179195404000154, -1.122489928999869 ], [ 37.179748535000158, -1.123243808999973 ], [ 37.180198669000106, -1.123513101999947 ], [ 37.18089675900012, -1.12365663099996 ], [ 37.181438447000176, -1.123782276999862 ], [ 37.181705475000058, -1.12396156799997 ], [ 37.181724548000147, -1.124428391999857 ], [ 37.181724548000147, -1.127156494999895 ], [ 37.182029725000064, -1.127784728999927 ], [ 37.182460785000046, -1.127874492999979 ], [ 37.183124541000097, -1.127928255999961 ], [ 37.183715821000135, -1.127910374999828 ], [ 37.184379578000119, -1.128071904999956 ], [ 37.184936524000193, -1.128394959999866 ], [ 37.186031342000149, -1.12968719099996 ], [ 37.186588288000053, -1.130728244999943 ], [ 37.186859131000176, -1.131410240999969 ], [ 37.186927794999974, -1.132056354999918 ], [ 37.186786653000013, -1.132702588999962 ], [ 37.186283112000012, -1.133276938999927 ], [ 37.186069489000033, -1.133599996999919 ], [ 37.186012269000116, -1.133670091999875 ], [ 37.186031342000149, -1.133690952999928 ], [ 37.186588288000053, -1.134732006999968 ], [ 37.186859131000176, -1.135414003999927 ], [ 37.186874389000025, -1.135553597999944 ], [ 37.186916351000093, -1.135937333999891 ], [ 37.186923981, -1.136037945999931 ], [ 37.186874389000025, -1.136302232999981 ], [ 37.186790466000105, -1.136692046999883 ], [ 37.186283112000012, -1.137280701999941 ], [ 37.186092378000069, -1.137568354999928 ], [ 37.186069489000033, -1.137603758999944 ], [ 37.186023712000065, -1.137660621999942 ], [ 37.185119629000155, -1.138794659999974 ], [ 37.185081482999976, -1.138842104999981 ], [ 37.184963227000139, -1.139030098999967 ], [ 37.184837341000048, -1.139223574999903 ], [ 37.184192656000107, -1.140238879999913 ], [ 37.18411255, -1.1403613089999 ], [ 37.184383393000132, -1.140588283999932 ], [ 37.184524537000073, -1.140707491999933 ], [ 37.18513488800005, -1.141102312999919 ], [ 37.18529510500008, -1.141515134999906 ], [ 37.185401916000103, -1.141999719999944 ], [ 37.185367584000119, -1.142663835999826 ], [ 37.184974670000145, -1.143776655999886 ], [ 37.184616089000031, -1.14432477899993 ], [ 37.184463501000039, -1.144555806999961 ], [ 37.184421539000084, -1.144623517999946 ], [ 37.183517457000107, -1.146002292999924 ], [ 37.182621002000076, -1.147438049999948 ], [ 37.181545257000153, -1.148981569999933 ], [ 37.180934906000175, -1.150076508999973 ], [ 37.180717468000125, -1.150614976999918 ], [ 37.180648803000054, -1.151476381999942 ], [ 37.18059539800015, -1.152050733999943 ], [ 37.180862427000136, -1.1531276689999 ], [ 37.181068420000031, -1.153815030999908 ], [ 37.181110382000156, -1.15395998799994 ], [ 37.181125640000175, -1.154011487999924 ], [ 37.181167602000073, -1.154150724999965 ], [ 37.181690216000163, -1.155030250999914 ], [ 37.18235397300009, -1.156071184999973 ], [ 37.18251419000012, -1.157040357999961 ], [ 37.182533264000085, -1.15858399799987 ], [ 37.182296753000173, -1.159750579999979 ], [ 37.182239532000153, -1.159857271999897 ], [ 37.18235397300009, -1.160074949999967 ], [ 37.182395934999988, -1.160321830999976 ], [ 37.182476043000065, -1.160820601999944 ], [ 37.18251419000012, -1.161044119999872 ], [ 37.182525635000104, -1.161949752999931 ], [ 37.182533264000085, -1.162587761999873 ], [ 37.182483674000082, -1.162833451999973 ], [ 37.182300568000187, -1.163729547999935 ], [ 37.182235717000083, -1.163866161999977 ], [ 37.18202209500015, -1.164267778999886 ], [ 37.18188476600011, -1.164526105999926 ], [ 37.181274414000029, -1.165423512999951 ], [ 37.181221009000126, -1.165482757999939 ], [ 37.180999756000062, -1.165728926999975 ], [ 37.180717468000125, -1.166044353999951 ], [ 37.180667876000143, -1.166101454999875 ], [ 37.180423737000069, -1.166317104999962 ], [ 37.180118560000153, -1.166586517999974 ], [ 37.179943085000104, -1.166738509999959 ], [ 37.179794312000126, -1.166871665999963 ], [ 37.179615022000064, -1.167028067999922 ], [ 37.17937851, -1.167236922999962 ], [ 37.179317475, -1.167290209999919 ], [ 37.179115296000077, -1.167419313999972 ], [ 37.178539276000038, -1.167784332999872 ], [ 37.177597045000141, -1.168385028999921 ], [ 37.176429748000089, -1.169155954999951 ], [ 37.175674439000034, -1.169856785999912 ], [ 37.174850463999974, -1.170556663999946 ], [ 37.174114227000075, -1.171382426999969 ], [ 37.173938751000151, -1.171648263999941 ], [ 37.173786164000035, -1.171875476999958 ], [ 37.173503875000051, -1.172297596999897 ], [ 37.173286438000105, -1.172640323999929 ], [ 37.173038483000084, -1.173033594999879 ], [ 37.172904967000079, -1.173263429999963 ], [ 37.172512054000151, -1.173937319999936 ], [ 37.17197799600018, -1.174936175999903 ], [ 37.171928406000177, -1.175049185999853 ], [ 37.171886444000052, -1.17514050099993 ], [ 37.171836852000069, -1.175252913999941 ], [ 37.171745300000111, -1.175456642999904 ], [ 37.171169281000175, -1.176228403999971 ], [ 37.17094040000012, -1.176509259999932 ], [ 37.170898438000052, -1.176560639999934 ], [ 37.170757294000055, -1.176730989999896 ], [ 37.170619965000185, -1.176965831999894 ], [ 37.170558930000027, -1.177071928999965 ], [ 37.170398712000065, -1.177433727999869 ], [ 37.170310973000028, -1.177628396999921 ], [ 37.170093536000024, -1.178256511999905 ], [ 37.170028687000126, -1.178542136999852 ], [ 37.169982910000158, -1.17874073899992 ], [ 37.169914245000029, -1.179028390999918 ], [ 37.16989898700001, -1.179120421999926 ], [ 37.169841766000161, -1.179477095999914 ], [ 37.169689179000102, -1.180152892999899 ], [ 37.169681549000131, -1.180194972999914 ], [ 37.16950988800005, -1.18049955399988 ], [ 37.169357301000161, -1.180769323999925 ], [ 37.169250488000102, -1.180874823999943 ], [ 37.168407439000077, -1.181720613999914 ], [ 37.168228150000061, -1.181907057999979 ], [ 37.167995452000184, -1.182153343999857 ], [ 37.167785645000151, -1.182371496999963 ], [ 37.167671204000158, -1.182492374999924 ], [ 37.167259215000115, -1.183138489999919 ], [ 37.167026519000046, -1.183497429999932 ], [ 37.16670227100019, -1.184305189999975 ], [ 37.166568756000061, -1.184819339999819 ], [ 37.166522981000128, -1.184987186999933 ], [ 37.166442872000175, -1.185322402999873 ], [ 37.166416168000069, -1.185435890999941 ], [ 37.166385652000031, -1.185524701999896 ], [ 37.166278838999972, -1.185844181999869 ], [ 37.166198731000122, -1.18597602799997 ], [ 37.165966034000121, -1.186333297999852 ], [ 37.165664673000151, -1.186665772999902 ], [ 37.165584564000028, -1.186753271999976 ], [ 37.165462494000053, -1.186889648999966 ], [ 37.164913178000063, -1.187337516999889 ], [ 37.164672852000081, -1.187534093999886 ], [ 37.164295196000069, -1.187840937999965 ], [ 37.163776397000049, -1.188415287999874 ], [ 37.163627625000174, -1.188549518999878 ], [ 37.163200378000113, -1.188935756999967 ], [ 37.163078309000014, -1.189108609999892 ], [ 37.163055421000081, -1.189137218999861 ], [ 37.162837983000031, -1.189442633999818 ], [ 37.162788391000049, -1.189513921999946 ], [ 37.162700654000162, -1.189635752999891 ], [ 37.16230392500006, -1.190263151999943 ], [ 37.161838531000114, -1.190796136999893 ], [ 37.161567688, -1.191103575999932 ], [ 37.161548615000129, -1.191125511999871 ], [ 37.161369324000134, -1.191236494999828 ], [ 37.16117477500012, -1.191358804999822 ], [ 37.160758973000156, -1.191484450999894 ], [ 37.160366057000147, -1.191538333999915 ], [ 37.160022736000087, -1.191561817999911 ], [ 37.159870147000163, -1.191572187999952 ], [ 37.159660339000027, -1.191586493999921 ], [ 37.159576415000174, -1.191592096999955 ], [ 37.158973694000167, -1.191592096999955 ], [ 37.158855439000035, -1.191592096999955 ], [ 37.158805847, -1.191592096999955 ], [ 37.157711028000108, -1.191743730999974 ], [ 37.157638550000172, -1.191753625999979 ], [ 37.157398223000087, -1.19183754799991 ], [ 37.156974793000018, -1.191987037999922 ], [ 37.156539918000192, -1.192168593999952 ], [ 37.156417847000171, -1.192220330999874 ], [ 37.156131744, -1.192463159999875 ], [ 37.156059265000124, -1.192525385999886 ], [ 37.155735015000118, -1.192956207999828 ], [ 37.155590058000143, -1.193168997999919 ], [ 37.155582428000059, -1.193253636999941 ], [ 37.155574798000089, -1.193340538999905 ], [ 37.155384064000145, -1.193474649999928 ], [ 37.154869079999969, -1.193896769999924 ], [ 37.154354096000191, -1.194300530999953 ], [ 37.154045106000183, -1.194575785999973 ], [ 37.153678894000109, -1.194685816999936 ], [ 37.153198242000144, -1.19470417499997 ], [ 37.152740478000055, -1.194465635999904 ], [ 37.152153015000067, -1.193970202999878 ], [ 37.15151214500014, -1.193658232999894 ], [ 37.151107788000161, -1.193456410999829 ], [ 37.150375366000162, -1.193327902999954 ], [ 37.149879456000122, -1.193346260999931 ], [ 37.149547578000067, -1.193401335999965 ], [ 37.149089813999979, -1.193658232999894 ], [ 37.14870452800011, -1.193933485999935 ], [ 37.148319245000096, -1.194153666999966 ], [ 37.147457122000105, -1.194575785999973 ], [ 37.146537782000053, -1.19470417499997 ], [ 37.145420074000128, -1.195016144999897 ], [ 37.144760131000169, -1.195144652999886 ], [ 37.14367675800014, -1.195254682999916 ], [ 37.14305114800004, -1.195254682999916 ], [ 37.142631531000063, -1.195034502999931 ], [ 37.141582489000143, -1.194355487999871 ], [ 37.140995025, -1.193804979999868 ], [ 37.140354157000104, -1.193291185999897 ], [ 37.139694214000144, -1.192795752999871 ], [ 37.138904572000172, -1.192281960999821 ], [ 37.137989044000051, -1.192025064999882 ], [ 37.137416839000082, -1.192226885999958 ], [ 37.137123108000026, -1.192593930999976 ], [ 37.136978149000186, -1.192924141999924 ], [ 37.136646271000075, -1.193346260999931 ], [ 37.135547637000116, -1.194410560999813 ], [ 37.135215759, -1.195309757999951 ], [ 37.134979248000093, -1.19628238599995 ], [ 37.134391785000048, -1.197365044999913 ], [ 37.13398742600009, -1.197842121999884 ], [ 37.133308412000019, -1.198300957999834 ], [ 37.13255691400002, -1.198594569999955 ], [ 37.131729125000049, -1.198759674999962 ], [ 37.131031037000184, -1.198833107999974 ], [ 37.130207062000125, -1.198355912999943 ], [ 37.129856110000048, -1.197897194999882 ], [ 37.129325867000148, -1.19723653799997 ], [ 37.129013061000194, -1.196630954999932 ], [ 37.128719329000035, -1.196025489999954 ], [ 37.12835311900011, -1.19527304199994 ], [ 37.128170014000148, -1.194575785999973 ], [ 37.127765655000189, -1.193731664999973 ], [ 37.127490997, -1.193272827999976 ], [ 37.127250671000184, -1.192905782999901 ], [ 37.126995086000079, -1.192447066999875 ], [ 37.126388550000172, -1.191951632999917 ], [ 37.125709533000077, -1.191676377999897 ], [ 37.125015258000076, -1.191346049999936 ], [ 37.124481201000037, -1.190923927999961 ], [ 37.123783111000193, -1.190483569999969 ], [ 37.123214721000068, -1.19007980799995 ], [ 37.122848511000143, -1.190006494999921 ], [ 37.122535705000189, -1.190189957999905 ], [ 37.122131348000039, -1.190373419999901 ], [ 37.121711731, -1.190850614999874 ], [ 37.121341706000067, -1.190979002999939 ], [ 37.120956421000074, -1.191034077999973 ], [ 37.120517730000074, -1.191199182999924 ], [ 37.120059966000042, -1.191658019999977 ], [ 37.119583129000148, -1.192116735999889 ], [ 37.119106294000176, -1.192483782999886 ], [ 37.118663788000163, -1.192648887999894 ], [ 37.118259429000034, -1.192593930999976 ], [ 37.118186951000041, -1.192245244999867 ], [ 37.118133546000024, -1.19193327499994 ], [ 37.117912293000074, -1.19105243599995 ], [ 37.11765670800014, -1.190557002999981 ], [ 37.117195129000095, -1.190134882999871 ], [ 37.116607667000153, -1.189712880999878 ], [ 37.116443634000177, -1.189345835999973 ], [ 37.116279602000077, -1.188813685999889 ], [ 37.116020202000129, -1.188336491999962 ], [ 37.11561966, -1.187804341999879 ], [ 37.115562438000097, -1.18754744499995 ], [ 37.115249633000019, -1.18674004199994 ], [ 37.115032196000072, -1.186409710999953 ], [ 37.114753723000035, -1.186006069999962 ], [ 37.114368439000145, -1.18574917299992 ], [ 37.113746643000184, -1.185473919999879 ], [ 37.112957001000041, -1.185106872999881 ], [ 37.112369538000053, -1.184464572999957 ], [ 37.111892701000102, -1.183785557999897 ], [ 37.111526489000028, -1.18334519799987 ], [ 37.111324309000167, -1.182978152999965 ], [ 37.11121368400012, -1.18224418099993 ], [ 37.111396790000185, -1.181748747999961 ], [ 37.111560822000115, -1.181106447999923 ], [ 37.111507415, -1.180611013999965 ], [ 37.111286162999988, -1.179968713999926 ], [ 37.110958099000072, -1.179675102999965 ], [ 37.110404969000115, -1.179528235999896 ], [ 37.109710694000114, -1.179528235999896 ], [ 37.109176635999972, -1.179675102999965 ], [ 37.10860824700012, -1.179895280999972 ], [ 37.108093263000171, -1.179950355999836 ], [ 37.10752487100018, -1.180023788999961 ], [ 37.106735229000037, -1.179950355999836 ], [ 37.106224060000102, -1.179968713999926 ], [ 37.105617524000024, -1.17982184799996 ], [ 37.105232239000031, -1.179656744999875 ], [ 37.104682923000041, -1.179491519999885 ], [ 37.104167939000092, -1.179491519999885 ], [ 37.103542327000184, -1.179546594999977 ], [ 37.102901459000122, -1.179491519999885 ], [ 37.102424622000171, -1.179326413999888 ], [ 37.101818084000058, -1.179161308999937 ], [ 37.10123062100007, -1.179051160999961 ], [ 37.100387574000024, -1.178959369999973 ], [ 37.100055694000105, -1.178830980999919 ], [ 37.099853516000053, -1.178445577999923 ], [ 37.099636079000106, -1.177950142999975 ], [ 37.099266052000132, -1.177417992999892 ], [ 37.098899842000037, -1.177014230999816 ], [ 37.098461151000038, -1.176610588999893 ], [ 37.097873689000153, -1.176298617999919 ], [ 37.097229004000155, -1.176023363999889 ], [ 37.096698761000084, -1.175766467999949 ], [ 37.095981598000151, -1.175381063999964 ], [ 37.095561981000174, -1.175087450999911 ], [ 37.095321655000191, -1.174683688999892 ], [ 37.095176697000113, -1.174298405999821 ], [ 37.095046997, -1.172958730999881 ], [ 37.094955445000096, -1.172628520999922 ], [ 37.09445953400018, -1.172298192999961 ], [ 37.094055175, -1.17209625299995 ], [ 37.093486786000142, -1.171766042999877 ], [ 37.093448639000087, -1.17152738599998 ], [ 37.093433381000068, -1.17042636799988 ], [ 37.093284606000111, -1.17009603899993 ], [ 37.092697144000169, -1.169765828999971 ], [ 37.092147828, -1.169508933999907 ], [ 37.091449738000165, -1.169050097999957 ], [ 37.091121673000146, -1.168591378999963 ], [ 37.090881348000039, -1.168242692999968 ], [ 37.090274810000153, -1.167618750999964 ], [ 37.089763641000047, -1.167288422999945 ], [ 37.089523315000065, -1.166939853999907 ], [ 37.089191437000125, -1.166572808999888 ], [ 37.08879089300018, -1.166499375999877 ], [ 37.088478089000091, -1.166682838999975 ], [ 37.088218689000087, -1.166829703999952 ], [ 37.08772659300007, -1.167178392999915 ], [ 37.087669373000097, -1.166994808999902 ], [ 37.087650300000064, -1.166517733999967 ], [ 37.087524414000143, -1.166242480999927 ], [ 37.087322235000158, -1.166095613999971 ], [ 37.086696625000116, -1.165691970999944 ], [ 37.086257935000049, -1.165581822999968 ], [ 37.085689545000093, -1.165324925999869 ], [ 37.085670472, -1.164792775999956 ], [ 37.085487366000166, -1.164370775999942 ], [ 37.085044860000153, -1.164132117999941 ], [ 37.084201813000107, -1.163728475999847 ], [ 37.083450318000189, -1.163471578999975 ], [ 37.082843780000076, -1.163398145999963 ], [ 37.082313537000175, -1.16337978699994 ], [ 37.081851958000072, -1.163306355999907 ], [ 37.081615447000161, -1.163104533999899 ], [ 37.081211090000181, -1.163104533999899 ], [ 37.080768585000044, -1.162939428999948 ], [ 37.08029174800015, -1.162462233999975 ], [ 37.079704285000105, -1.162150263999933 ], [ 37.079101562000062, -1.161966800999835 ], [ 37.078624725000168, -1.161636470999952 ], [ 37.078346252000131, -1.161214470999937 ], [ 37.078109740000059, -1.160792350999827 ], [ 37.077724457000102, -1.160260200999915 ], [ 37.077392579000161, -1.159783123999887 ], [ 37.076789856000119, -1.159287572999915 ], [ 37.076164246000019, -1.158883928999842 ], [ 37.074787140000126, -1.158149836999939 ], [ 37.073944092000033, -1.15761768699997 ], [ 37.073612212000114, -1.15712225399983 ], [ 37.073596954000095, -1.156718491999925 ], [ 37.07355880700004, -1.156131266999978 ], [ 37.073375701000145, -1.155562400999884 ], [ 37.073116302000074, -1.155378936999909 ], [ 37.072624206000057, -1.155397295999933 ], [ 37.071979523000095, -1.155470728999944 ], [ 37.071575164000137, -1.155452370999967 ], [ 37.071266175000062, -1.155250428999921 ], [ 37.070640563000154, -1.15514039899989 ], [ 37.070293426000148, -1.155232189999936 ], [ 37.070014953000111, -1.155489086999978 ], [ 37.069648744000062, -1.155801056999849 ], [ 37.069152833000146, -1.155856011999958 ], [ 37.06884384100016, -1.155525803999979 ], [ 37.068622588000096, -1.155177114999901 ], [ 37.068347930000073, -1.155048608999948 ], [ 37.067962647000115, -1.155048608999948 ], [ 37.067741394000166, -1.154644964999932 ], [ 37.067375182000092, -1.154149411999867 ], [ 37.066860198000086, -1.153690695999956 ], [ 37.066493988000161, -1.153690695999956 ], [ 37.066108703000168, -1.153910875999941 ], [ 37.06590652400007, -1.154296278999936 ], [ 37.065757751000092, -1.154956936999895 ], [ 37.065593719000049, -1.155470728999944 ], [ 37.06535720800008, -1.155690908999873 ], [ 37.064895631000184, -1.155709264999871 ], [ 37.064659118000066, -1.155378936999909 ], [ 37.064182282000047, -1.154791711999906 ], [ 37.063705445000096, -1.154167770999891 ], [ 37.06320953400018, -1.153819203999831 ], [ 37.062786102000132, -1.153635620999978 ], [ 37.062400816999968, -1.153819203999831 ], [ 37.061962128000175, -1.154553173999886 ], [ 37.06166839500014, -1.154681561999951 ], [ 37.061061859000063, -1.154828428999906 ], [ 37.060527801000092, -1.155030250999914 ], [ 37.060016632000156, -1.155213831999845 ], [ 37.059299469000052, -1.155305503999955 ], [ 37.058528900000169, -1.155213831999845 ], [ 37.057941437000125, -1.155122041999959 ], [ 37.057319641000049, -1.154938578999975 ], [ 37.056823730000133, -1.15484678699994 ], [ 37.05641937200005, -1.154956936999895 ], [ 37.056072235000045, -1.155213831999845 ], [ 37.05566787600003, -1.155544041999974 ], [ 37.055335998000146, -1.155690908999873 ], [ 37.054897308000079, -1.155764339999905 ], [ 37.054512024000189, -1.155745981999928 ], [ 37.054126738999969, -1.155635833999952 ], [ 37.053813934000118, -1.155287145999978 ], [ 37.053539276000151, -1.15488350399994 ], [ 37.05320739800004, -1.154516458999979 ], [ 37.052860260000102, -1.154241203999902 ], [ 37.052345276000096, -1.153984306999973 ], [ 37.051940919000174, -1.153690695999956 ], [ 37.051757813000108, -1.153195261999883 ], [ 37.051555633000078, -1.152754783999967 ], [ 37.051391600999978, -1.152332781999917 ], [ 37.051170348000085, -1.152057528999819 ], [ 37.050987244, -1.151965736999955 ], [ 37.050765991000105, -1.151947378999921 ], [ 37.05025482200017, -1.152002453999955 ], [ 37.049961091000114, -1.152002453999955 ], [ 37.049667358000079, -1.15178227399997 ], [ 37.049316406000173, -1.151286720999963 ], [ 37.049079895000034, -1.151048183999876 ], [ 37.048728943000128, -1.150956511999937 ], [ 37.048362731000054, -1.150919795999926 ], [ 37.04797744800004, -1.150993108999955 ], [ 37.047592163000047, -1.151066541999967 ], [ 37.04731750500008, -1.150993108999955 ], [ 37.047206879000157, -1.150828003999948 ], [ 37.047096252000131, -1.150442600999952 ], [ 37.046970368000189, -1.150259136999978 ], [ 37.046676635000154, -1.150075673999879 ], [ 37.046363830000132, -1.150148986999909 ], [ 37.04610443100006, -1.149928806999981 ], [ 37.045978547000118, -1.14965355399994 ], [ 37.045536041000105, -1.149286508999978 ], [ 37.045059204000154, -1.149158120999971 ], [ 37.044692994000059, -1.14910304599988 ], [ 37.044269562000181, -1.148864506999928 ], [ 37.043884277000188, -1.148681043999943 ], [ 37.043498993000128, -1.148644328999922 ], [ 37.04315185500019, -1.148607611999921 ], [ 37.042381286000079, -1.148479103999932 ], [ 37.041774750000172, -1.148424028999898 ], [ 37.041427612000064, -1.148497461999966 ], [ 37.040637968999988, -1.148515820999876 ], [ 37.040252686000031, -1.148148775999971 ], [ 37.03977584900008, -1.147726773999977 ], [ 37.039222718000076, -1.147543309999946 ], [ 37.038581848000149, -1.147598266999978 ], [ 37.038105011000027, -1.147800206999818 ], [ 37.037666320000085, -1.147910236999962 ], [ 37.037040711000088, -1.147726773999977 ], [ 37.036361694000107, -1.147323011999958 ], [ 37.035957337000184, -1.147102831999916 ], [ 37.03542709300018, -1.146662473999925 ], [ 37.034435271000177, -1.145910023999932 ], [ 37.033683776000089, -1.145432948999883 ], [ 37.033039093000127, -1.144809006999935 ], [ 37.032543183000087, -1.144240139999965 ], [ 37.031791687000123, -1.14390981199989 ], [ 37.031517029000099, -1.144001603999925 ], [ 37.031333923000091, -1.144387006999921 ], [ 37.031112671000074, -1.144772289999935 ], [ 37.030948638000098, -1.145157695999842 ], [ 37.03083801300005, -1.145451306999973 ], [ 37.030654907000041, -1.145634770999948 ], [ 37.03030777000015, -1.145524739999928 ], [ 37.029937743000175, -1.145267725999872 ], [ 37.029754639000146, -1.144955873999947 ], [ 37.029754639000146, -1.143744706999883 ], [ 37.029773713000111, -1.142808794999894 ], [ 37.030029297000112, -1.142148136999879 ], [ 37.030139923000036, -1.14165270399991 ], [ 37.030250550000062, -1.140992044999962 ], [ 37.03012084900007, -1.140643476999969 ], [ 37.029735566000056, -1.140661834999889 ], [ 37.02955246, -1.140900373999841 ], [ 37.02946090800009, -1.141157268999962 ], [ 37.029388427000015, -1.141597628999875 ], [ 37.029205321000177, -1.142019748999928 ], [ 37.02902221700009, -1.142239928999913 ], [ 37.028873443000066, -1.142313359999946 ], [ 37.028690337000171, -1.14220321199997 ], [ 37.02843475300017, -1.141799568999886 ], [ 37.028102875000059, -1.141193984999973 ], [ 37.027114868000126, -1.13941395199987 ], [ 37.026672362999989, -1.138441323999928 ], [ 37.026416778000112, -1.137817501999848 ], [ 37.026344300000119, -1.137395381999909 ], [ 37.026416778000112, -1.137009978999913 ], [ 37.026470185000164, -1.136202573999981 ], [ 37.026435852000077, -1.135431884999889 ], [ 37.026195525000162, -1.134716153999932 ], [ 37.025756837000131, -1.134073971999896 ], [ 37.025314331000118, -1.133486746999893 ], [ 37.024856567000029, -1.132881164999958 ], [ 37.023921966000103, -1.131981967999934 ], [ 37.023185729000033, -1.131302951999942 ], [ 37.022453307000148, -1.130936026999962 ], [ 37.021644592000143, -1.130660771999942 ], [ 37.021114349000015, -1.130624054999828 ], [ 37.020526887000131, -1.130697487999953 ], [ 37.020103455000083, -1.130752442999949 ], [ 37.019626617000029, -1.130880951999927 ], [ 37.018066407000106, -1.131578326999829 ], [ 37.017387390000124, -1.131798504999836 ], [ 37.016872406000175, -1.131725073999974 ], [ 37.016342163000047, -1.131559967999976 ], [ 37.015663147, -1.13139474299993 ], [ 37.015148163000049, -1.131339667999953 ], [ 37.014396667000028, -1.131431459999931 ], [ 37.013809205000086, -1.13170671499995 ], [ 37.013404846000128, -1.131981967999934 ], [ 37.012855530000138, -1.132440684999949 ], [ 37.012321472, -1.132826089999924 ], [ 37.011882782000157, -1.133064626999953 ], [ 37.011459350000109, -1.133064626999953 ], [ 37.010963439000193, -1.133027909999953 ], [ 37.010284424000076, -1.133009551999919 ], [ 37.009826659999987, -1.133119701999817 ], [ 37.009513856000069, -1.133248209999977 ], [ 37.009109497000111, -1.133376598999916 ], [ 37.008800507000103, -1.133523462999904 ], [ 37.008506774000068, -1.133505104999927 ], [ 37.008010865000131, -1.133211492999862 ], [ 37.007659912000122, -1.132991312999934 ], [ 37.006763457000147, -1.132422446999954 ], [ 37.005680084000119, -1.132037042999855 ], [ 37.00461578400018, -1.131743429999972 ], [ 37.003879547000111, -1.131559967999976 ], [ 37.002983093000182, -1.131468176999931 ], [ 37.001167297000052, -1.131541609999886 ], [ 36.99988937500018, -1.131859421999877 ], [ 36.999275208000086, -1.131859421999877 ], [ 36.999046325000052, -1.131777881999881 ], [ 36.99878692600015, -1.131601212999954 ], [ 36.998649597000053, -1.131424546999881 ], [ 36.998569488000101, -1.131193398999926 ], [ 36.99846267800018, -1.130921600999955 ], [ 36.998325349000083, -1.130527377999897 ], [ 36.998203278000176, -1.129956602999926 ], [ 36.998065949000079, -1.129548786999919 ], [ 36.997959137000123, -1.129263400999946 ], [ 36.997753143000182, -1.128950713999927 ], [ 36.997497558000077, -1.128570198999967 ], [ 36.996788025000058, -1.127740978999952 ], [ 36.996723174000124, -1.127550720999977 ], [ 36.996692658000086, -1.126789569999971 ], [ 36.996612549000133, -1.126490473999922 ], [ 36.996475220000036, -1.126055597999937 ], [ 36.996326446000126, -1.125742910999975 ], [ 36.996177673000034, -1.125308035999979 ], [ 36.996040344000107, -1.12487304299998 ], [ 36.995906831000184, -1.124193430999867 ], [ 36.995754241000157, -1.123784898999816 ], [ 36.995754241000157, -1.123273492999942 ], [ 36.995712279000031, -1.122838974999979 ] ] ] ] } },
{ "type": "Feature", "properties": { "GID_3": "KEN.13.4.4_1", "GID_0": "KEN", "COUNTRY": "Kenya", "GID_1": "KEN.13_1", "NAME_1": "Kiambu", "NL_NAME_1": "NA", "GID_2": "KEN.13.4_1", "NAME_2": "Juja", "NL_NAME_2": "NA", "NAME_3": "Theta", "VARNAME_3": "NA", "NL_NAME_3": "NA", "TYPE_3": "Ward", "ENGTYPE_3": "Ward", "CC_3": "560", "HASC_3": "NA" }, "geometry": { "type": "MultiPolygon", "coordinates": [ [ [ [ 36.896854402000031, -1.056159495999964 ], [ 36.900112152000077, -1.053750991999834 ], [ 36.902217865000125, -1.052426099999877 ], [ 36.906372070000032, -1.049530624999875 ], [ 36.906730652000078, -1.04932582299989 ], [ 36.90693664600002, -1.049461840999868 ], [ 36.907062530000132, -1.049524186999975 ], [ 36.907218933000024, -1.049637436999831 ], [ 36.907478332000096, -1.049830198999871 ], [ 36.907718658000078, -1.050000190999924 ], [ 36.908020020000151, -1.050175784999965 ], [ 36.908218384000065, -1.050289152999937 ], [ 36.908405303000166, -1.050379871999951 ], [ 36.908580781000126, -1.050464867999892 ], [ 36.908805847000053, -1.050544141999978 ], [ 36.908992768000189, -1.050646184999891 ], [ 36.909145355000078, -1.050793528999918 ], [ 36.909332276000043, -1.050810456999898 ], [ 36.90946197500017, -1.050793528999918 ], [ 36.909690856, -1.050765156999944 ], [ 36.909835815, -1.050697206999928 ], [ 36.910110473000032, -1.050634860999935 ], [ 36.910404204000088, -1.050668835999886 ], [ 36.910495758000025, -1.050748108999869 ], [ 36.910629272000051, -1.050878524999916 ], [ 36.910686493000071, -1.050991892999889 ], [ 36.910766601000148, -1.051088212999957 ], [ 36.910884857000156, -1.051167488999965 ], [ 36.910999296999989, -1.051224231999925 ], [ 36.911357879000036, -1.051190137999868 ], [ 36.911502838000047, -1.051127791999932 ], [ 36.911674499000128, -1.051031469999884 ], [ 36.912204743000075, -1.051008820999868 ], [ 36.912403108000092, -1.05091822199995 ], [ 36.912548065000067, -1.050759554999956 ], [ 36.912666320000028, -1.050589441999819 ], [ 36.91276168700017, -1.050453542999946 ], [ 36.913639068, -1.050413845999856 ], [ 36.913764954000158, -1.050515770999937 ], [ 36.913894653000114, -1.050646184999891 ], [ 36.914081574000022, -1.050657509999951 ], [ 36.91418838400017, -1.050725460999956 ], [ 36.914375305000078, -1.050889848999873 ], [ 36.914466857000036, -1.051071166999975 ], [ 36.914512634000175, -1.05127513399998 ], [ 36.914546965999989, -1.05147349799995 ], [ 36.914615631000117, -1.05182289999982 ], [ 36.914855957999976, -1.052111267999976 ], [ 36.915355681000051, -1.05258226299992 ], [ 36.915672301000143, -1.052793739999856 ], [ 36.915969848000145, -1.052918790999968 ], [ 36.91645050000011, -1.05299568199996 ], [ 36.916950226000097, -1.053159116999893 ], [ 36.917087555000137, -1.053216694999946 ], [ 36.917125702000192, -1.05332255299993 ], [ 36.917182922000165, -1.053687809999929 ], [ 36.917240142000082, -1.05400502699996 ], [ 36.917259216000048, -1.054456829999879 ], [ 36.917392731000177, -1.055533408999963 ], [ 36.91749954200003, -1.055744885999957 ], [ 36.917690278, -1.056014060999928 ], [ 36.918075561000194, -1.056340933999877 ], [ 36.91835403400006, -1.056475519999935 ], [ 36.918613434, -1.056571601999963 ], [ 36.91887283300008, -1.056638954999869 ], [ 36.919189453000172, -1.056686996999929 ], [ 36.919372559000067, -1.056677341999944 ], [ 36.91953659, -1.056667803999858 ], [ 36.919689179000102, -1.056735037999886 ], [ 36.919872283000188, -1.056840776999934 ], [ 36.920112609000171, -1.056917667999926 ], [ 36.920333862000064, -1.057013867999956 ], [ 36.920497895000096, -1.057186840999975 ], [ 36.920700074000024, -1.057398318999901 ], [ 36.920940400000177, -1.057513713999924 ], [ 36.921066284000119, -1.057677148999971 ], [ 36.92119217000004, -1.057773232999921 ], [ 36.92133331399998, -1.057898281999883 ], [ 36.921527863000051, -1.058023214999935 ], [ 36.921768189000034, -1.058128952999937 ], [ 36.92197799700017, -1.058196185999918 ], [ 36.922256469999979, -1.058205843999929 ], [ 36.92262268200011, -1.058205843999929 ], [ 36.922874451000041, -1.058186649999925 ], [ 36.923450470000034, -1.058162926999842 ], [ 36.92387390100015, -1.058172224999964 ], [ 36.924091338000096, -1.058284759999879 ], [ 36.924194336000141, -1.058322308999948 ], [ 36.924362183000085, -1.058350442999881 ], [ 36.924716950000175, -1.058397292999871 ], [ 36.925056458000029, -1.058481693999909 ], [ 36.925197601999969, -1.058547376999854 ], [ 36.925365448000036, -1.058744310999884 ], [ 36.925544739000031, -1.058978794999916 ], [ 36.925666809000177, -1.059128879999889 ], [ 36.92593765200013, -1.05921328099987 ], [ 36.926116943000125, -1.059147595999946 ], [ 36.926342011000088, -1.059091329999831 ], [ 36.92665863100018, -1.059100745999899 ], [ 36.926856995000094, -1.059006928999963 ], [ 36.92701721300017, -1.058838127999934 ], [ 36.927108765000128, -1.058631777999892 ], [ 36.927249909000068, -1.058472393999864 ], [ 36.927417754000032, -1.058416127999919 ], [ 36.927608490000182, -1.058434843999976 ], [ 36.927879333000078, -1.058491109999977 ], [ 36.92803955100004, -1.058547376999854 ], [ 36.928310393000061, -1.058528660999968 ], [ 36.928432464000139, -1.058369158999938 ], [ 36.92852783100011, -1.058134674999962 ], [ 36.928554534999989, -1.057881473999885 ], [ 36.928508758000021, -1.057675123999957 ], [ 36.928375244, -1.057600139999977 ], [ 36.928253173000144, -1.057534454999882 ], [ 36.928142548000096, -1.057497024999975 ], [ 36.927989961000037, -1.05729997099985 ], [ 36.92800903400007, -1.056971787999942 ], [ 36.928028107000159, -1.056681036999976 ], [ 36.928020477000075, -1.05604326699995 ], [ 36.92800903400007, -1.055733799999928 ], [ 36.927944184000069, -1.055574297999954 ], [ 36.92783355600011, -1.055302379999944 ], [ 36.927982330000191, -1.055124163999949 ], [ 36.928207398000154, -1.055124163999949 ], [ 36.928337097000167, -1.055161713999951 ], [ 36.928421021000133, -1.055227278999951 ], [ 36.928752899000074, -1.055405496999924 ], [ 36.928836823000097, -1.055330513999877 ], [ 36.928977967000037, -1.055171011999903 ], [ 36.929134369000053, -1.055096029999902 ], [ 36.929370880000135, -1.055086612999958 ], [ 36.929500579000148, -1.055002210999874 ], [ 36.929706574000193, -1.054842828999938 ], [ 36.929962158000023, -1.054664612999943 ], [ 36.930103302000191, -1.05446767799998 ], [ 36.930240631000061, -1.05430817599995 ], [ 36.930484772000113, -1.054195642999957 ], [ 36.930778504000102, -1.054054973999939 ], [ 36.931076050000172, -1.053942441999936 ], [ 36.931350708000025, -1.053867457999957 ], [ 36.931537627000125, -1.053858041999888 ], [ 36.931816100000162, -1.053829908999944 ], [ 36.931995391000157, -1.053829908999944 ], [ 36.932296753, -1.053820490999897 ], [ 36.93276596000004, -1.053829908999944 ], [ 36.933120728000063, -1.053764222999973 ], [ 36.933242797000162, -1.053567288999886 ], [ 36.933410644999981, -1.053464173999885 ], [ 36.933673859000123, -1.05344533799996 ], [ 36.933982849000074, -1.05339848899996 ], [ 36.934368134000067, -1.053248405999909 ], [ 36.934638977000191, -1.053295253999977 ], [ 36.934940339000093, -1.053342222999959 ], [ 36.935222625000165, -1.053370356999949 ], [ 36.935512543000186, -1.05344533799996 ], [ 36.935756682000033, -1.053548572999944 ], [ 36.936000824000189, -1.053623556999923 ], [ 36.936302185000159, -1.053736089999916 ], [ 36.936592101000144, -1.053839325999945 ], [ 36.936779023000156, -1.053811192999945 ], [ 36.93697738700007, -1.053679823999971 ], [ 36.937473298000157, -1.053670405999981 ], [ 36.937793731999989, -1.053707957999904 ], [ 36.93796920800014, -1.053923725999937 ], [ 36.938121796000132, -1.05406439199993 ], [ 36.938243866000107, -1.054186342999969 ], [ 36.938430785000037, -1.054373858999952 ], [ 36.938541413000166, -1.054476975999933 ], [ 36.938739777000023, -1.054636478999896 ], [ 36.938945769000043, -1.054655194999953 ], [ 36.939132690000122, -1.054711459999965 ], [ 36.93942260700004, -1.054908393999938 ], [ 36.93958282400007, -1.055114745999958 ], [ 36.939769744999978, -1.055358647999981 ], [ 36.940013886000031, -1.055508731999964 ], [ 36.940219879000097, -1.055583715999944 ], [ 36.940578461000143, -1.055583715999944 ], [ 36.940963746000136, -1.055536865999898 ], [ 36.941280366, -1.055480598999964 ], [ 36.941570282000043, -1.055377363999924 ], [ 36.941864013000099, -1.055274248999922 ], [ 36.942142486000137, -1.055142879999892 ], [ 36.942451476000087, -1.054908393999938 ], [ 36.942676544000051, -1.05485212699989 ], [ 36.942893982000101, -1.055058478999911 ], [ 36.943008422000162, -1.055227278999951 ], [ 36.943080903000066, -1.055443048999962 ], [ 36.943073273000152, -1.056108950999885 ], [ 36.943016052000075, -1.056268332999935 ], [ 36.942920685000104, -1.056455968999899 ], [ 36.942783356, -1.056643485999871 ], [ 36.942707063, -1.056793569999968 ], [ 36.942661286000032, -1.057065604999821 ], [ 36.942661286000032, -1.057224987999859 ], [ 36.94275283800016, -1.057468891999974 ], [ 36.94291305500019, -1.057703254999979 ], [ 36.943080903000066, -1.05782520799994 ], [ 36.943214417000092, -1.058031557999868 ], [ 36.943363189000138, -1.058294177999926 ], [ 36.943439484000123, -1.058453559999975 ], [ 36.943473816000164, -1.058697461999941 ], [ 36.943473816000164, -1.058960078999974 ], [ 36.943504333000078, -1.05913829799988 ], [ 36.943626404000156, -1.05920386299988 ], [ 36.943832398000154, -1.059278963999873 ], [ 36.944076537000171, -1.0593446499999 ], [ 36.944225311000082, -1.05950403199995 ], [ 36.944347382000103, -1.059766649999915 ], [ 36.944377899000074, -1.059935449999955 ], [ 36.944385529000158, -1.059970378999822 ], [ 36.944412231000058, -1.06019806899991 ], [ 36.944507600000065, -1.060498118999874 ], [ 36.944610595000142, -1.060779571999888 ], [ 36.944778442000086, -1.060873268999899 ], [ 36.944984437000187, -1.060957789999975 ], [ 36.945201875, -1.061070322999967 ], [ 36.945434571000078, -1.061192153999912 ], [ 36.94575500600007, -1.061276554999893 ], [ 36.94594192500017, -1.061323522999942 ], [ 36.946147919000168, -1.061445474999914 ], [ 36.946269990000019, -1.06158614199984 ], [ 36.94652557400002, -1.061754941999936 ], [ 36.946693420000088, -1.061848758999872 ], [ 36.94690704400017, -1.061961291999978 ], [ 36.947208404000037, -1.062054991999901 ], [ 36.947490692000144, -1.062186359999941 ], [ 36.947715760000108, -1.062158226999941 ], [ 36.947967529000096, -1.062186359999941 ], [ 36.948165894000056, -1.062280176999877 ], [ 36.948513030000186, -1.062458275999973 ], [ 36.948745728000063, -1.062627195999823 ], [ 36.948841095000034, -1.06279599599992 ], [ 36.948867799000141, -1.06297421499994 ], [ 36.94898986700008, -1.063236711999878 ], [ 36.949104310000052, -1.063414930999897 ], [ 36.949234009000065, -1.063583730999937 ], [ 36.94935607900004, -1.063733814999978 ], [ 36.949523925000051, -1.06393074999994 ], [ 36.949703216000046, -1.064118385999905 ], [ 36.949871064000092, -1.064249633999964 ], [ 36.950057983000193, -1.064362166999842 ], [ 36.950199127000133, -1.064484117999882 ], [ 36.950332642000092, -1.06467175399996 ], [ 36.950500488000102, -1.064821718999951 ], [ 36.950771331000055, -1.065131305999955 ], [ 36.950988769000105, -1.065440772999978 ], [ 36.951156616000048, -1.065684676999922 ], [ 36.951305389000026, -1.065919039999869 ], [ 36.951484679000089, -1.066106676999937 ], [ 36.951824188000046, -1.066341161999958 ], [ 36.952037810000149, -1.066566227999942 ], [ 36.95232009800003, -1.066781877999858 ], [ 36.952533721000066, -1.066931962999945 ], [ 36.952957153000114, -1.067175863999921 ], [ 36.953296662000184, -1.067288398999949 ], [ 36.953567504000034, -1.06731653099996 ], [ 36.953903198000091, -1.067307114999949 ], [ 36.954364777000194, -1.067232131999958 ], [ 36.954681396000183, -1.06721329599992 ], [ 36.954814910000039, -1.067307114999949 ], [ 36.954925538000168, -1.067466614999944 ], [ 36.955150604000096, -1.067513464999877 ], [ 36.955375671000184, -1.067522882999867 ], [ 36.955657960000167, -1.067457199999865 ], [ 36.955959319000158, -1.067363380999893 ], [ 36.956211091, -1.067157030999965 ], [ 36.956550599000025, -1.067082046999928 ], [ 36.956802368000183, -1.067147732999842 ], [ 36.956726075000176, -1.067419647999941 ], [ 36.956661224000072, -1.067682264999917 ], [ 36.956615447000104, -1.067822931999842 ], [ 36.956550599000025, -1.068094968999958 ], [ 36.956596374000185, -1.068507670999907 ], [ 36.956672668000124, -1.068620203999899 ], [ 36.95677566500018, -1.068760870999881 ], [ 36.956821442000148, -1.068873405999966 ], [ 36.956886292000036, -1.069070337999847 ], [ 36.956905366000171, -1.069267271999877 ], [ 36.956962586000145, -1.069426774999954 ], [ 36.957027436000146, -1.069558022999956 ], [ 36.957130431000053, -1.069773792999968 ], [ 36.957244874000025, -1.069998860999931 ], [ 36.957401275999985, -1.070242642999915 ], [ 36.957611084000121, -1.070533393999938 ], [ 36.957817078000119, -1.070917963999932 ], [ 36.957889557000158, -1.071077346999971 ], [ 36.958042144000103, -1.071339963999947 ], [ 36.958236693000117, -1.0715744499999 ], [ 36.958396911000023, -1.071686982999893 ], [ 36.958660126000041, -1.071930884999915 ], [ 36.958770753000067, -1.072080968999899 ], [ 36.959205628000063, -1.072315334999928 ], [ 36.959373474000131, -1.072409151999977 ], [ 36.959625243000062, -1.072446703999958 ], [ 36.959880828000166, -1.072587369999951 ], [ 36.960113526000043, -1.072709320999934 ], [ 36.960338592000028, -1.072859405999907 ], [ 36.961341858000083, -1.072953104999954 ], [ 36.961463929000161, -1.073009371999888 ], [ 36.961643220000155, -1.073093770999947 ], [ 36.96186828600014, -1.073197005999873 ], [ 36.962062835000154, -1.073318956999913 ], [ 36.962234498000043, -1.073431491999884 ], [ 36.962402343000178, -1.073553322999942 ], [ 36.962615966000158, -1.073712824999916 ], [ 36.962833404000037, -1.073994158999938 ], [ 36.962982178000118, -1.074238061999949 ], [ 36.963104249000139, -1.07431304399995 ], [ 36.963302613000053, -1.074519395999971 ], [ 36.963500977000137, -1.074716329999887 ], [ 36.96374130300012, -1.074950813999919 ], [ 36.963977814000032, -1.075185298999884 ], [ 36.964176179000049, -1.075438498999972 ], [ 36.964401244999976, -1.075663566999935 ], [ 36.964466095000034, -1.075766801999976 ], [ 36.964557647000163, -1.075991868999836 ], [ 36.964672089000032, -1.076104401999885 ], [ 36.964866639000149, -1.076235650999934 ], [ 36.965103150000061, -1.076348185999905 ], [ 36.965328216000046, -1.076404451999963 ], [ 36.965534210000044, -1.076404451999963 ], [ 36.965797425000062, -1.076423286999898 ], [ 36.966030121000131, -1.076460838999935 ], [ 36.966304779000097, -1.076517103999947 ], [ 36.966632844000173, -1.076620220999871 ], [ 36.966827393000187, -1.076695202999929 ], [ 36.967025757000101, -1.076770305999958 ], [ 36.967437744000165, -1.076873420999959 ], [ 36.967720032000045, -1.076985953999952 ], [ 36.967910766000045, -1.077040075999946 ], [ 36.967952728000114, -1.077051638999933 ], [ 36.968227386000137, -1.07709848899998 ], [ 36.968601226000146, -1.077136038999924 ], [ 36.968833922000044, -1.077182887999868 ], [ 36.969043732000159, -1.077267406999965 ], [ 36.969200134000118, -1.077417373999936 ], [ 36.969398499000135, -1.077642559999902 ], [ 36.969474792000142, -1.077764392999939 ], [ 36.969539643000076, -1.077961324999876 ], [ 36.96966171300005, -1.078130244999841 ], [ 36.969802857000161, -1.078270911999937 ], [ 36.969932556000174, -1.078458427999976 ], [ 36.970149994000053, -1.078599094999902 ], [ 36.970375062000187, -1.078730462999943 ], [ 36.970478057000093, -1.078852413999925 ], [ 36.970600128000171, -1.078917978999925 ], [ 36.970775603, -1.079030513999896 ], [ 36.970954894000045, -1.079152464999936 ], [ 36.971076965000066, -1.079227565999929 ], [ 36.97134781, -1.079321265999965 ], [ 36.971508025000048, -1.079377530999921 ], [ 36.97185516400009, -1.079461931999958 ], [ 36.972126007000043, -1.079574464999951 ], [ 36.972335816000054, -1.079668283999979 ], [ 36.972938537000118, -1.079829096999958 ], [ 36.97320938200005, -1.079937099999938 ], [ 36.973419190000186, -1.080039143999954 ], [ 36.973659516000168, -1.080207226999903 ], [ 36.973789215000124, -1.080387234999876 ], [ 36.973880768000186, -1.080675363999944 ], [ 36.973964690000173, -1.080885528999886 ], [ 36.974067688000162, -1.081051228999854 ], [ 36.974151611000082, -1.081214546999945 ], [ 36.974376679000102, -1.081336974999942 ], [ 36.974670411000034, -1.081469653999932 ], [ 36.974998474000074, -1.081561565999891 ], [ 36.975509643, -1.081714629999851 ], [ 36.976047515000118, -1.081877945999963 ], [ 36.976387024000076, -1.082000493999942 ], [ 36.976558684000054, -1.08202087899997 ], [ 36.976833344000056, -1.081918834999954 ], [ 36.97693634, -1.081806539999889 ], [ 36.977203369, -1.0817248809999 ], [ 36.977397919000111, -1.081745266999974 ], [ 36.977611541000044, -1.081816792999973 ], [ 36.977703095000152, -1.082000493999942 ], [ 36.977703095000152, -1.082214830999931 ], [ 36.977703095000152, -1.082388281999897 ], [ 36.977703095000152, -1.082643508999979 ], [ 36.977783204000104, -1.082990526999879 ], [ 36.977886199000181, -1.083419202999949 ], [ 36.977886199000181, -1.084297060999916 ], [ 36.977916718000131, -1.084491014999969 ], [ 36.978069305000076, -1.084807394999928 ], [ 36.978172302000132, -1.08505237199995 ], [ 36.978282928000056, -1.0853381149999 ], [ 36.978416444000118, -1.085613727999942 ], [ 36.978549957000041, -1.085950613999955 ], [ 36.97884368900003, -1.086705921999908 ], [ 36.978977203000056, -1.087083576999817 ], [ 36.979152678000105, -1.087440848999961 ], [ 36.979293823000148, -1.087675571999966 ], [ 36.979713440000126, -1.088338970999928 ], [ 36.980018616000166, -1.088839173999929 ], [ 36.980293274000132, -1.089369893999958 ], [ 36.980510712000182, -1.089665889999935 ], [ 36.980815888000052, -1.090237496999976 ], [ 36.980949402000078, -1.09047222099997 ], [ 36.981151582000109, -1.090829491999955 ], [ 36.981388093000021, -1.091268419999949 ], [ 36.981559753000056, -1.091717481999979 ], [ 36.981662751000044, -1.092064617999938 ], [ 36.98178482100019, -1.092472791999853 ], [ 36.981899262000127, -1.092707632999918 ], [ 36.981998444000169, -1.092891333999944 ], [ 36.982151031000114, -1.093146562999891 ], [ 36.982612610000047, -1.09375893999993 ], [ 36.982765198000038, -1.093952893999926 ], [ 36.982906342000149, -1.094187616999875 ], [ 36.983009339000091, -1.094555019999916 ], [ 36.983215331000054, -1.095310329999961 ], [ 36.98338699400017, -1.096116779999932 ], [ 36.983470916000158, -1.096514820999971 ], [ 36.983623505000082, -1.096912859999975 ], [ 36.983879090000187, -1.097678422999877 ], [ 36.984001160000162, -1.098035692999872 ], [ 36.98409271200012, -1.098178506999943 ], [ 36.984214783000141, -1.098392843999932 ], [ 36.984317780000083, -1.098576664999939 ], [ 36.984500884000113, -1.098862408999878 ], [ 36.984825134000118, -1.099393128999907 ], [ 36.984939575000112, -1.099627971999894 ], [ 36.984989167000094, -1.099842309999872 ], [ 36.985061645000087, -1.100444554999967 ], [ 36.985080719000052, -1.100679278999849 ], [ 36.985195159000114, -1.10092425299996 ], [ 36.985347748000038, -1.101281522999955 ], [ 36.985378265000122, -1.101465225999959 ], [ 36.985427857000161, -1.101822494999851 ], [ 36.985366822000174, -1.102026581999951 ], [ 36.985336303000054, -1.102251172999956 ], [ 36.985244751000096, -1.102659463999885 ], [ 36.98514175400004, -1.104139445999976 ], [ 36.985202789000027, -1.104353785999933 ], [ 36.985317230000135, -1.104578375999949 ], [ 36.98564147999997, -1.105139732999874 ], [ 36.986072540000123, -1.105670452999902 ], [ 36.98619461100003, -1.105823634999979 ], [ 36.986389160000044, -1.105976699999928 ], [ 36.986675263000166, -1.106078743999944 ], [ 36.986980438000103, -1.106109380999897 ], [ 36.987163544000168, -1.106140016999859 ], [ 36.987358093000182, -1.10626244599996 ], [ 36.987491607000038, -1.10638499199996 ], [ 36.988193512000123, -1.107283233999965 ], [ 36.988460541999984, -1.107640384999911 ], [ 36.988735200000178, -1.107946633999859 ], [ 36.98931884700005, -1.108814239999958 ], [ 36.98949051000011, -1.109130619999917 ], [ 36.989643097000055, -1.10946750599993 ], [ 36.989849090000121, -1.109885930999894 ], [ 36.990093231000174, -1.110192179999956 ], [ 36.990123750000123, -1.110345243999973 ], [ 36.990238190000184, -1.110528945999931 ], [ 36.990543365000121, -1.110855578999917 ], [ 36.990776063000169, -1.111090421999904 ], [ 36.991085052000074, -1.11142718799988 ], [ 36.991783142000088, -1.112071274999892 ], [ 36.992401124000082, -1.11255252299992 ], [ 36.992847442000084, -1.112896323999962 ], [ 36.993270875000178, -1.113343119999968 ], [ 36.993515014000081, -1.113652586999876 ], [ 36.993595123000034, -1.113984822999953 ], [ 36.993709565000074, -1.114328622999949 ], [ 36.993789674000027, -1.114592075999894 ], [ 36.993869781000171, -1.114889979999873 ], [ 36.993881226000155, -1.115199446999895 ], [ 36.993984223000041, -1.11594414699988 ], [ 36.994007112000077, -1.116402505999872 ], [ 36.994007112000077, -1.117204545999869 ], [ 36.994155884000122, -1.118843077999941 ], [ 36.994327544000157, -1.120000361999928 ], [ 36.994384765000177, -1.120195150999962 ], [ 36.994487762000063, -1.12043583499991 ], [ 36.994670868000128, -1.120756624999899 ], [ 36.994750977000081, -1.120985865999955 ], [ 36.994796754000049, -1.121146202999967 ], [ 36.994781493000119, -1.121342181999921 ], [ 36.994201661000091, -1.121201157999906 ], [ 36.993865967000033, -1.121112941999968 ], [ 36.993423462000123, -1.120883582999909 ], [ 36.993099212000118, -1.120698451999942 ], [ 36.992736817000036, -1.120460390999881 ], [ 36.99216461300017, -1.120045898999876 ], [ 36.991733550000106, -1.119746089999865 ], [ 36.991336822000108, -1.119516728999884 ], [ 36.990913392000095, -1.119261026999936 ], [ 36.990276337000068, -1.118846534999932 ], [ 36.990020752000135, -1.118687867999881 ], [ 36.989604950000171, -1.118396878999874 ], [ 36.989173890000075, -1.118123411999875 ], [ 36.988891602000137, -1.117964743999892 ], [ 36.988521575000163, -1.117770671999949 ], [ 36.98792266900017, -1.117409109999926 ], [ 36.987594604000094, -1.117232799999897 ], [ 36.987197875000049, -1.117082834999962 ], [ 36.986759184999983, -1.116932987999974 ], [ 36.986396790000128, -1.116853593999963 ], [ 36.986068725000052, -1.116738913999825 ], [ 36.985542298000155, -1.116483211999878 ], [ 36.985301971000069, -1.11624515099993 ], [ 36.985004425000113, -1.115989326999966 ], [ 36.984519959000181, -1.115477919999933 ], [ 36.983955383000193, -1.11488711699991 ], [ 36.983081817000027, -1.11417281599995 ], [ 36.982410431000062, -1.113599538999949 ], [ 36.981925963000151, -1.112999915999978 ], [ 36.981105805000141, -1.112373828999978 ], [ 36.980522155000187, -1.1120651949999 ], [ 36.979652404000035, -1.111597775999883 ], [ 36.978820800000165, -1.111236213999973 ], [ 36.977973938000105, -1.110909937999907 ], [ 36.977436065000063, -1.110804080999912 ], [ 36.976627350000058, -1.110680699999932 ], [ 36.976089477000016, -1.110892294999928 ], [ 36.975666047000175, -1.110989331999974 ], [ 36.975391387000172, -1.111112712999898 ], [ 36.974948884000071, -1.111297963999959 ], [ 36.974563597999975, -1.111553668999875 ], [ 36.973979951000103, -1.111976980999884 ], [ 36.973785399000178, -1.112223862999883 ], [ 36.973026276000155, -1.112726568999847 ], [ 36.972789765000073, -1.112814664999917 ], [ 36.972419738000099, -1.112841128999889 ], [ 36.971721650000063, -1.112717747999909 ], [ 36.971385957000052, -1.112461923999888 ], [ 36.971210479000092, -1.112135647999878 ], [ 36.97108841000005, -1.111879943999952 ], [ 36.970798492000029, -1.11160659799998 ], [ 36.970294953000064, -1.1112450359999 ], [ 36.969825744000048, -1.111033438999925 ], [ 36.969448089000139, -1.110918758999901 ], [ 36.968997955000191, -1.110812901999964 ], [ 36.968654634000131, -1.110830544999885 ], [ 36.968364715, -1.110874651999893 ], [ 36.967800141000055, -1.110865830999899 ], [ 36.967323304000104, -1.110945224999966 ], [ 36.966510773000095, -1.110918758999901 ], [ 36.966220855000074, -1.110680699999932 ], [ 36.96602630600006, -1.110416054999973 ], [ 36.965858460000049, -1.110169170999882 ], [ 36.965682984000068, -1.109781145999932 ], [ 36.9656372070001, -1.109375476999958 ], [ 36.9656372070001, -1.109031557999913 ], [ 36.965621949000081, -1.108837603999859 ], [ 36.965549468000063, -1.108678816999941 ], [ 36.965328216000046, -1.108440756999869 ], [ 36.965152740000121, -1.108326076999901 ], [ 36.96467590300017, -1.107867597999871 ], [ 36.964534760000106, -1.107682346999923 ], [ 36.96429061900011, -1.107364891999964 ], [ 36.964122772000167, -1.107091546999868 ], [ 36.963909149000131, -1.106862185999944 ], [ 36.963680268000132, -1.106544733999954 ], [ 36.963493347, -1.106236099999876 ], [ 36.963302613000053, -1.105936287999953 ], [ 36.963161469000113, -1.105636476999848 ], [ 36.962993621000066, -1.105336664999925 ], [ 36.962841034000121, -1.105089662999887 ], [ 36.962650300000178, -1.104807494999932 ], [ 36.962543487000119, -1.104437112999904 ], [ 36.96236801200007, -1.104128479999929 ], [ 36.962188721000075, -1.103899239999976 ], [ 36.962039947000051, -1.103713988999857 ], [ 36.961864471000069, -1.10344946399988 ], [ 36.961669922000056, -1.103193758999964 ], [ 36.961441041000057, -1.102964520999933 ], [ 36.960689545000037, -1.102082609999968 ], [ 36.960521698000093, -1.10190629899995 ], [ 36.960319518000063, -1.101668119999943 ], [ 36.960170746000188, -1.101465343999962 ], [ 36.960002899000074, -1.101262448999876 ], [ 36.959968567000033, -1.101121424999917 ], [ 36.959854126000096, -1.100900888999888 ], [ 36.959739686000034, -1.100654004999967 ], [ 36.959659577000082, -1.100477694999938 ], [ 36.95958709700011, -1.100301265999917 ], [ 36.959510803, -1.100054381999939 ], [ 36.959430694000048, -1.099895596999943 ], [ 36.959262849000083, -1.099648712999908 ], [ 36.959102631000178, -1.099498748999963 ], [ 36.958812713000157, -1.099128365999945 ], [ 36.958511353000119, -1.098819731999924 ], [ 36.958389283000145, -1.098528742999974 ], [ 36.95832061700014, -1.098352431999956 ], [ 36.958179472999973, -1.098105430999965 ], [ 36.958000181999978, -1.097964406999949 ], [ 36.957763671000066, -1.097840905999931 ], [ 36.957489013000043, -1.097717522999915 ], [ 36.95722580000006, -1.097523450999859 ], [ 36.956943512000123, -1.097285389999968 ], [ 36.956695556000057, -1.097020864999934 ], [ 36.956413270000155, -1.096756219999975 ], [ 36.956096650000063, -1.096438764999903 ], [ 36.955867767000029, -1.096112489999825 ], [ 36.955726623000089, -1.095883248999939 ], [ 36.955600739000147, -1.095548152999925 ], [ 36.955585479000149, -1.09509837499985 ], [ 36.955505369999969, -1.094754456999965 ], [ 36.955398560000049, -1.094489931999931 ], [ 36.955230712000173, -1.094295859999875 ], [ 36.95502090500014, -1.094084262999957 ], [ 36.954765320000035, -1.093828557999927 ], [ 36.954570771000192, -1.093687413999874 ], [ 36.954269410000052, -1.093537448999939 ], [ 36.953884124000126, -1.093414067999845 ], [ 36.953529358000083, -1.093325851999907 ], [ 36.953063966000116, -1.093175887999962 ], [ 36.952648164000038, -1.093096613999933 ], [ 36.952331544000117, -1.092973112999971 ], [ 36.952243805000023, -1.092787981999891 ], [ 36.952156066000157, -1.092646836999961 ], [ 36.952064514000028, -1.092064857999958 ], [ 36.951862335000101, -1.091853140999831 ], [ 36.951644897000051, -1.091597437999894 ], [ 36.951385497000103, -1.091377019999868 ], [ 36.951015472000108, -1.091068385999904 ], [ 36.950824738000108, -1.090918421999959 ], [ 36.950523377000138, -1.090724349999959 ], [ 36.950275420000139, -1.090539215999911 ], [ 36.950004577000016, -1.090309977999937 ], [ 36.949684142000081, -1.090142369999967 ], [ 36.949375153000176, -1.089983700999937 ], [ 36.949119568000071, -1.089824914999951 ], [ 36.948951721000128, -1.089674948999971 ], [ 36.948760987000185, -1.089489816999958 ], [ 36.948688508000146, -1.089364050999961 ], [ 36.948574065000173, -1.089163541999937 ], [ 36.948520660000099, -1.088863729999844 ], [ 36.948326111000085, -1.088387487999967 ], [ 36.948131562000071, -1.088061212999946 ], [ 36.947711945000037, -1.087558626999964 ], [ 36.947082520000095, -1.086791395999967 ], [ 36.946212769000169, -1.085971234999874 ], [ 36.945434571000078, -1.085353970999961 ], [ 36.944835663000106, -1.085071802999892 ], [ 36.943733216000112, -1.085098265999932 ], [ 36.942718506000176, -1.085142253999948 ], [ 36.941608429000098, -1.084983585999964 ], [ 36.941379548000043, -1.08472788399996 ], [ 36.941219330000138, -1.084551452999904 ], [ 36.94115829500015, -1.084313391999956 ], [ 36.941009521000069, -1.083978293999905 ], [ 36.940929412000116, -1.083669661999977 ], [ 36.94085693400018, -1.083281635999924 ], [ 36.940753936000135, -1.083087561999946 ], [ 36.940559387000121, -1.082726001999958 ], [ 36.940460205000079, -1.082629082999915 ], [ 36.94016265900018, -1.082523225999978 ], [ 36.939781188000154, -1.082320330999949 ], [ 36.939331055000139, -1.081888317999926 ], [ 36.938690185000041, -1.081191657999909 ], [ 36.937858581000114, -1.080380319999961 ], [ 36.937171936000084, -1.07965719699996 ], [ 36.936782838000056, -1.079322098999967 ], [ 36.936599732000161, -1.079172133999975 ], [ 36.936306, -1.079066395999916 ], [ 36.936061859000176, -1.078969358999814 ], [ 36.934745788000043, -1.079013465999822 ], [ 36.934040069000048, -1.079110502999924 ], [ 36.933784485000047, -1.079180955999902 ], [ 36.933616639000149, -1.079348563999929 ], [ 36.933540344000164, -1.079480885999942 ], [ 36.93331909300008, -1.07955133899992 ], [ 36.932975769000052, -1.079666018999887 ], [ 36.932682038, -1.079674839999939 ], [ 36.932277679000038, -1.079621909999958 ], [ 36.932022095000036, -1.079445600999975 ], [ 36.931713105000028, -1.079110502999924 ], [ 36.931423187000064, -1.07870483399995 ], [ 36.931156159000182, -1.078607796999904 ], [ 36.930664063000108, -1.078449009999929 ], [ 36.93009948700012, -1.078184484999952 ], [ 36.929542541000046, -1.077858209999874 ], [ 36.929191590000073, -1.077558397999951 ], [ 36.928977967000037, -1.077196835999871 ], [ 36.928787231000058, -1.076835273999961 ], [ 36.928539276000095, -1.076315044999944 ], [ 36.928298950000112, -1.075812338999924 ], [ 36.928176880000137, -1.075406669999893 ], [ 36.92786789000013, -1.075239181999905 ], [ 36.927612305000025, -1.075212715999953 ], [ 36.927402496000184, -1.075230358999875 ], [ 36.927066803, -1.075239181999905 ], [ 36.92684555000011, -1.07524800199991 ], [ 36.92665863100018, -1.075177430999929 ], [ 36.926376343000072, -1.074983357999884 ], [ 36.92607879600007, -1.074807046999922 ], [ 36.92589187700014, -1.07468354599996 ], [ 36.925655364000193, -1.074524878999966 ], [ 36.925441741000043, -1.074454307999872 ], [ 36.925117493000187, -1.074410199999875 ], [ 36.924877167000034, -1.074463127999934 ], [ 36.924579621000134, -1.074551343999929 ], [ 36.924190520000138, -1.074436663999961 ], [ 36.923732759000188, -1.074242709999965 ], [ 36.923389435000047, -1.074101565999911 ], [ 36.923019410000052, -1.073969244999887 ], [ 36.921958923000147, -1.073916314999963 ], [ 36.921756744000049, -1.073810576999904 ], [ 36.921600341000158, -1.073598861999812 ], [ 36.921447754000042, -1.073431371999902 ], [ 36.921279907000098, -1.07333433499997 ], [ 36.9210510260001, -1.07314920399989 ], [ 36.920928955000193, -1.072972772999947 ], [ 36.920848846000069, -1.072858094999958 ], [ 36.920673370000088, -1.07258474799994 ], [ 36.920539857000165, -1.072364329999971 ], [ 36.920478821000074, -1.07213509099995 ], [ 36.920417786000087, -1.071840047999956 ], [ 36.920337677000134, -1.071552991999908 ], [ 36.920215607000159, -1.07123553699995 ], [ 36.920150756000055, -1.071032761999959 ], [ 36.919982909999987, -1.070724129999974 ], [ 36.919853210000099, -1.07058298599992 ], [ 36.919704437000121, -1.070371388999945 ], [ 36.919658659999982, -1.070106743999872 ], [ 36.919578552000132, -1.069965719999857 ], [ 36.919395448000046, -1.069842218999952 ], [ 36.919139861000133, -1.069701074999898 ], [ 36.918972016000055, -1.069621800999926 ], [ 36.918697358000031, -1.069374799999878 ], [ 36.918636322000168, -1.06916320199997 ], [ 36.918636322000168, -1.068933963999939 ], [ 36.918529509999985, -1.068783998999947 ], [ 36.918476105000138, -1.068651675999945 ], [ 36.91835403400006, -1.068422436999867 ], [ 36.918247222000105, -1.068113802999903 ], [ 36.918205262000185, -1.067813991999969 ], [ 36.918159485000047, -1.067531822999911 ], [ 36.918045045000156, -1.067293643999903 ], [ 36.917842865000125, -1.067082046999928 ], [ 36.917541504000155, -1.066861628999959 ], [ 36.917285919000051, -1.066535233999957 ], [ 36.916976929000043, -1.066332458999966 ], [ 36.91678237800005, -1.066491246999874 ], [ 36.916599274000191, -1.066658734999976 ], [ 36.916526794000049, -1.066755771999908 ], [ 36.916324616000168, -1.066791057999978 ], [ 36.916130065000175, -1.066764591999913 ], [ 36.915988921, -1.066729307999935 ], [ 36.915847779000103, -1.066641091999941 ], [ 36.915584564000085, -1.066544054999895 ], [ 36.915039062000062, -1.066500066999879 ], [ 36.914516449000075, -1.066491246999874 ], [ 36.914287566000041, -1.066596983999943 ], [ 36.914012908000075, -1.066755771999908 ], [ 36.913822174000074, -1.066870449999897 ], [ 36.913688660000048, -1.066940902999931 ], [ 36.913406372000111, -1.06695854599991 ], [ 36.913036347000173, -1.066940902999931 ], [ 36.912708282000096, -1.066896795999924 ], [ 36.912418366000111, -1.066746948999878 ], [ 36.912117004000038, -1.06656169799993 ], [ 36.911968230000184, -1.066473603999839 ], [ 36.911758423000094, -1.066385386999912 ], [ 36.910469055000192, -1.066429495999898 ], [ 36.909950256000172, -1.06624424499995 ], [ 36.909667969000168, -1.066085577999957 ], [ 36.909427643000186, -1.065988540999854 ], [ 36.909156798000083, -1.065935610999929 ], [ 36.908927918000131, -1.066006183999889 ], [ 36.9087677, -1.066112041999929 ], [ 36.908351898000092, -1.066138505999902 ], [ 36.908229827000184, -1.065856216999919 ], [ 36.908107757000039, -1.065732835999938 ], [ 36.907901764000144, -1.065512298999977 ], [ 36.907073975000117, -1.064674616999923 ], [ 36.906894685000054, -1.064522266999859 ], [ 36.906627655000136, -1.064255714999831 ], [ 36.906375885000102, -1.064020513999822 ], [ 36.905670165000174, -1.063283681999962 ], [ 36.905578613000046, -1.063189624999893 ], [ 36.905403137000064, -1.062970161999942 ], [ 36.905326844000058, -1.062844753999968 ], [ 36.905277252000076, -1.062719344999891 ], [ 36.905105591000165, -1.062452792999977 ], [ 36.905014039000037, -1.062296032999939 ], [ 36.904872895000096, -1.062029479999921 ], [ 36.904747009000175, -1.061825750999958 ], [ 36.904556275000175, -1.06166899099992 ], [ 36.904338837000125, -1.061496495999961 ], [ 36.904258729000048, -1.061339735999979 ], [ 36.904182435000166, -1.06124567899991 ], [ 36.904041291, -1.061057566999978 ], [ 36.903884888000164, -1.060947774999931 ], [ 36.903678894000166, -1.060838101999934 ], [ 36.903396606000058, -1.06071269399996 ], [ 36.903255462000118, -1.060602902999904 ], [ 36.90316391000016, -1.060524462999922 ], [ 36.902927399000077, -1.060383437999974 ], [ 36.902770996000186, -1.060226677999879 ], [ 36.902660369000159, -1.060085533999938 ], [ 36.902378083000087, -1.059928774999946 ], [ 36.901844025000116, -1.059646605999944 ], [ 36.901657104000037, -1.059552549999978 ], [ 36.901313781000113, -1.059380053999917 ], [ 36.90107727000003, -1.059254645999943 ], [ 36.900859832000151, -1.059082149999938 ], [ 36.900482177000072, -1.05873727799991 ], [ 36.900215149000189, -1.058610557999941 ], [ 36.900184631000116, -1.058596251999973 ], [ 36.899902344000111, -1.058486461999962 ], [ 36.899494171000185, -1.058439373999875 ], [ 36.899272918000122, -1.058455109999954 ], [ 36.898834229000158, -1.058361052999885 ], [ 36.898559569000156, -1.058179497999959 ], [ 36.898380281000073, -1.05796909299994 ], [ 36.898208618000126, -1.057702539999923 ], [ 36.898193359000061, -1.057498812999938 ], [ 36.898082734000013, -1.057278752999935 ], [ 36.898063659000172, -1.056925533999959 ], [ 36.897979737000128, -1.056739329999914 ], [ 36.897876740000072, -1.056617378999931 ], [ 36.89771652200011, -1.056546687999969 ], [ 36.897518158000025, -1.056456803999879 ], [ 36.897274017000029, -1.056321977999914 ], [ 36.896854402000031, -1.056159495999964 ] ] ] ] } },
{ "type": "Feature", "properties": { "GID_3": "KEN.13.4.3_1", "GID_0": "KEN", "COUNTRY": "Kenya", "GID_1": "KEN.13_1", "NAME_1": "Kiambu", "NL_NAME_1": "NA", "GID_2": "KEN.13.4_1", "NAME_2": "Juja", "NL_NAME_2": "NA", "NAME_3": "Murera", "VARNAME_3": "NA", "NL_NAME_3": "NA", "TYPE_3": "Ward", "ENGTYPE_3": "Ward", "CC_3": "559", "HASC_3": "NA" }, "geometry": { "type": "MultiPolygon", "coordinates": [ [ [ [ 36.944946288000097, -1.117950320999967 ], [ 36.944873810000161, -1.117798923999942 ], [ 36.944961548000151, -1.117508409999971 ], [ 36.945220948000099, -1.117282389999957 ], [ 36.945411682000099, -1.11725008499991 ], [ 36.945747375000053, -1.117196320999938 ], [ 36.945888519000164, -1.117056368999954 ], [ 36.945995332000052, -1.116679668999893 ], [ 36.945671082000047, -1.116302965999978 ], [ 36.945350647000112, -1.116076945999964 ], [ 36.944854736000025, -1.115807889999871 ], [ 36.944553375, -1.115506528999902 ], [ 36.944435119, -1.115269779999949 ], [ 36.944316863000154, -1.114839314999927 ], [ 36.944381714000144, -1.114118218999977 ], [ 36.944316863000154, -1.113827584999967 ], [ 36.944004059000065, -1.113827584999967 ], [ 36.943725586000028, -1.113795280999966 ], [ 36.943584442000031, -1.113601564999954 ], [ 36.943454743000075, -1.113418578999813 ], [ 36.943508148000149, -1.113181829999917 ], [ 36.943561553000052, -1.112934350999979 ], [ 36.943626404000156, -1.112665295999932 ], [ 36.943572997999979, -1.112450002999879 ], [ 36.943454743000075, -1.112094878999869 ], [ 36.943367003999981, -1.111804247999828 ], [ 36.943260194000061, -1.111545920999959 ], [ 36.943153381000172, -1.11122310099995 ], [ 36.943035126000098, -1.111040114999923 ], [ 36.942119597999977, -1.11092174099997 ], [ 36.942024231000175, -1.110814093999977 ], [ 36.941883087000065, -1.110631107999836 ], [ 36.941806793000126, -1.109963893999975 ], [ 36.941581725000162, -1.109759329999918 ], [ 36.940719605000083, -1.109597921999978 ], [ 36.94065475400015, -1.108414053999979 ], [ 36.940547944000173, -1.108317136999972 ], [ 36.940151215000128, -1.107983588999957 ], [ 36.939861297000107, -1.107639192999898 ], [ 36.938686372000177, -1.107596157999978 ], [ 36.938331603, -1.107488512999964 ], [ 36.938053132000164, -1.107337830999938 ], [ 36.93782424900013, -1.107262491999904 ], [ 36.937545776000093, -1.106842754999889 ], [ 36.937320708000129, -1.106433748999905 ], [ 36.937149048000151, -1.106153964999919 ], [ 36.937103271000183, -1.105820297999969 ], [ 36.937061311000093, -1.105368255999963 ], [ 36.937019349000138, -1.105185269999822 ], [ 36.936676025000168, -1.105142235999892 ], [ 36.936565400000177, -1.105260610999835 ], [ 36.936492919000102, -1.105378983999969 ], [ 36.936405182000044, -1.10550820799989 ], [ 36.935962677000134, -1.105874061999941 ], [ 36.935199738000165, -1.105874061999941 ], [ 36.933876037000118, -1.105960248999907 ], [ 36.933692933000088, -1.105787992999865 ], [ 36.933574677000081, -1.105583548999903 ], [ 36.933414460000051, -1.105303645999925 ], [ 36.933219911000037, -1.105196117999981 ], [ 36.932941438000171, -1.105056166999873 ], [ 36.932582856000181, -1.104873179999913 ], [ 36.932456970000032, -1.104808567999896 ], [ 36.932174682000152, -1.104625701999964 ], [ 36.931873322000058, -1.104421138999896 ], [ 36.931571961000088, -1.104195118999939 ], [ 36.931324005000192, -1.103915332999975 ], [ 36.931121825000162, -1.103603243999942 ], [ 36.93098068300003, -1.103549360999978 ], [ 36.930744172000061, -1.103538632999914 ], [ 36.930412292000142, -1.103549360999978 ], [ 36.930206299000076, -1.103635549999922 ], [ 36.9299469, -1.10366773599992 ], [ 36.929645538000159, -1.103700040999854 ], [ 36.929450989000088, -1.103786229999969 ], [ 36.929225921000125, -1.103947639999888 ], [ 36.929042815000116, -1.103990673999931 ], [ 36.928581238000163, -1.103979945999924 ], [ 36.928226472000119, -1.103904604999968 ], [ 36.927902222000114, -1.103872298999875 ], [ 36.927417754000032, -1.103807687999961 ], [ 36.927032471000189, -1.103710888999956 ], [ 36.926784515000122, -1.103657005999935 ], [ 36.926589965000176, -1.103624701999934 ], [ 36.926193237000064, -1.103495597999881 ], [ 36.925827027000139, -1.103291153999862 ], [ 36.925544739000031, -1.10295748599998 ], [ 36.925354005000031, -1.102849840999852 ], [ 36.925125122000054, -1.102634547999969 ], [ 36.92486953700012, -1.102408527999842 ], [ 36.924598694000167, -1.102107165999939 ], [ 36.924522401000161, -1.101956485999835 ], [ 36.924221039000088, -1.101547598999844 ], [ 36.924125672000116, -1.101138590999938 ], [ 36.924037933000079, -1.100729583999907 ], [ 36.923919678000118, -1.100126862999957 ], [ 36.923664093000014, -1.099244356999975 ], [ 36.923500061000141, -1.098942994999959 ], [ 36.923233033000088, -1.098641633999932 ], [ 36.922866821000127, -1.098329543999853 ], [ 36.922630310000045, -1.098135829999876 ], [ 36.922275543000069, -1.097920654999939 ], [ 36.921855926000092, -1.097694633999879 ], [ 36.921371460000159, -1.097404002999838 ], [ 36.920650482000156, -1.097317933999818 ], [ 36.920173645000091, -1.097242592999976 ], [ 36.919929505000141, -1.097113369999931 ], [ 36.919616699000187, -1.096930502999896 ], [ 36.91945266800019, -1.096779823999952 ], [ 36.919227600000056, -1.096532224999976 ], [ 36.919033051000042, -1.096220134999953 ], [ 36.918884277000132, -1.095983385999887 ], [ 36.918689728000118, -1.095682024999974 ], [ 36.918323518000193, -1.09520840499988 ], [ 36.918087006000178, -1.094917893999934 ], [ 36.917957306000119, -1.094734907999964 ], [ 36.917549134000069, -1.094519614999911 ], [ 36.916355133000138, -1.093777060999855 ], [ 36.916118622, -1.093734025999936 ], [ 36.915180206000173, -1.093464970999946 ], [ 36.914997102000143, -1.093432663999977 ], [ 36.914813996000078, -1.093378781999945 ], [ 36.914688110000156, -1.093303440999932 ], [ 36.914451599000188, -1.093249677999893 ], [ 36.91378402700019, -1.093152760999885 ], [ 36.913608551999971, -1.093249677999893 ], [ 36.91241455100004, -1.093346594999957 ], [ 36.912349700000107, -1.09354030999998 ], [ 36.912189483000077, -1.093690990999903 ], [ 36.912059784000121, -1.093841552999947 ], [ 36.911930083000129, -1.093884705999869 ], [ 36.911621094000054, -1.093852400999936 ], [ 36.911437988000159, -1.093809366999949 ], [ 36.911144256, -1.093830822999962 ], [ 36.91098403899997, -1.093938469999955 ], [ 36.91084289500003, -1.094067573999894 ], [ 36.91067123400012, -1.094229101999929 ], [ 36.910552979000045, -1.094358204999878 ], [ 36.910350799000184, -1.094455121999829 ], [ 36.9102211, -1.094594955999924 ], [ 36.910305022000045, -1.094799517999888 ], [ 36.910488128000111, -1.094917893999934 ], [ 36.91051101700009, -1.095111607999968 ], [ 36.910392761000082, -1.095240711999963 ], [ 36.910240174000194, -1.095391391999954 ], [ 36.910091400000113, -1.095628141999896 ], [ 36.909919739000031, -1.095854162999956 ], [ 36.909820556999989, -1.095972537999955 ], [ 36.909690856, -1.096026420999976 ], [ 36.9095726, -1.095972537999955 ], [ 36.909347535000109, -1.095789669999931 ], [ 36.909240722000106, -1.095649717999891 ], [ 36.909027100000174, -1.095499038999947 ], [ 36.908885956000063, -1.095391391999954 ], [ 36.908550262000176, -1.095186948999981 ], [ 36.908359528000176, -1.095122335999974 ], [ 36.908111572000109, -1.095036266999955 ], [ 36.907958985000164, -1.094907045999889 ], [ 36.907711028000165, -1.094756483999959 ], [ 36.907249451000098, -1.094562649999943 ], [ 36.906421662000071, -1.094498156999919 ], [ 36.906215668000073, -1.094347476999872 ], [ 36.90591430600017, -1.094239829999935 ], [ 36.905570983000132, -1.094250559999864 ], [ 36.905548096000075, -1.094422815999906 ], [ 36.904785156, -1.094401239999968 ], [ 36.904678346000082, -1.094272135999972 ], [ 36.90421295200008, -1.094368933999874 ], [ 36.904140473000041, -1.094498156999919 ], [ 36.903987884000117, -1.094605803999968 ], [ 36.903621674000192, -1.094724177999979 ], [ 36.903190613000163, -1.09486401099997 ], [ 36.902534485000047, -1.094907045999889 ], [ 36.902450562000126, -1.094777941999894 ], [ 36.902114868000069, -1.094777941999894 ], [ 36.902019501000098, -1.094853280999928 ], [ 36.90174102800006, -1.095273017999887 ], [ 36.901599884000063, -1.095359086999906 ], [ 36.901393890000065, -1.095326780999926 ], [ 36.901264191000109, -1.0952299839999 ], [ 36.900779722999971, -1.0952299839999 ], [ 36.900760650000109, -1.094950197999935 ], [ 36.900909424000133, -1.094842552999978 ], [ 36.900985718000072, -1.094713329999877 ], [ 36.901008606000175, -1.094508884999925 ], [ 36.900943756000174, -1.094293594999954 ], [ 36.900802612000177, -1.094099877999895 ], [ 36.900577546000022, -1.093895435999968 ], [ 36.900489807000156, -1.093594073999895 ], [ 36.90030670100009, -1.093421815999932 ], [ 36.900005340000121, -1.093088267999974 ], [ 36.899684907000164, -1.092786906999891 ], [ 36.899448396000082, -1.092550157999938 ], [ 36.898498536000147, -1.092517851999958 ], [ 36.898242950000167, -1.092367171999911 ], [ 36.897628783000073, -1.092055081999945 ], [ 36.89719772300009, -1.091861365999875 ], [ 36.896133423000151, -1.091829061999874 ], [ 36.895950317000086, -1.091893552999977 ], [ 36.895851135000044, -1.091979740999932 ], [ 36.895088196000074, -1.092743871999971 ], [ 36.89489364700006, -1.092872977999946 ], [ 36.894626617000142, -1.09298062299996 ], [ 36.894290924000188, -1.092840671999909 ], [ 36.893959046000077, -1.092700837999871 ], [ 36.893657684000175, -1.092550157999938 ], [ 36.893066407000049, -1.092173457999934 ], [ 36.892871857000102, -1.091861365999875 ], [ 36.892700195000089, -1.091538427999978 ], [ 36.89247131400009, -1.091344713999945 ], [ 36.892246246000127, -1.091226338999945 ], [ 36.892063140000062, -1.091344713999945 ], [ 36.891860963000113, -1.091452358999959 ], [ 36.891696930000137, -1.091603040999928 ], [ 36.891613006000114, -1.091753720999975 ], [ 36.891513824000072, -1.091936586999964 ], [ 36.891620636000027, -1.093303440999932 ], [ 36.89125824000007, -1.093357323999953 ], [ 36.890998840000123, -1.093411087999925 ], [ 36.890792848000103, -1.093486426999959 ], [ 36.89051437400019, -1.093561767999972 ], [ 36.890354157000161, -1.093647836999821 ], [ 36.890125274000127, -1.093777060999855 ], [ 36.889823915000136, -1.093755483999928 ], [ 36.889568328000053, -1.093647836999821 ], [ 36.889221192000093, -1.093432663999977 ], [ 36.888973235000094, -1.09331428899992 ], [ 36.888706207000041, -1.093174337999812 ], [ 36.888481140000181, -1.093120574999887 ], [ 36.888328552000132, -1.093055963999973 ], [ 36.888275147000058, -1.092916011999932 ], [ 36.888008117000027, -1.092679261999876 ], [ 36.887943267000139, -1.092463968999937 ], [ 36.887832642000149, -1.09227025499996 ], [ 36.887695313000052, -1.092055081999945 ], [ 36.887565614000096, -1.091796754999962 ], [ 36.88734817400001, -1.091484665999872 ], [ 36.88709259, -1.091226338999945 ], [ 36.886856078000164, -1.091086386999962 ], [ 36.886573792000092, -1.090935706999971 ], [ 36.886260986000138, -1.090698956999972 ], [ 36.886165619000167, -1.090451479999956 ], [ 36.886024474000124, -1.090268492999883 ], [ 36.885940553000182, -1.089902518999907 ], [ 36.885898591000114, -1.089568852999832 ], [ 36.885715485000048, -1.089342832999876 ], [ 36.885540009000067, -1.089138387999924 ], [ 36.885391235000043, -1.088955401999954 ], [ 36.885196686000029, -1.088654040999813 ], [ 36.885219574000132, -1.088352678999911 ], [ 36.88515090900006, -1.088144658999965 ], [ 36.885040283000137, -1.087751745999924 ], [ 36.884151459000122, -1.086849570999902 ], [ 36.883510589000025, -1.086431145999939 ], [ 36.882347107000044, -1.086065053999903 ], [ 36.882045745000141, -1.086104273999979 ], [ 36.881668090000062, -1.086203692999845 ], [ 36.881298065000124, -1.086300372999915 ], [ 36.880931853, -1.08632659899996 ], [ 36.880474091000167, -1.086235046999946 ], [ 36.880382538000106, -1.086101650999922 ], [ 36.880268097000169, -1.085934280999936 ], [ 36.880058289000033, -1.085568188999844 ], [ 36.880058289000033, -1.084665893999954 ], [ 36.879085541, -1.084614873999897 ], [ 36.878814697000166, -1.084600567999871 ], [ 36.878738403000057, -1.08452832699993 ], [ 36.878696441000159, -1.084487317999958 ], [ 36.878620147000049, -1.084388375999936 ], [ 36.878414155000087, -1.084137080999824 ], [ 36.878314973000045, -1.083855390999872 ], [ 36.87816238400012, -1.083680271999867 ], [ 36.878040313000042, -1.083550810999895 ], [ 36.877796174000025, -1.083505153999852 ], [ 36.877635956000063, -1.083588837999912 ], [ 36.877422333000084, -1.083619356999975 ], [ 36.877220154000099, -1.083665013999848 ], [ 36.876785279000103, -1.083665013999848 ], [ 36.876502991000052, -1.083642242999929 ], [ 36.876319885000157, -1.08363461499988 ], [ 36.876197814000079, -1.083543180999868 ], [ 36.877574921000075, -1.082106708999959 ], [ 36.878849030000083, -1.080374001999928 ], [ 36.879611969000052, -1.079296349999936 ], [ 36.880386353000176, -1.07820272299989 ], [ 36.882328034000182, -1.075494288999948 ], [ 36.88352203400018, -1.073828100999947 ], [ 36.883735656999988, -1.073410988999967 ], [ 36.885639191000109, -1.070640683999898 ], [ 36.885993958000086, -1.070063233999917 ], [ 36.886196137000184, -1.069667457999969 ], [ 36.88633346600011, -1.069483041999888 ], [ 36.886558532000095, -1.069186090999892 ], [ 36.886760711000193, -1.068758247999938 ], [ 36.886844635000045, -1.068666458999928 ], [ 36.886955261000139, -1.068545817999961 ], [ 36.88702011100014, -1.068672776999904 ], [ 36.887039184000059, -1.068833231999918 ], [ 36.88709259, -1.069036363999942 ], [ 36.887145997000118, -1.069218276999891 ], [ 36.88718032800017, -1.069421409999848 ], [ 36.887222290000125, -1.069539069999905 ], [ 36.887359619000165, -1.069827912999926 ], [ 36.887477875, -1.070052503999932 ], [ 36.887596130000134, -1.070191502999876 ], [ 36.887756348000039, -1.070434926999951 ], [ 36.8880615220001, -1.070182084999885 ], [ 36.888339996000013, -1.069801926999958 ], [ 36.888431549000074, -1.069643854999867 ], [ 36.888519286000133, -1.069497704999947 ], [ 36.888748169000166, -1.069041370999912 ], [ 36.889015197000049, -1.068583249999961 ], [ 36.889102936000086, -1.068128585999887 ], [ 36.891536713000107, -1.064553855999975 ], [ 36.895000456999981, -1.058845875999964 ], [ 36.895050050000123, -1.058772204999968 ], [ 36.89598464900007, -1.05742156499997 ], [ 36.896854402000031, -1.056159495999964 ], [ 36.897274017000029, -1.056321977999914 ], [ 36.897518158000025, -1.056456803999879 ], [ 36.89771652200011, -1.056546687999969 ], [ 36.897876740000072, -1.056617378999931 ], [ 36.897979737000128, -1.056739329999914 ], [ 36.898063659000172, -1.056925533999959 ], [ 36.898082734000013, -1.057278752999935 ], [ 36.898193359000061, -1.057498812999938 ], [ 36.898208618000126, -1.057702539999923 ], [ 36.898380281000073, -1.05796909299994 ], [ 36.898559569000156, -1.058179497999959 ], [ 36.898834229000158, -1.058361052999885 ], [ 36.899272918000122, -1.058455109999954 ], [ 36.899494171000185, -1.058439373999875 ], [ 36.899902344000111, -1.058486461999962 ], [ 36.900184631000116, -1.058596251999973 ], [ 36.900215149000189, -1.058610557999941 ], [ 36.900482177000072, -1.05873727799991 ], [ 36.900859832000151, -1.059082149999938 ], [ 36.90107727000003, -1.059254645999943 ], [ 36.901313781000113, -1.059380053999917 ], [ 36.901657104000037, -1.059552549999978 ], [ 36.901844025000116, -1.059646605999944 ], [ 36.902378083000087, -1.059928774999946 ], [ 36.902660369000159, -1.060085533999938 ], [ 36.902770996000186, -1.060226677999879 ], [ 36.902927399000077, -1.060383437999974 ], [ 36.90316391000016, -1.060524462999922 ], [ 36.903255462000118, -1.060602902999904 ], [ 36.903396606000058, -1.06071269399996 ], [ 36.903678894000166, -1.060838101999934 ], [ 36.903884888000164, -1.060947774999931 ], [ 36.904041291, -1.061057566999978 ], [ 36.904182435000166, -1.06124567899991 ], [ 36.904258729000048, -1.061339735999979 ], [ 36.904338837000125, -1.061496495999961 ], [ 36.904556275000175, -1.06166899099992 ], [ 36.904747009000175, -1.061825750999958 ], [ 36.904872895000096, -1.062029479999921 ], [ 36.905014039000037, -1.062296032999939 ], [ 36.905105591000165, -1.062452792999977 ], [ 36.905277252000076, -1.062719344999891 ], [ 36.905326844000058, -1.062844753999968 ], [ 36.905403137000064, -1.062970161999942 ], [ 36.905578613000046, -1.063189624999893 ], [ 36.905670165000174, -1.063283681999962 ], [ 36.906375885000102, -1.064020513999822 ], [ 36.906627655000136, -1.064255714999831 ], [ 36.906894685000054, -1.064522266999859 ], [ 36.907073975000117, -1.064674616999923 ], [ 36.907901764000144, -1.065512298999977 ], [ 36.908107757000039, -1.065732835999938 ], [ 36.908229827000184, -1.065856216999919 ], [ 36.908351898000092, -1.066138505999902 ], [ 36.9087677, -1.066112041999929 ], [ 36.908927918000131, -1.066006183999889 ], [ 36.909156798000083, -1.065935610999929 ], [ 36.909427643000186, -1.065988540999854 ], [ 36.909667969000168, -1.066085577999957 ], [ 36.909950256000172, -1.06624424499995 ], [ 36.910469055000192, -1.066429495999898 ], [ 36.911758423000094, -1.066385386999912 ], [ 36.911968230000184, -1.066473603999839 ], [ 36.912117004000038, -1.06656169799993 ], [ 36.912418366000111, -1.066746948999878 ], [ 36.912708282000096, -1.066896795999924 ], [ 36.913036347000173, -1.066940902999931 ], [ 36.913406372000111, -1.06695854599991 ], [ 36.913688660000048, -1.066940902999931 ], [ 36.913822174000074, -1.066870449999897 ], [ 36.914012908000075, -1.066755771999908 ], [ 36.914287566000041, -1.066596983999943 ], [ 36.914516449000075, -1.066491246999874 ], [ 36.915039062000062, -1.066500066999879 ], [ 36.915584564000085, -1.066544054999895 ], [ 36.915847779000103, -1.066641091999941 ], [ 36.915988921, -1.066729307999935 ], [ 36.916130065000175, -1.066764591999913 ], [ 36.916324616000168, -1.066791057999978 ], [ 36.916526794000049, -1.066755771999908 ], [ 36.916599274000191, -1.066658734999976 ], [ 36.91678237800005, -1.066491246999874 ], [ 36.916976929000043, -1.066332458999966 ], [ 36.917285919000051, -1.066535233999957 ], [ 36.917541504000155, -1.066861628999959 ], [ 36.917842865000125, -1.067082046999928 ], [ 36.918045045000156, -1.067293643999903 ], [ 36.918159485000047, -1.067531822999911 ], [ 36.918205262000185, -1.067813991999969 ], [ 36.918247222000105, -1.068113802999903 ], [ 36.91835403400006, -1.068422436999867 ], [ 36.918476105000138, -1.068651675999945 ], [ 36.918529509999985, -1.068783998999947 ], [ 36.918636322000168, -1.068933963999939 ], [ 36.918636322000168, -1.06916320199997 ], [ 36.918697358000031, -1.069374799999878 ], [ 36.918972016000055, -1.069621800999926 ], [ 36.919139861000133, -1.069701074999898 ], [ 36.919395448000046, -1.069842218999952 ], [ 36.919578552000132, -1.069965719999857 ], [ 36.919658659999982, -1.070106743999872 ], [ 36.919704437000121, -1.070371388999945 ], [ 36.919853210000099, -1.07058298599992 ], [ 36.919982909999987, -1.070724129999974 ], [ 36.920150756000055, -1.071032761999959 ], [ 36.920215607000159, -1.07123553699995 ], [ 36.920337677000134, -1.071552991999908 ], [ 36.920417786000087, -1.071840047999956 ], [ 36.920478821000074, -1.07213509099995 ], [ 36.920539857000165, -1.072364329999971 ], [ 36.920673370000088, -1.07258474799994 ], [ 36.920848846000069, -1.072858094999958 ], [ 36.920928955000193, -1.072972772999947 ], [ 36.9210510260001, -1.07314920399989 ], [ 36.921279907000098, -1.07333433499997 ], [ 36.921447754000042, -1.073431371999902 ], [ 36.921600341000158, -1.073598861999812 ], [ 36.921756744000049, -1.073810576999904 ], [ 36.921958923000147, -1.073916314999963 ], [ 36.923019410000052, -1.073969244999887 ], [ 36.923389435000047, -1.074101565999911 ], [ 36.923732759000188, -1.074242709999965 ], [ 36.924190520000138, -1.074436663999961 ], [ 36.924579621000134, -1.074551343999929 ], [ 36.924877167000034, -1.074463127999934 ], [ 36.925117493000187, -1.074410199999875 ], [ 36.925441741000043, -1.074454307999872 ], [ 36.925655364000193, -1.074524878999966 ], [ 36.92589187700014, -1.07468354599996 ], [ 36.92607879600007, -1.074807046999922 ], [ 36.926376343000072, -1.074983357999884 ], [ 36.92665863100018, -1.075177430999929 ], [ 36.92684555000011, -1.07524800199991 ], [ 36.927066803, -1.075239181999905 ], [ 36.927402496000184, -1.075230358999875 ], [ 36.927612305000025, -1.075212715999953 ], [ 36.92786789000013, -1.075239181999905 ], [ 36.928176880000137, -1.075406669999893 ], [ 36.928298950000112, -1.075812338999924 ], [ 36.928539276000095, -1.076315044999944 ], [ 36.928787231000058, -1.076835273999961 ], [ 36.928977967000037, -1.077196835999871 ], [ 36.929191590000073, -1.077558397999951 ], [ 36.929542541000046, -1.077858209999874 ], [ 36.93009948700012, -1.078184484999952 ], [ 36.930664063000108, -1.078449009999929 ], [ 36.931156159000182, -1.078607796999904 ], [ 36.931423187000064, -1.07870483399995 ], [ 36.931713105000028, -1.079110502999924 ], [ 36.932022095000036, -1.079445600999975 ], [ 36.932277679000038, -1.079621909999958 ], [ 36.932682038, -1.079674839999939 ], [ 36.932975769000052, -1.079666018999887 ], [ 36.93331909300008, -1.07955133899992 ], [ 36.933540344000164, -1.079480885999942 ], [ 36.933616639000149, -1.079348563999929 ], [ 36.933784485000047, -1.079180955999902 ], [ 36.934040069000048, -1.079110502999924 ], [ 36.934745788000043, -1.079013465999822 ], [ 36.936061859000176, -1.078969358999814 ], [ 36.936306, -1.079066395999916 ], [ 36.936599732000161, -1.079172133999975 ], [ 36.936782838000056, -1.079322098999967 ], [ 36.937171936000084, -1.07965719699996 ], [ 36.937858581000114, -1.080380319999961 ], [ 36.938690185000041, -1.081191657999909 ], [ 36.939331055000139, -1.081888317999926 ], [ 36.939781188000154, -1.082320330999949 ], [ 36.94016265900018, -1.082523225999978 ], [ 36.940460205000079, -1.082629082999915 ], [ 36.940559387000121, -1.082726001999958 ], [ 36.940753936000135, -1.083087561999946 ], [ 36.94085693400018, -1.083281635999924 ], [ 36.940929412000116, -1.083669661999977 ], [ 36.941009521000069, -1.083978293999905 ], [ 36.94115829500015, -1.084313391999956 ], [ 36.941219330000138, -1.084551452999904 ], [ 36.941379548000043, -1.08472788399996 ], [ 36.941608429000098, -1.084983585999964 ], [ 36.942718506000176, -1.085142253999948 ], [ 36.943733216000112, -1.085098265999932 ], [ 36.944835663000106, -1.085071802999892 ], [ 36.945434571000078, -1.085353970999961 ], [ 36.946212769000169, -1.085971234999874 ], [ 36.947082520000095, -1.086791395999967 ], [ 36.947711945000037, -1.087558626999964 ], [ 36.948131562000071, -1.088061212999946 ], [ 36.948326111000085, -1.088387487999967 ], [ 36.948520660000099, -1.088863729999844 ], [ 36.948574065000173, -1.089163541999937 ], [ 36.948688508000146, -1.089364050999961 ], [ 36.948760987000185, -1.089489816999958 ], [ 36.948951721000128, -1.089674948999971 ], [ 36.949119568000071, -1.089824914999951 ], [ 36.949375153000176, -1.089983700999937 ], [ 36.949684142000081, -1.090142369999967 ], [ 36.950004577000016, -1.090309977999937 ], [ 36.950275420000139, -1.090539215999911 ], [ 36.950523377000138, -1.090724349999959 ], [ 36.950824738000108, -1.090918421999959 ], [ 36.951015472000108, -1.091068385999904 ], [ 36.951385497000103, -1.091377019999868 ], [ 36.951644897000051, -1.091597437999894 ], [ 36.951862335000101, -1.091853140999831 ], [ 36.952064514000028, -1.092064857999958 ], [ 36.952156066000157, -1.092646836999961 ], [ 36.952243805000023, -1.092787981999891 ], [ 36.952331544000117, -1.092973112999971 ], [ 36.952648164000038, -1.093096613999933 ], [ 36.953063966000116, -1.093175887999962 ], [ 36.953529358000083, -1.093325851999907 ], [ 36.953884124000126, -1.093414067999845 ], [ 36.954269410000052, -1.093537448999939 ], [ 36.954570771000192, -1.093687413999874 ], [ 36.954765320000035, -1.093828557999927 ], [ 36.95502090500014, -1.094084262999957 ], [ 36.955230712000173, -1.094295859999875 ], [ 36.955398560000049, -1.094489931999931 ], [ 36.955505369999969, -1.094754456999965 ], [ 36.955585479000149, -1.09509837499985 ], [ 36.955600739000147, -1.095548152999925 ], [ 36.955726623000089, -1.095883248999939 ], [ 36.955867767000029, -1.096112489999825 ], [ 36.956096650000063, -1.096438764999903 ], [ 36.956413270000155, -1.096756219999975 ], [ 36.956695556000057, -1.097020864999934 ], [ 36.956943512000123, -1.097285389999968 ], [ 36.95722580000006, -1.097523450999859 ], [ 36.957489013000043, -1.097717522999915 ], [ 36.957763671000066, -1.097840905999931 ], [ 36.958000181999978, -1.097964406999949 ], [ 36.958179472999973, -1.098105430999965 ], [ 36.95832061700014, -1.098352431999956 ], [ 36.958389283000145, -1.098528742999974 ], [ 36.958511353000119, -1.098819731999924 ], [ 36.958812713000157, -1.099128365999945 ], [ 36.959102631000178, -1.099498748999963 ], [ 36.959262849000083, -1.099648712999908 ], [ 36.959430694000048, -1.099895596999943 ], [ 36.959510803, -1.100054381999939 ], [ 36.95958709700011, -1.100301265999917 ], [ 36.959659577000082, -1.100477694999938 ], [ 36.959739686000034, -1.100654004999967 ], [ 36.959854126000096, -1.100900888999888 ], [ 36.959968567000033, -1.101121424999917 ], [ 36.960002899000074, -1.101262448999876 ], [ 36.960170746000188, -1.101465343999962 ], [ 36.960319518000063, -1.101668119999943 ], [ 36.960521698000093, -1.10190629899995 ], [ 36.960689545000037, -1.102082609999968 ], [ 36.961441041000057, -1.102964520999933 ], [ 36.961669922000056, -1.103193758999964 ], [ 36.961864471000069, -1.10344946399988 ], [ 36.962039947000051, -1.103713988999857 ], [ 36.962188721000075, -1.103899239999976 ], [ 36.96236801200007, -1.104128479999929 ], [ 36.962543487000119, -1.104437112999904 ], [ 36.962650300000178, -1.104807494999932 ], [ 36.962841034000121, -1.105089662999887 ], [ 36.962993621000066, -1.105336664999925 ], [ 36.963161469000113, -1.105636476999848 ], [ 36.963302613000053, -1.105936287999953 ], [ 36.963493347, -1.106236099999876 ], [ 36.963680268000132, -1.106544733999954 ], [ 36.963909149000131, -1.106862185999944 ], [ 36.964122772000167, -1.107091546999868 ], [ 36.96429061900011, -1.107364891999964 ], [ 36.964534760000106, -1.107682346999923 ], [ 36.96467590300017, -1.107867597999871 ], [ 36.965152740000121, -1.108326076999901 ], [ 36.965328216000046, -1.108440756999869 ], [ 36.965549468000063, -1.108678816999941 ], [ 36.965621949000081, -1.108837603999859 ], [ 36.9656372070001, -1.109031557999913 ], [ 36.9656372070001, -1.109375476999958 ], [ 36.965682984000068, -1.109781145999932 ], [ 36.965858460000049, -1.110169170999882 ], [ 36.96602630600006, -1.110416054999973 ], [ 36.966220855000074, -1.110680699999932 ], [ 36.966510773000095, -1.110918758999901 ], [ 36.967323304000104, -1.110945224999966 ], [ 36.967800141000055, -1.110865830999899 ], [ 36.968364715, -1.110874651999893 ], [ 36.968654634000131, -1.110830544999885 ], [ 36.968997955000191, -1.110812901999964 ], [ 36.969448089000139, -1.110918758999901 ], [ 36.969825744000048, -1.111033438999925 ], [ 36.970294953000064, -1.1112450359999 ], [ 36.970798492000029, -1.11160659799998 ], [ 36.97108841000005, -1.111879943999952 ], [ 36.971210479000092, -1.112135647999878 ], [ 36.971385957000052, -1.112461923999888 ], [ 36.971721650000063, -1.112717747999909 ], [ 36.972419738000099, -1.112841128999889 ], [ 36.972789765000073, -1.112814664999917 ], [ 36.973026276000155, -1.112726568999847 ], [ 36.973785399000178, -1.112223862999883 ], [ 36.973979951000103, -1.111976980999884 ], [ 36.974563597999975, -1.111553668999875 ], [ 36.974948884000071, -1.111297963999959 ], [ 36.975391387000172, -1.111112712999898 ], [ 36.975666047000175, -1.110989331999974 ], [ 36.976089477000016, -1.110892294999928 ], [ 36.976627350000058, -1.110680699999932 ], [ 36.977436065000063, -1.110804080999912 ], [ 36.977973938000105, -1.110909937999907 ], [ 36.978820800000165, -1.111236213999973 ], [ 36.979652404000035, -1.111597775999883 ], [ 36.980522155000187, -1.1120651949999 ], [ 36.981105805000141, -1.112373828999978 ], [ 36.981925963000151, -1.112999915999978 ], [ 36.982410431000062, -1.113599538999949 ], [ 36.983081817000027, -1.11417281599995 ], [ 36.983955383000193, -1.11488711699991 ], [ 36.984519959000181, -1.115477919999933 ], [ 36.985004425000113, -1.115989326999966 ], [ 36.985301971000069, -1.11624515099993 ], [ 36.985542298000155, -1.116483211999878 ], [ 36.986068725000052, -1.116738913999825 ], [ 36.986396790000128, -1.116853593999963 ], [ 36.986759184999983, -1.116932987999974 ], [ 36.987197875000049, -1.117082834999962 ], [ 36.987594604000094, -1.117232799999897 ], [ 36.98792266900017, -1.117409109999926 ], [ 36.988521575000163, -1.117770671999949 ], [ 36.988891602000137, -1.117964743999892 ], [ 36.989173890000075, -1.118123411999875 ], [ 36.989604950000171, -1.118396878999874 ], [ 36.990020752000135, -1.118687867999881 ], [ 36.990276337000068, -1.118846534999932 ], [ 36.990913392000095, -1.119261026999936 ], [ 36.991336822000108, -1.119516728999884 ], [ 36.991733550000106, -1.119746089999865 ], [ 36.99216461300017, -1.120045898999876 ], [ 36.992736817000036, -1.120460390999881 ], [ 36.993099212000118, -1.120698451999942 ], [ 36.993423462000123, -1.120883582999909 ], [ 36.993865967000033, -1.121112941999968 ], [ 36.994201661000091, -1.121201157999906 ], [ 36.994781493000119, -1.121342181999921 ], [ 36.995338439000193, -1.121950625999943 ], [ 36.995445252000081, -1.122179983999956 ], [ 36.995567322000056, -1.122400401999926 ], [ 36.995712279000031, -1.122838974999979 ], [ 36.995754241000157, -1.123273492999942 ], [ 36.995754241000157, -1.123784898999816 ], [ 36.995906831000184, -1.124193430999867 ], [ 36.996040344000107, -1.12487304299998 ], [ 36.996177673000034, -1.125308035999979 ], [ 36.996326446000126, -1.125742910999975 ], [ 36.996475220000036, -1.126055597999937 ], [ 36.996612549000133, -1.126490473999922 ], [ 36.996692658000086, -1.126789569999971 ], [ 36.996723174000124, -1.127550720999977 ], [ 36.996788025000058, -1.127740978999952 ], [ 36.997497558000077, -1.128570198999967 ], [ 36.997753143000182, -1.128950713999927 ], [ 36.997959137000123, -1.129263400999946 ], [ 36.998065949000079, -1.129548786999919 ], [ 36.998203278000176, -1.129956602999926 ], [ 36.998325349000083, -1.130527377999897 ], [ 36.99846267800018, -1.130921600999955 ], [ 36.998569488000101, -1.131193398999926 ], [ 36.998649597000053, -1.131424546999881 ], [ 36.99878692600015, -1.131601212999954 ], [ 36.999046325000052, -1.131777881999881 ], [ 36.999275208000086, -1.131859421999877 ], [ 36.99988937500018, -1.131859421999877 ], [ 37.001167297000052, -1.131541609999886 ], [ 37.002983093000182, -1.131468176999931 ], [ 37.003879547000111, -1.131559967999976 ], [ 37.00461578400018, -1.131743429999972 ], [ 37.005680084000119, -1.132037042999855 ], [ 37.006763457000147, -1.132422446999954 ], [ 37.007659912000122, -1.132991312999934 ], [ 37.008010865000131, -1.133211492999862 ], [ 37.008506774000068, -1.133505104999927 ], [ 37.008800507000103, -1.133523462999904 ], [ 37.009109497000111, -1.133376598999916 ], [ 37.009513856000069, -1.133248209999977 ], [ 37.009826659999987, -1.133119701999817 ], [ 37.010284424000076, -1.133009551999919 ], [ 37.010963439000193, -1.133027909999953 ], [ 37.011459350000109, -1.133064626999953 ], [ 37.011882782000157, -1.133064626999953 ], [ 37.012321472, -1.132826089999924 ], [ 37.012855530000138, -1.132440684999949 ], [ 37.013404846000128, -1.131981967999934 ], [ 37.013809205000086, -1.13170671499995 ], [ 37.014396667000028, -1.131431459999931 ], [ 37.015148163000049, -1.131339667999953 ], [ 37.015663147, -1.13139474299993 ], [ 37.016342163000047, -1.131559967999976 ], [ 37.016872406000175, -1.131725073999974 ], [ 37.017387390000124, -1.131798504999836 ], [ 37.018066407000106, -1.131578326999829 ], [ 37.019626617000029, -1.130880951999927 ], [ 37.020103455000083, -1.130752442999949 ], [ 37.020526887000131, -1.130697487999953 ], [ 37.021114349000015, -1.130624054999828 ], [ 37.021644592000143, -1.130660771999942 ], [ 37.022453307000148, -1.130936026999962 ], [ 37.023185729000033, -1.131302951999942 ], [ 37.023921966000103, -1.131981967999934 ], [ 37.024856567000029, -1.132881164999958 ], [ 37.025314331000118, -1.133486746999893 ], [ 37.025756837000131, -1.134073971999896 ], [ 37.026195525000162, -1.134716153999932 ], [ 37.026435852000077, -1.135431884999889 ], [ 37.026470185000164, -1.136202573999981 ], [ 37.026416778000112, -1.137009978999913 ], [ 37.026344300000119, -1.137395381999909 ], [ 37.026416778000112, -1.137817501999848 ], [ 37.026672362999989, -1.138441323999928 ], [ 37.027114868000126, -1.13941395199987 ], [ 37.028102875000059, -1.141193984999973 ], [ 37.02843475300017, -1.141799568999886 ], [ 37.028690337000171, -1.14220321199997 ], [ 37.028873443000066, -1.142313359999946 ], [ 37.02902221700009, -1.142239928999913 ], [ 37.029205321000177, -1.142019748999928 ], [ 37.029388427000015, -1.141597628999875 ], [ 37.02946090800009, -1.141157268999962 ], [ 37.02955246, -1.140900373999841 ], [ 37.029735566000056, -1.140661834999889 ], [ 37.03012084900007, -1.140643476999969 ], [ 37.030250550000062, -1.140992044999962 ], [ 37.030139923000036, -1.14165270399991 ], [ 37.030029297000112, -1.142148136999879 ], [ 37.029773713000111, -1.142808794999894 ], [ 37.029754639000146, -1.143744706999883 ], [ 37.029754639000146, -1.144955873999947 ], [ 37.029937743000175, -1.145267725999872 ], [ 37.03030777000015, -1.145524739999928 ], [ 37.030654907000041, -1.145634770999948 ], [ 37.03083801300005, -1.145451306999973 ], [ 37.030948638000098, -1.145157695999842 ], [ 37.031112671000074, -1.144772289999935 ], [ 37.031333923000091, -1.144387006999921 ], [ 37.031517029000099, -1.144001603999925 ], [ 37.031791687000123, -1.14390981199989 ], [ 37.032543183000087, -1.144240139999965 ], [ 37.033039093000127, -1.144809006999935 ], [ 37.033683776000089, -1.145432948999883 ], [ 37.034435271000177, -1.145910023999932 ], [ 37.03542709300018, -1.146662473999925 ], [ 37.035957337000184, -1.147102831999916 ], [ 37.036361694000107, -1.147323011999958 ], [ 37.037040711000088, -1.147726773999977 ], [ 37.037666320000085, -1.147910236999962 ], [ 37.038105011000027, -1.147800206999818 ], [ 37.038581848000149, -1.147598266999978 ], [ 37.039222718000076, -1.147543309999946 ], [ 37.03977584900008, -1.147726773999977 ], [ 37.040252686000031, -1.148148775999971 ], [ 37.040637968999988, -1.148515820999876 ], [ 37.041427612000064, -1.148497461999966 ], [ 37.041774750000172, -1.148424028999898 ], [ 37.042381286000079, -1.148479103999932 ], [ 37.04315185500019, -1.148607611999921 ], [ 37.043498993000128, -1.148644328999922 ], [ 37.043884277000188, -1.148681043999943 ], [ 37.044269562000181, -1.148864506999928 ], [ 37.044692994000059, -1.14910304599988 ], [ 37.045059204000154, -1.149158120999971 ], [ 37.045536041000105, -1.149286508999978 ], [ 37.045978547000118, -1.14965355399994 ], [ 37.04610443100006, -1.149928806999981 ], [ 37.046363830000132, -1.150148986999909 ], [ 37.046676635000154, -1.150075673999879 ], [ 37.046970368000189, -1.150259136999978 ], [ 37.047096252000131, -1.150442600999952 ], [ 37.047206879000157, -1.150828003999948 ], [ 37.04731750500008, -1.150993108999955 ], [ 37.047592163000047, -1.151066541999967 ], [ 37.04797744800004, -1.150993108999955 ], [ 37.048362731000054, -1.150919795999926 ], [ 37.048728943000128, -1.150956511999937 ], [ 37.049079895000034, -1.151048183999876 ], [ 37.049316406000173, -1.151286720999963 ], [ 37.049667358000079, -1.15178227399997 ], [ 37.049961091000114, -1.152002453999955 ], [ 37.05025482200017, -1.152002453999955 ], [ 37.050765991000105, -1.151947378999921 ], [ 37.050987244, -1.151965736999955 ], [ 37.051170348000085, -1.152057528999819 ], [ 37.051391600999978, -1.152332781999917 ], [ 37.051555633000078, -1.152754783999967 ], [ 37.051757813000108, -1.153195261999883 ], [ 37.051940919000174, -1.153690695999956 ], [ 37.052345276000096, -1.153984306999973 ], [ 37.052860260000102, -1.154241203999902 ], [ 37.05320739800004, -1.154516458999979 ], [ 37.053539276000151, -1.15488350399994 ], [ 37.053813934000118, -1.155287145999978 ], [ 37.054126738999969, -1.155635833999952 ], [ 37.054512024000189, -1.155745981999928 ], [ 37.054897308000079, -1.155764339999905 ], [ 37.055335998000146, -1.155690908999873 ], [ 37.05566787600003, -1.155544041999974 ], [ 37.056072235000045, -1.155213831999845 ], [ 37.05641937200005, -1.154956936999895 ], [ 37.056823730000133, -1.15484678699994 ], [ 37.057319641000049, -1.154938578999975 ], [ 37.057941437000125, -1.155122041999959 ], [ 37.058528900000169, -1.155213831999845 ], [ 37.059299469000052, -1.155305503999955 ], [ 37.060016632000156, -1.155213831999845 ], [ 37.060527801000092, -1.155030250999914 ], [ 37.061061859000063, -1.154828428999906 ], [ 37.06166839500014, -1.154681561999951 ], [ 37.061962128000175, -1.154553173999886 ], [ 37.062400816999968, -1.153819203999831 ], [ 37.062786102000132, -1.153635620999978 ], [ 37.06320953400018, -1.153819203999831 ], [ 37.063705445000096, -1.154167770999891 ], [ 37.064182282000047, -1.154791711999906 ], [ 37.064659118000066, -1.155378936999909 ], [ 37.064895631000184, -1.155709264999871 ], [ 37.06535720800008, -1.155690908999873 ], [ 37.065593719000049, -1.155470728999944 ], [ 37.065757751000092, -1.154956936999895 ], [ 37.06590652400007, -1.154296278999936 ], [ 37.066108703000168, -1.153910875999941 ], [ 37.066493988000161, -1.153690695999956 ], [ 37.066860198000086, -1.153690695999956 ], [ 37.067375182000092, -1.154149411999867 ], [ 37.067741394000166, -1.154644964999932 ], [ 37.067962647000115, -1.155048608999948 ], [ 37.068347930000073, -1.155048608999948 ], [ 37.068622588000096, -1.155177114999901 ], [ 37.06884384100016, -1.155525803999979 ], [ 37.069152833000146, -1.155856011999958 ], [ 37.069648744000062, -1.155801056999849 ], [ 37.070014953000111, -1.155489086999978 ], [ 37.070293426000148, -1.155232189999936 ], [ 37.070640563000154, -1.15514039899989 ], [ 37.071266175000062, -1.155250428999921 ], [ 37.071575164000137, -1.155452370999967 ], [ 37.071979523000095, -1.155470728999944 ], [ 37.072624206000057, -1.155397295999933 ], [ 37.073116302000074, -1.155378936999909 ], [ 37.073375701000145, -1.155562400999884 ], [ 37.07355880700004, -1.156131266999978 ], [ 37.073596954000095, -1.156718491999925 ], [ 37.073612212000114, -1.15712225399983 ], [ 37.073944092000033, -1.15761768699997 ], [ 37.074787140000126, -1.158149836999939 ], [ 37.076164246000019, -1.158883928999842 ], [ 37.076789856000119, -1.159287572999915 ], [ 37.077392579000161, -1.159783123999887 ], [ 37.077724457000102, -1.160260200999915 ], [ 37.078109740000059, -1.160792350999827 ], [ 37.078346252000131, -1.161214470999937 ], [ 37.078624725000168, -1.161636470999952 ], [ 37.079101562000062, -1.161966800999835 ], [ 37.079704285000105, -1.162150263999933 ], [ 37.08029174800015, -1.162462233999975 ], [ 37.080768585000044, -1.162939428999948 ], [ 37.081211090000181, -1.163104533999899 ], [ 37.081615447000161, -1.163104533999899 ], [ 37.081851958000072, -1.163306355999907 ], [ 37.082313537000175, -1.16337978699994 ], [ 37.082843780000076, -1.163398145999963 ], [ 37.083450318000189, -1.163471578999975 ], [ 37.084201813000107, -1.163728475999847 ], [ 37.085044860000153, -1.164132117999941 ], [ 37.085487366000166, -1.164370775999942 ], [ 37.085670472, -1.164792775999956 ], [ 37.085689545000093, -1.165324925999869 ], [ 37.086257935000049, -1.165581822999968 ], [ 37.086696625000116, -1.165691970999944 ], [ 37.087322235000158, -1.166095613999971 ], [ 37.087524414000143, -1.166242480999927 ], [ 37.087650300000064, -1.166517733999967 ], [ 37.087669373000097, -1.166994808999902 ], [ 37.08772659300007, -1.167178392999915 ], [ 37.088218689000087, -1.166829703999952 ], [ 37.088478089000091, -1.166682838999975 ], [ 37.08879089300018, -1.166499375999877 ], [ 37.089191437000125, -1.166572808999888 ], [ 37.089523315000065, -1.166939853999907 ], [ 37.089763641000047, -1.167288422999945 ], [ 37.090274810000153, -1.167618750999964 ], [ 37.090881348000039, -1.168242692999968 ], [ 37.091121673000146, -1.168591378999963 ], [ 37.091449738000165, -1.169050097999957 ], [ 37.092147828, -1.169508933999907 ], [ 37.092697144000169, -1.169765828999971 ], [ 37.093284606000111, -1.17009603899993 ], [ 37.093433381000068, -1.17042636799988 ], [ 37.093448639000087, -1.17152738599998 ], [ 37.093486786000142, -1.171766042999877 ], [ 37.094055175, -1.17209625299995 ], [ 37.09445953400018, -1.172298192999961 ], [ 37.094955445000096, -1.172628520999922 ], [ 37.095046997, -1.172958730999881 ], [ 37.095176697000113, -1.174298405999821 ], [ 37.095321655000191, -1.174683688999892 ], [ 37.095561981000174, -1.175087450999911 ], [ 37.095981598000151, -1.175381063999964 ], [ 37.096698761000084, -1.175766467999949 ], [ 37.097229004000155, -1.176023363999889 ], [ 37.097873689000153, -1.176298617999919 ], [ 37.098461151000038, -1.176610588999893 ], [ 37.098899842000037, -1.177014230999816 ], [ 37.099266052000132, -1.177417992999892 ], [ 37.099636079000106, -1.177950142999975 ], [ 37.099853516000053, -1.178445577999923 ], [ 37.100055694000105, -1.178830980999919 ], [ 37.100387574000024, -1.178959369999973 ], [ 37.10123062100007, -1.179051160999961 ], [ 37.101818084000058, -1.179161308999937 ], [ 37.102424622000171, -1.179326413999888 ], [ 37.102901459000122, -1.179491519999885 ], [ 37.103542327000184, -1.179546594999977 ], [ 37.104167939000092, -1.179491519999885 ], [ 37.104682923000041, -1.179491519999885 ], [ 37.105232239000031, -1.179656744999875 ], [ 37.105617524000024, -1.17982184799996 ], [ 37.106224060000102, -1.179968713999926 ], [ 37.106735229000037, -1.179950355999836 ], [ 37.10752487100018, -1.180023788999961 ], [ 37.108093263000171, -1.179950355999836 ], [ 37.10860824700012, -1.179895280999972 ], [ 37.109176635999972, -1.179675102999965 ], [ 37.109710694000114, -1.179528235999896 ], [ 37.110404969000115, -1.179528235999896 ], [ 37.110958099000072, -1.179675102999965 ], [ 37.111286162999988, -1.179968713999926 ], [ 37.111507415, -1.180611013999965 ], [ 37.111560822000115, -1.181106447999923 ], [ 37.111396790000185, -1.181748747999961 ], [ 37.11121368400012, -1.18224418099993 ], [ 37.111324309000167, -1.182978152999965 ], [ 37.111526489000028, -1.18334519799987 ], [ 37.111892701000102, -1.183785557999897 ], [ 37.112369538000053, -1.184464572999957 ], [ 37.112957001000041, -1.185106872999881 ], [ 37.113746643000184, -1.185473919999879 ], [ 37.114368439000145, -1.18574917299992 ], [ 37.114753723000035, -1.186006069999962 ], [ 37.115032196000072, -1.186409710999953 ], [ 37.115249633000019, -1.18674004199994 ], [ 37.115562438000097, -1.18754744499995 ], [ 37.11561966, -1.187804341999879 ], [ 37.116020202000129, -1.188336491999962 ], [ 37.116279602000077, -1.188813685999889 ], [ 37.116443634000177, -1.189345835999973 ], [ 37.116607667000153, -1.189712880999878 ], [ 37.117195129000095, -1.190134882999871 ], [ 37.11765670800014, -1.190557002999981 ], [ 37.117912293000074, -1.19105243599995 ], [ 37.118133546000024, -1.19193327499994 ], [ 37.118186951000041, -1.192245244999867 ], [ 37.118259429000034, -1.192593930999976 ], [ 37.118663788000163, -1.192648887999894 ], [ 37.119106294000176, -1.192483782999886 ], [ 37.119583129000148, -1.192116735999889 ], [ 37.120059966000042, -1.191658019999977 ], [ 37.120517730000074, -1.191199182999924 ], [ 37.120956421000074, -1.191034077999973 ], [ 37.121341706000067, -1.190979002999939 ], [ 37.121711731, -1.190850614999874 ], [ 37.122131348000039, -1.190373419999901 ], [ 37.122535705000189, -1.190189957999905 ], [ 37.122848511000143, -1.190006494999921 ], [ 37.123214721000068, -1.19007980799995 ], [ 37.123783111000193, -1.190483569999969 ], [ 37.124481201000037, -1.190923927999961 ], [ 37.125015258000076, -1.191346049999936 ], [ 37.125709533000077, -1.191676377999897 ], [ 37.126388550000172, -1.191951632999917 ], [ 37.126995086000079, -1.192447066999875 ], [ 37.127250671000184, -1.192905782999901 ], [ 37.127490997, -1.193272827999976 ], [ 37.127765655000189, -1.193731664999973 ], [ 37.128170014000148, -1.194575785999973 ], [ 37.12835311900011, -1.19527304199994 ], [ 37.128719329000035, -1.196025489999954 ], [ 37.129013061000194, -1.196630954999932 ], [ 37.129325867000148, -1.19723653799997 ], [ 37.129856110000048, -1.197897194999882 ], [ 37.130207062000125, -1.198355912999943 ], [ 37.131031037000184, -1.198833107999974 ], [ 37.131729125000049, -1.198759674999962 ], [ 37.13255691400002, -1.198594569999955 ], [ 37.133308412000019, -1.198300957999834 ], [ 37.13398742600009, -1.197842121999884 ], [ 37.134391785000048, -1.197365044999913 ], [ 37.134979248000093, -1.19628238599995 ], [ 37.135215759, -1.195309757999951 ], [ 37.135547637000116, -1.194410560999813 ], [ 37.136646271000075, -1.193346260999931 ], [ 37.136978149000186, -1.192924141999924 ], [ 37.137123108000026, -1.192593930999976 ], [ 37.137416839000082, -1.192226885999958 ], [ 37.137989044000051, -1.192025064999882 ], [ 37.138904572000172, -1.192281960999821 ], [ 37.139694214000144, -1.192795752999871 ], [ 37.140354157000104, -1.193291185999897 ], [ 37.140995025, -1.193804979999868 ], [ 37.141582489000143, -1.194355487999871 ], [ 37.142631531000063, -1.195034502999931 ], [ 37.14305114800004, -1.195254682999916 ], [ 37.14367675800014, -1.195254682999916 ], [ 37.144760131000169, -1.195144652999886 ], [ 37.145420074000128, -1.195016144999897 ], [ 37.146537782000053, -1.19470417499997 ], [ 37.147457122000105, -1.194575785999973 ], [ 37.148319245000096, -1.194153666999966 ], [ 37.14870452800011, -1.193933485999935 ], [ 37.149089813999979, -1.193658232999894 ], [ 37.149547578000067, -1.193401335999965 ], [ 37.149879456000122, -1.193346260999931 ], [ 37.150375366000162, -1.193327902999954 ], [ 37.151107788000161, -1.193456410999829 ], [ 37.15151214500014, -1.193658232999894 ], [ 37.152153015000067, -1.193970202999878 ], [ 37.152740478000055, -1.194465635999904 ], [ 37.153198242000144, -1.19470417499997 ], [ 37.153678894000109, -1.194685816999936 ], [ 37.154045106000183, -1.194575785999973 ], [ 37.154354096000191, -1.194300530999953 ], [ 37.154869079999969, -1.193896769999924 ], [ 37.155384064000145, -1.193474649999928 ], [ 37.155574798000089, -1.193340538999905 ], [ 37.155536651000091, -1.193781851999915 ], [ 37.155536651000091, -1.194446802999948 ], [ 37.155536651000091, -1.194481849999931 ], [ 37.155822754000042, -1.195420025999852 ], [ 37.155883790000075, -1.195614456999863 ], [ 37.155986787000188, -1.195940494999945 ], [ 37.15600586000005, -1.196007370999951 ], [ 37.156017303000056, -1.196044564999909 ], [ 37.15605545000011, -1.196192024999959 ], [ 37.156253815000071, -1.196905732999937 ], [ 37.15600586000005, -1.196990251999921 ], [ 37.155933380000135, -1.197015522999948 ], [ 37.155384064000145, -1.197400808999873 ], [ 37.154979705000187, -1.197733043999904 ], [ 37.154869079999969, -1.197822928999869 ], [ 37.154354096000191, -1.198226689999899 ], [ 37.154045106000183, -1.198501944999919 ], [ 37.153678894000109, -1.198611974999892 ], [ 37.153198242000144, -1.198630333999972 ], [ 37.152740478000055, -1.198391794999964 ], [ 37.152153015000067, -1.197896361999938 ], [ 37.151897430000133, -1.197772025999939 ], [ 37.15151214500014, -1.197584389999975 ], [ 37.151107788000161, -1.197382567999966 ], [ 37.150375366000162, -1.197254061999899 ], [ 37.149879456000122, -1.19727241999982 ], [ 37.149547578000067, -1.197327494999911 ], [ 37.149089813999979, -1.197584389999975 ], [ 37.148864746000015, -1.197745204999933 ], [ 37.148750305000078, -1.197826028999884 ], [ 37.14870452800011, -1.197859644999824 ], [ 37.148319245000096, -1.19807982299983 ], [ 37.147457122000105, -1.198501944999919 ], [ 37.147262573000091, -1.198529003999965 ], [ 37.146778106000056, -1.198596714999951 ], [ 37.146537782000053, -1.198630333999972 ], [ 37.145641327000021, -1.198880195999948 ], [ 37.145420074000128, -1.198942303999956 ], [ 37.145160675000056, -1.198992847999875 ], [ 37.144760131000169, -1.199070811999945 ], [ 37.14367675800014, -1.199180841999976 ], [ 37.143470763000039, -1.199180841999976 ], [ 37.14340973000003, -1.199180841999976 ], [ 37.14305114800004, -1.199180841999976 ], [ 37.142631531000063, -1.198960661999877 ], [ 37.141582489000143, -1.198281644999895 ], [ 37.140995025, -1.197731136999948 ], [ 37.140945435000162, -1.197691319999933 ], [ 37.140354157000104, -1.197217344999956 ], [ 37.139694214000144, -1.19672191199993 ], [ 37.138904572000172, -1.196208117999959 ], [ 37.137989044000051, -1.195951222999838 ], [ 37.137416839000082, -1.196153044999903 ], [ 37.137123108000026, -1.196520089999922 ], [ 37.136978149000186, -1.19685029999988 ], [ 37.136692048000043, -1.197214364999979 ], [ 37.136646271000075, -1.19727241999982 ], [ 37.135547637000116, -1.198336719999929 ], [ 37.135215759, -1.199235914999917 ], [ 37.135124207000104, -1.199608086999888 ], [ 37.134979248000093, -1.200208544999839 ], [ 37.134391785000048, -1.201291203999972 ], [ 37.13398742600009, -1.201768278999907 ], [ 37.133808135000095, -1.201890468999977 ], [ 37.133579254000097, -1.202044248999925 ], [ 37.133308412000019, -1.202227114999971 ], [ 37.13255691400002, -1.2025207289999 ], [ 37.131729125000049, -1.202685833999908 ], [ 37.131031037000184, -1.202759264999941 ], [ 37.130207062000125, -1.202282069999967 ], [ 37.129856110000048, -1.201823353999941 ], [ 37.129325867000148, -1.201162694999823 ], [ 37.129013061000194, -1.200557111999899 ], [ 37.128719329000035, -1.199951647999967 ], [ 37.12835311900011, -1.199199199999896 ], [ 37.12826919600019, -1.198882817999902 ], [ 37.128170014000148, -1.198501944999919 ], [ 37.127765655000189, -1.197657822999929 ], [ 37.127490997, -1.197198986999979 ], [ 37.127422333000027, -1.197096466999824 ], [ 37.127273559000116, -1.196865678999927 ], [ 37.127250671000184, -1.19683194199996 ], [ 37.126995086000079, -1.19637322299991 ], [ 37.126388550000172, -1.195877789999884 ], [ 37.125709533000077, -1.195602536999957 ], [ 37.125186921000136, -1.195354699999939 ], [ 37.125015258000076, -1.19527220699996 ], [ 37.124786377000078, -1.195091247999926 ], [ 37.124481201000037, -1.194850086999963 ], [ 37.123783111000193, -1.194409727999926 ], [ 37.123214721000068, -1.194005964999974 ], [ 37.122848511000143, -1.193932651999887 ], [ 37.122535705000189, -1.194116114999872 ], [ 37.122131348000039, -1.194299577999971 ], [ 37.121833802000083, -1.19463682199995 ], [ 37.121711731, -1.19477677299983 ], [ 37.121341706000067, -1.194905161999884 ], [ 37.121280671000079, -1.194913864999876 ], [ 37.120956421000074, -1.194960236999975 ], [ 37.120517730000074, -1.195125341999869 ], [ 37.120063781000113, -1.195578575999889 ], [ 37.119838715000128, -1.195796727999948 ], [ 37.119583129000148, -1.196042894999948 ], [ 37.119106294000176, -1.196409939999967 ], [ 37.118663788000163, -1.196575044999918 ], [ 37.118259429000034, -1.196520089999922 ], [ 37.118186951000041, -1.196171403999926 ], [ 37.118133546000024, -1.195859431999963 ], [ 37.117912293000074, -1.194978594999895 ], [ 37.117778779000048, -1.194717645999901 ], [ 37.11765670800014, -1.194483159999947 ], [ 37.117500306000181, -1.194340347999969 ], [ 37.117195129000095, -1.194061039999951 ], [ 37.116607667000153, -1.193639039999937 ], [ 37.116443634000177, -1.193271994999918 ], [ 37.116279602000077, -1.19273984299997 ], [ 37.116020202000129, -1.192262649999975 ], [ 37.11561966, -1.191730497999913 ], [ 37.115562438000097, -1.191473602999906 ], [ 37.115379334000181, -1.190996765999955 ], [ 37.115364074000183, -1.190963386999954 ], [ 37.115249633000019, -1.190666197999974 ], [ 37.115032196000072, -1.190335869999899 ], [ 37.114753723000035, -1.189932225999826 ], [ 37.114368439000145, -1.189675331999979 ], [ 37.114109040000073, -1.189560531999973 ], [ 37.113899230000129, -1.189467786999955 ], [ 37.113746643000184, -1.189400075999913 ], [ 37.112957001000041, -1.189033031999941 ], [ 37.112369538000053, -1.188390731999903 ], [ 37.112003326000092, -1.18787193199995 ], [ 37.111892701000102, -1.187711714999864 ], [ 37.111526489000028, -1.187271356999929 ], [ 37.111511230000076, -1.187243579999915 ], [ 37.111324309000167, -1.186904311999911 ], [ 37.11121368400012, -1.186170339999933 ], [ 37.111324309000167, -1.185869335999939 ], [ 37.111396790000185, -1.185674904999928 ], [ 37.111473084000124, -1.185369967999975 ], [ 37.111560822000115, -1.185032606999869 ], [ 37.111507415, -1.184537170999931 ], [ 37.111286162999988, -1.183894872999872 ], [ 37.110958099000072, -1.183601259999932 ], [ 37.110404969000115, -1.183454394999956 ], [ 37.109710694000114, -1.183454394999956 ], [ 37.109176635999972, -1.183601259999932 ], [ 37.10860824700012, -1.183821439999917 ], [ 37.108093263000171, -1.183876514999952 ], [ 37.10752487100018, -1.183949945999927 ], [ 37.107395172000054, -1.18393778799998 ], [ 37.106735229000037, -1.183876514999952 ], [ 37.106224060000102, -1.183894872999872 ], [ 37.105617524000024, -1.183748006999906 ], [ 37.105548859000123, -1.183717964999971 ], [ 37.105232239000031, -1.183582900999909 ], [ 37.104682923000041, -1.183417677999842 ], [ 37.104167939000092, -1.183417677999842 ], [ 37.103843689000087, -1.183446169999968 ], [ 37.103542327000184, -1.183472750999954 ], [ 37.102901459000122, -1.183417677999842 ], [ 37.102424622000171, -1.183252572999947 ], [ 37.101818084000058, -1.18308746799994 ], [ 37.10123062100007, -1.182977317999928 ], [ 37.100387574000024, -1.18288552599995 ], [ 37.100055694000105, -1.182757139999978 ], [ 37.099853516000053, -1.18237173499989 ], [ 37.099761962000116, -1.18216502699994 ], [ 37.099700927000129, -1.182019947999834 ], [ 37.099636079000106, -1.181876300999932 ], [ 37.099266052000132, -1.181344150999962 ], [ 37.098899842000037, -1.180940389999932 ], [ 37.098461151000038, -1.180536745999859 ], [ 37.097873689000153, -1.180224775999875 ], [ 37.097824097000114, -1.180202960999964 ], [ 37.097229004000155, -1.179949520999855 ], [ 37.097133637000184, -1.179903983999907 ], [ 37.096698761000084, -1.179692625999905 ], [ 37.095981598000151, -1.179307220999931 ], [ 37.095561981000174, -1.17901360999997 ], [ 37.095321655000191, -1.178609847999951 ], [ 37.095176697000113, -1.178224562999958 ], [ 37.095127105000074, -1.177703260999976 ], [ 37.09508895800019, -1.177299261999963 ], [ 37.095046997, -1.17688488999994 ], [ 37.094955445000096, -1.176554679999811 ], [ 37.09445953400018, -1.176224350999917 ], [ 37.09424209600013, -1.176116465999939 ], [ 37.094055175, -1.176022409999973 ], [ 37.093486786000142, -1.175692200999947 ], [ 37.093448639000087, -1.17545354299989 ], [ 37.093441009000173, -1.174787758999969 ], [ 37.093433381000068, -1.17435252599995 ], [ 37.093284606000111, -1.174022197999875 ], [ 37.092697144000169, -1.173691987999916 ], [ 37.092586516000097, -1.173640132999878 ], [ 37.092487334000054, -1.17359435599991 ], [ 37.092147828, -1.173435090999874 ], [ 37.091449738000165, -1.172976253999934 ], [ 37.091251374000137, -1.172698258999958 ], [ 37.091121673000146, -1.172517537999909 ], [ 37.091033936000088, -1.172388791999822 ], [ 37.090881348000039, -1.172168850999924 ], [ 37.090274810000153, -1.171544909999966 ], [ 37.089763641000047, -1.171214578999923 ], [ 37.089523315000065, -1.170866012999966 ], [ 37.089191437000125, -1.170498965999968 ], [ 37.08879089300018, -1.170425534999936 ], [ 37.088478089000091, -1.170608995999885 ], [ 37.08830642800018, -1.17070674799993 ], [ 37.088218689000087, -1.170755862999897 ], [ 37.088191985000037, -1.170773625999857 ], [ 37.08772659300007, -1.171104548999949 ], [ 37.087669373000097, -1.170920967999962 ], [ 37.087654115000078, -1.170536039999888 ], [ 37.087650300000064, -1.170443892999913 ], [ 37.087524414000143, -1.170168637999893 ], [ 37.087322235000158, -1.170021772999974 ], [ 37.086814881000123, -1.169693827999936 ], [ 37.086696625000116, -1.1696181289999 ], [ 37.086315155000136, -1.169522522999898 ], [ 37.086257935000049, -1.169507978999945 ], [ 37.085689545000093, -1.169251084999928 ], [ 37.085678100000109, -1.168971776999967 ], [ 37.085678100000109, -1.168922066999869 ], [ 37.085670472, -1.168718934999845 ], [ 37.085487366000166, -1.168296932999908 ], [ 37.085044860000153, -1.168058275999897 ], [ 37.084201813000107, -1.16765463299987 ], [ 37.083450318000189, -1.167397737999863 ], [ 37.082843780000076, -1.167324303999919 ], [ 37.082313537000175, -1.167305945999885 ], [ 37.081851958000072, -1.167232512999874 ], [ 37.08107757700003, -1.167499302999829 ], [ 37.080883025000105, -1.167596339999932 ], [ 37.080844879000153, -1.167616009999961 ], [ 37.080612183000085, -1.16769766699997 ], [ 37.080352783000137, -1.167790888999889 ], [ 37.080108642000084, -1.167930959999921 ], [ 37.079898834000119, -1.16804754799989 ], [ 37.079620361000082, -1.168000935999942 ], [ 37.079502106000177, -1.167779325999902 ], [ 37.079486847000055, -1.167629003999878 ], [ 37.079467774000193, -1.16747045399984 ], [ 37.079376220000086, -1.167172789999881 ], [ 37.079212189000089, -1.166962742999942 ], [ 37.07900238000002, -1.16681110799982 ], [ 37.078781127000127, -1.166846156999952 ], [ 37.078685760000155, -1.166962742999942 ], [ 37.078605651000146, -1.16719603599995 ], [ 37.078571319000162, -1.167441009999891 ], [ 37.078548431000058, -1.167546867999931 ], [ 37.078533173000039, -1.167616009999961 ], [ 37.078395844000113, -1.167744278999919 ], [ 37.078266143000121, -1.167802571999971 ], [ 37.078113556000062, -1.167860864999966 ], [ 37.077835083000025, -1.167802571999971 ], [ 37.077041625000049, -1.167907594999861 ], [ 37.076622008000072, -1.167907594999861 ], [ 37.076377869000055, -1.167779325999902 ], [ 37.0763359070001, -1.167750716999933 ], [ 37.076309204000154, -1.167733548999934 ], [ 37.076061249000134, -1.167569278999849 ], [ 37.075805665000132, -1.167429326999979 ], [ 37.075550080000028, -1.16748762199984 ], [ 37.075256347000163, -1.167674302999899 ], [ 37.075191498000038, -1.16773235799991 ], [ 37.075134278000064, -1.167785643999878 ], [ 37.075103759000115, -1.167814254999939 ], [ 37.075023651000095, -1.167930959999921 ], [ 37.074722289000192, -1.167930959999921 ], [ 37.074394226000152, -1.167802571999971 ], [ 37.074352264000026, -1.167785643999878 ], [ 37.074043275000122, -1.16766261999993 ], [ 37.07377624500009, -1.167709229999957 ], [ 37.073677063000048, -1.167785643999878 ], [ 37.073612212000114, -1.167837618999954 ], [ 37.073379516000045, -1.168000935999942 ], [ 37.073169709000183, -1.168012498999929 ], [ 37.072937013000114, -1.168024181999897 ], [ 37.07267761300011, -1.167907594999861 ], [ 37.072654725000177, -1.167674302999899 ], [ 37.072795869000117, -1.167441009999891 ], [ 37.072830200000055, -1.16736161599988 ], [ 37.072875977000024, -1.167254447999824 ], [ 37.072841644000107, -1.16698610799989 ], [ 37.07272720300017, -1.166951178999966 ], [ 37.07251739600008, -1.166776180999932 ], [ 37.072395325000059, -1.166723728999955 ], [ 37.072269439000081, -1.16667115599995 ], [ 37.072227477000183, -1.166628956999944 ], [ 37.07201385500008, -1.166402935999884 ], [ 37.071781159000011, -1.166321276999952 ], [ 37.071418762000178, -1.166193008999926 ], [ 37.071094514000151, -1.166006324999955 ], [ 37.070789337, -1.165773033999926 ], [ 37.070533753, -1.165621399999964 ], [ 37.070335388000046, -1.165656445999957 ], [ 37.070251465000126, -1.165796397999884 ], [ 37.070251465000126, -1.166018007999924 ], [ 37.070335388000046, -1.166332959999977 ], [ 37.070278168000129, -1.166566251999882 ], [ 37.070053100000109, -1.166776180999932 ], [ 37.069831848000149, -1.16698610799989 ], [ 37.069786073000159, -1.167161106999913 ], [ 37.069854736000082, -1.167335986999888 ], [ 37.069972992000089, -1.167386411999814 ], [ 37.070018769000058, -1.167406080999911 ], [ 37.070301057000108, -1.167464375999941 ], [ 37.070346832000098, -1.167580961999931 ], [ 37.070312500000114, -1.167779325999902 ], [ 37.070137024000132, -1.168035864999979 ], [ 37.069831848000149, -1.168339131999971 ], [ 37.069705964000036, -1.168595790999973 ], [ 37.069683075000171, -1.168933986999946 ], [ 37.069576263000044, -1.169062255999904 ], [ 37.069423676000099, -1.169085621999898 ], [ 37.06923675500019, -1.169062255999904 ], [ 37.068969727000137, -1.168887376999919 ], [ 37.068927765000183, -1.168863533999911 ], [ 37.068851471000073, -1.16882324199986 ], [ 37.068607330000077, -1.168689012999948 ], [ 37.068210601000033, -1.168665766999879 ], [ 37.067523957000049, -1.168782352999926 ], [ 37.06707000800003, -1.168817401999888 ], [ 37.066753388000166, -1.168782352999926 ], [ 37.0663795480001, -1.168560742999887 ], [ 37.066158295000037, -1.168537378999929 ], [ 37.065959931000123, -1.168630717999918 ], [ 37.065784454999971, -1.168794035999952 ], [ 37.065586091000114, -1.168945669999971 ], [ 37.065551757000094, -1.16909730499998 ], [ 37.065635681000117, -1.169213890999856 ], [ 37.065780640000128, -1.169425367999963 ], [ 37.065727235000054, -1.169645547999949 ], [ 37.065528870000094, -1.169715523999969 ], [ 37.065231324000138, -1.169858812999905 ], [ 37.065189362000069, -1.169878838999978 ], [ 37.065101623000146, -1.169957159999967 ], [ 37.064945221000187, -1.17010044999995 ], [ 37.064678193000134, -1.170426964999933 ], [ 37.064479829000049, -1.170613645999936 ], [ 37.064304351000089, -1.170695304999924 ], [ 37.064105987, -1.170720815999914 ], [ 37.063884736000091, -1.170637011999929 ], [ 37.063697815000182, -1.170613645999936 ], [ 37.063556671000072, -1.170718550999936 ], [ 37.063552856000172, -1.170871852999881 ], [ 37.063545228000066, -1.171115159999943 ], [ 37.063476562000062, -1.171208500999967 ], [ 37.063346863000106, -1.17125511099988 ], [ 37.063171388000058, -1.17125511099988 ], [ 37.062904357999969, -1.171196817999942 ], [ 37.062835694000171, -1.170986890999927 ], [ 37.062812806000068, -1.170613645999936 ], [ 37.062751770000148, -1.170496940999953 ], [ 37.062625885000159, -1.170392035999896 ], [ 37.062614442000154, -1.170099138999888 ], [ 37.062625885000159, -1.170073627999955 ], [ 37.062717439000096, -1.169890403999943 ], [ 37.062740325, -1.169703840999887 ], [ 37.06269455000006, -1.169482230999961 ], [ 37.062427520000142, -1.169377207999958 ], [ 37.062110901000153, -1.169318914999906 ], [ 37.061878205000085, -1.169237255999917 ], [ 37.061691284000176, -1.169015645999878 ], [ 37.061470031000056, -1.168782352999926 ], [ 37.061306, -1.168630717999918 ], [ 37.06118011500007, -1.168829082999878 ], [ 37.061084747000166, -1.169062255999904 ], [ 37.061004639000089, -1.169318914999906 ], [ 37.060874940000133, -1.169435620999877 ], [ 37.060844421000184, -1.169449208999936 ], [ 37.06061935300005, -1.169552205999935 ], [ 37.060348510999972, -1.169552205999935 ], [ 37.060153961000083, -1.169575571999928 ], [ 37.059917450000114, -1.169528842999966 ], [ 37.059772491000103, -1.169402598999909 ], [ 37.05971908600003, -1.169354796999869 ], [ 37.059558868000124, -1.169213890999856 ], [ 37.05936050400004, -1.168992279999884 ], [ 37.059162140000183, -1.169085621999898 ], [ 37.05907821600016, -1.169295548999969 ], [ 37.059051514000089, -1.169369219999908 ], [ 37.058998106999979, -1.169505596999898 ], [ 37.058799743000122, -1.16956388899996 ], [ 37.058528900000169, -1.169528842999966 ], [ 37.058120728000119, -1.169388890999926 ], [ 37.057880402000137, -1.169268130999967 ], [ 37.057830810000155, -1.169243216999973 ], [ 37.057727813000042, -1.169190644999958 ], [ 37.057270050999989, -1.169062255999904 ], [ 37.057014464000076, -1.16909730499998 ], [ 37.056835174000184, -1.169171093999864 ], [ 37.056758880000075, -1.169202326999937 ], [ 37.056488037000122, -1.169213890999856 ], [ 37.056110382000099, -1.169190286999935 ], [ 37.056037903, -1.169140576999894 ], [ 37.055976868000016, -1.16909730499998 ], [ 37.05587005600006, -1.168980716999897 ], [ 37.05563736, -1.168840645999978 ], [ 37.05540466400015, -1.168782352999926 ], [ 37.055114745000026, -1.16887569499994 ], [ 37.05482101400014, -1.169003962999966 ], [ 37.054344177000019, -1.169295548999969 ], [ 37.054039002000081, -1.16956388899996 ], [ 37.053806304000034, -1.169808863999947 ], [ 37.053619385000104, -1.170007109999915 ], [ 37.05347061100008, -1.170215367999958 ], [ 37.05342102100002, -1.170287012999893 ], [ 37.053367616000173, -1.170374631999948 ], [ 37.053188325000178, -1.170660257999884 ], [ 37.052978515, -1.170963524999934 ], [ 37.052722931000176, -1.17125511099988 ], [ 37.052478789000077, -1.171383499999934 ], [ 37.052253724000025, -1.171348452999894 ], [ 37.05207061800013, -1.171278476999873 ], [ 37.052036286000146, -1.171224474999917 ], [ 37.051906585000154, -1.171021817999872 ], [ 37.051856995000151, -1.170960664999939 ], [ 37.051708221000069, -1.17077696399997 ], [ 37.051544190000072, -1.170741914999894 ], [ 37.051311492000025, -1.170835255999975 ], [ 37.0511360160001, -1.170998573999896 ], [ 37.050983429000155, -1.171185134999973 ], [ 37.050903320000032, -1.171278476999873 ], [ 37.050830842000039, -1.171317218999889 ], [ 37.050682068000185, -1.17139506299992 ], [ 37.050556182000037, -1.171388864999869 ], [ 37.050212860000102, -1.171371816999965 ], [ 37.049842835000106, -1.17154669699994 ], [ 37.049583436000034, -1.171686768999905 ], [ 37.048896788999969, -1.171756744999925 ], [ 37.048545837000063, -1.171908378999944 ], [ 37.048404693000123, -1.172164915999929 ], [ 37.048351288000049, -1.172329901999944 ], [ 37.048301696000067, -1.172479867999812 ], [ 37.048091888999977, -1.172713159999944 ], [ 37.048015595000095, -1.172777174999965 ], [ 37.047740937000071, -1.17300474599989 ], [ 37.047451019000107, -1.17326140299997 ], [ 37.04698181200007, -1.173506258999907 ], [ 37.046669007000048, -1.173483012999952 ], [ 37.04643631100015, -1.173308014999918 ], [ 37.046188354000151, -1.173016428999972 ], [ 37.046112061000144, -1.172913550999965 ], [ 37.045909881000114, -1.172631502999934 ], [ 37.045742035999979, -1.172542571999941 ], [ 37.045665740000061, -1.17250323199994 ], [ 37.045478821000131, -1.172493813999893 ], [ 37.045200348000094, -1.172479867999812 ], [ 37.044898987000124, -1.172437786999978 ], [ 37.044872283000075, -1.172410129999889 ], [ 37.044731141000113, -1.172269940999911 ], [ 37.044521331000169, -1.172048330999871 ], [ 37.044300079000152, -1.171943305999889 ], [ 37.043903350000107, -1.171896695999976 ], [ 37.043529510000099, -1.171908378999944 ], [ 37.043193817000088, -1.17200160099992 ], [ 37.042945862000124, -1.172199964999834 ], [ 37.042785645000095, -1.172363280999946 ], [ 37.042633058000149, -1.172560571999895 ], [ 37.042613981999978, -1.172586678999949 ], [ 37.042457580000189, -1.172818183999823 ], [ 37.042037965000191, -1.173156379999909 ], [ 37.04169845600012, -1.173109769999883 ], [ 37.041431427000134, -1.17307472199991 ], [ 37.041221619000169, -1.172946452999952 ], [ 37.04081344500014, -1.172666549999974 ], [ 37.040637968999988, -1.172572015999947 ], [ 37.040287018000186, -1.172380565999958 ], [ 37.039741517000095, -1.172060011999974 ], [ 37.039272308000079, -1.172048330999871 ], [ 37.038528443000075, -1.172060011999974 ], [ 37.038211822999983, -1.172176598999954 ], [ 37.038181304000034, -1.172186016999831 ], [ 37.038070679000043, -1.172223208999981 ], [ 37.037975312000071, -1.172190784999941 ], [ 37.037757874000192, -1.172118305999902 ], [ 37.037185670000099, -1.172118305999902 ], [ 37.035995484000011, -1.172188281999922 ], [ 37.035423280000089, -1.172316550999881 ], [ 37.035015106000117, -1.17250323199994 ], [ 37.034671783000192, -1.172613977999958 ], [ 37.034362793000014, -1.172701478999954 ], [ 37.034034730000144, -1.172736525999881 ], [ 37.03358840900006, -1.172736525999881 ], [ 37.033439637000015, -1.172736525999881 ], [ 37.033382417000098, -1.172759888999963 ], [ 37.033138275000169, -1.172858953999821 ], [ 37.033008575000053, -1.172911405999969 ], [ 37.032730102000016, -1.17300474599989 ], [ 37.032485962000067, -1.17302811199994 ], [ 37.032215117000135, -1.173051357999952 ], [ 37.031948090000185, -1.172941922999939 ], [ 37.03190994300013, -1.172926424999901 ], [ 37.031818391000172, -1.172888159999843 ], [ 37.031494141000167, -1.172818183999823 ], [ 37.03096771100013, -1.172771453999928 ], [ 37.030525208000029, -1.172853110999938 ], [ 37.03019714300018, -1.172864793999963 ], [ 37.029941558000075, -1.172853110999938 ], [ 37.029346465000117, -1.172771453999928 ], [ 37.028972625000108, -1.172923086999958 ], [ 37.028682709000066, -1.173133015999952 ], [ 37.028587342000094, -1.173249839999926 ], [ 37.028343201000041, -1.173553228999879 ], [ 37.028285980000192, -1.173622964999879 ], [ 37.027900695000028, -1.174136160999979 ], [ 37.027587890000177, -1.174474358999873 ], [ 37.02717971900006, -1.174497722999945 ], [ 37.026920319000112, -1.17443942999995 ], [ 37.026805878000118, -1.174346088999926 ], [ 37.026729583000133, -1.17429113299994 ], [ 37.026554106999981, -1.174164414999836 ], [ 37.026500702000135, -1.174124477999896 ], [ 37.026081085000101, -1.173937916999932 ], [ 37.025569916, -1.173902869999949 ], [ 37.025207519000162, -1.174031138999908 ], [ 37.024902344, -1.174159526999972 ], [ 37.024501800999985, -1.174424171999931 ], [ 37.024284363000163, -1.174567698999965 ], [ 37.023876191000113, -1.174917697999888 ], [ 37.023479463000172, -1.175150870999914 ], [ 37.023117066000111, -1.175220966999859 ], [ 37.022792816000106, -1.175174236999965 ], [ 37.022407531999988, -1.174870967999937 ], [ 37.022289277000084, -1.174726365999959 ], [ 37.022117614000024, -1.17452216199996 ], [ 37.02207946700014, -1.174474358999873 ], [ 37.021659850000162, -1.174054502999979 ], [ 37.021324157000151, -1.173669576999941 ], [ 37.021018982000044, -1.17336630799997 ], [ 37.02067947400019, -1.173272967999878 ], [ 37.020332336000081, -1.173413036999932 ], [ 37.020027161000144, -1.173587917999896 ], [ 37.019828797000059, -1.173697352999909 ], [ 37.019771576000039, -1.173727869999937 ], [ 37.019538878000162, -1.173838971999885 ], [ 37.019222259000173, -1.173914550999939 ], [ 37.018932342000085, -1.173949479999976 ], [ 37.018428803000063, -1.17376291599993 ], [ 37.017875670000194, -1.173516988999893 ], [ 37.017688751000094, -1.173434375999932 ], [ 37.017589569000052, -1.173389673999964 ], [ 37.017158509000126, -1.173214672999961 ], [ 37.016727447000164, -1.17322635599993 ], [ 37.016395568000121, -1.173259496999833 ], [ 37.016326905000028, -1.173266529999978 ], [ 37.016262055000027, -1.173272967999878 ], [ 37.015548706000061, -1.173319697999943 ], [ 37.01493072500017, -1.173331378999933 ], [ 37.014686584000117, -1.173343061999901 ], [ 37.014312743, -1.172899722999887 ], [ 37.01423645, -1.172724842999912 ], [ 37.014137268000184, -1.17250323199994 ], [ 37.014045716000055, -1.172257542999887 ], [ 37.013927460000048, -1.171943305999889 ], [ 37.013576509000018, -1.171651719999943 ], [ 37.013168334999989, -1.17154669699994 ], [ 37.012783051000099, -1.17154669699994 ], [ 37.012577057000101, -1.171551464999823 ], [ 37.01243209800009, -1.171554684999819 ], [ 37.012271880000185, -1.171558379999965 ], [ 37.012016296000184, -1.17153060399994 ], [ 37.011840820000032, -1.171511767999903 ], [ 37.011692048000157, -1.171415448999937 ], [ 37.011444091000158, -1.17125511099988 ], [ 37.011104583000133, -1.170963524999934 ], [ 37.01083755500008, -1.170835255999975 ], [ 37.010566710000148, -1.170835255999975 ], [ 37.010169984000186, -1.170951841999965 ], [ 37.00984573400018, -1.171220181999956 ], [ 37.009708405000083, -1.17132532699992 ], [ 37.009616851000146, -1.171392321999974 ], [ 37.009506226000155, -1.171476721999852 ], [ 37.009086608000075, -1.171698331999892 ], [ 37.008621216000108, -1.171698331999892 ], [ 37.008235931000115, -1.171581743999923 ], [ 37.007862091000106, -1.171348452999894 ], [ 37.00751113900003, -1.171091793999892 ], [ 37.007125854000037, -1.170683621999956 ], [ 37.006977082000162, -1.17052602699988 ], [ 37.006938935000107, -1.170485376999977 ], [ 37.00666046200007, -1.170193671999925 ], [ 37.006404878000069, -1.169820426999934 ], [ 37.005924225000172, -1.169447183999978 ], [ 37.005458831, -1.169155597999918 ], [ 37.005107879000093, -1.169062255999904 ], [ 37.00476074300019, -1.169003962999966 ], [ 37.004669189000026, -1.168980716999897 ], [ 37.004566192000141, -1.168954372999963 ], [ 37.004070281000054, -1.168829082999878 ], [ 37.003372193000189, -1.168607471999962 ], [ 37.002731323000091, -1.168269155999951 ], [ 37.00233459500015, -1.167942522999908 ], [ 37.002063752000026, -1.167476056999931 ], [ 37.002048493000132, -1.167441724999946 ], [ 37.001876831000118, -1.167102813999975 ], [ 37.001808167000092, -1.167005181999968 ], [ 37.001411439000151, -1.166426299999955 ], [ 37.001121520000083, -1.166111349999937 ], [ 37.000652313000046, -1.165784716999894 ], [ 37.000240326000153, -1.165589092999937 ], [ 36.999931335000099, -1.16556215199995 ], [ 36.999744416000169, -1.165481447999923 ], [ 36.999435424000183, -1.165306567999949 ], [ 36.999271393000186, -1.165145157999916 ], [ 36.999031067000033, -1.164916395999967 ], [ 36.998775483000031, -1.164687752999896 ], [ 36.99860000700005, -1.16458010599996 ], [ 36.998466491000045, -1.164593576999948 ], [ 36.998344422000116, -1.16464734099992 ], [ 36.99823761, -1.164768456999923 ], [ 36.998264314000096, -1.164983749999976 ], [ 36.998344422000116, -1.165157912999973 ], [ 36.998371124000016, -1.165212392999877 ], [ 36.998386382000035, -1.165602563999926 ], [ 36.998291015000063, -1.165804385999934 ], [ 36.998088836000136, -1.165858147999927 ], [ 36.997833251000031, -1.165723561999812 ], [ 36.997619629000098, -1.165467976999878 ], [ 36.997524262000127, -1.165306567999949 ], [ 36.997444153000174, -1.165145157999916 ], [ 36.997310639000148, -1.164822219999905 ], [ 36.997257232000095, -1.164613604999886 ], [ 36.997200012000121, -1.164391756999919 ], [ 36.997055054000043, -1.164082287999975 ], [ 36.996852875000116, -1.16396129199984 ], [ 36.996623992000082, -1.16393434999992 ], [ 36.9964485160001, -1.163988112999903 ], [ 36.996177673000034, -1.164048193999918 ], [ 36.996143342000096, -1.16405630099996 ], [ 36.996086121000076, -1.164068936999968 ], [ 36.995803832999968, -1.164109228999905 ], [ 36.99549102900005, -1.164028524999878 ], [ 36.995372773000042, -1.163893938999934 ], [ 36.995277404000035, -1.16366529499993 ], [ 36.995262146000186, -1.16361582299993 ], [ 36.995155335000163, -1.163288592999947 ], [ 36.994926452000129, -1.163221359999966 ], [ 36.99446868900003, -1.163207888999921 ], [ 36.994434356999989, -1.163202523999928 ], [ 36.994297028000119, -1.163180947999933 ], [ 36.994255066000164, -1.163112043999888 ], [ 36.994094848000088, -1.162858127999868 ], [ 36.99400329600013, -1.162793993999969 ], [ 36.993824006000068, -1.162669778999827 ], [ 36.993515014000081, -1.162454485999945 ], [ 36.993259429000148, -1.162024020999866 ], [ 36.993301391000045, -1.161754965999876 ], [ 36.993434905000072, -1.161364792999962 ], [ 36.993610383000032, -1.161041974999875 ], [ 36.993747712000129, -1.160631655999964 ], [ 36.993972778000114, -1.160086749999891 ], [ 36.99400329600013, -1.159753799999976 ], [ 36.994026185000166, -1.159467935999942 ], [ 36.99400329600013, -1.159361243999967 ], [ 36.993957519000162, -1.159144995999952 ], [ 36.993824006000068, -1.159010529999932 ], [ 36.993762970000148, -1.158969282999976 ], [ 36.993572234000169, -1.158842801999924 ], [ 36.993461609000178, -1.158768295999948 ], [ 36.993312837000133, -1.158539652999934 ], [ 36.993286133000026, -1.158189891999882 ], [ 36.993259429000148, -1.158088206999821 ], [ 36.993206024000074, -1.157866953999871 ], [ 36.993003845000146, -1.157705545999931 ], [ 36.992774964000091, -1.157544135999899 ], [ 36.992679597000119, -1.157288551999898 ], [ 36.992599488000167, -1.157032846999869 ], [ 36.992591858000083, -1.15690255099986 ], [ 36.992584228000112, -1.156738875999906 ], [ 36.992546081000114, -1.156023859999891 ], [ 36.992412567000031, -1.15588939099996 ], [ 36.992141724000135, -1.155660627999964 ], [ 36.991859436000027, -1.155445455999825 ], [ 36.991619110000045, -1.15528392799996 ], [ 36.991348267000092, -1.15516292999996 ], [ 36.990974427000083, -1.155001521999964 ], [ 36.990383146999989, -1.154972910999959 ], [ 36.989303589000031, -1.154920697999842 ], [ 36.989036559000169, -1.154826520999961 ], [ 36.988925934000122, -1.154665110999929 ], [ 36.988906860000156, -1.154435277999823 ], [ 36.988899230000072, -1.154355763999888 ], [ 36.98883438200005, -1.154073237999967 ], [ 36.988712311000143, -1.153992532999951 ], [ 36.988414765000016, -1.154019355999935 ], [ 36.988224031000073, -1.154086946999939 ], [ 36.988185882000039, -1.154100059999962 ], [ 36.987998963000109, -1.15415394199988 ], [ 36.987663269000052, -1.154073237999967 ], [ 36.98741912800017, -1.153952120999975 ], [ 36.987194062000185, -1.153790712999978 ], [ 36.986907959000064, -1.153642653999952 ], [ 36.98670959500015, -1.153440951999869 ], [ 36.98657226600011, -1.153198719999978 ], [ 36.986507415000119, -1.152916191999964 ], [ 36.986484527000187, -1.152880667999966 ], [ 36.986370086000079, -1.152687548999893 ], [ 36.986225127000068, -1.152391551999926 ], [ 36.985942841000167, -1.152122496999937 ], [ 36.985790252000015, -1.152047395999944 ], [ 36.985725404000164, -1.152014851999922 ], [ 36.985717772999976, -1.151947735999954 ], [ 36.98563003400011, -1.151221154999973 ], [ 36.985469819000059, -1.151073097999813 ], [ 36.985229493000077, -1.1508713959999 ], [ 36.98492050100009, -1.15072333899991 ], [ 36.984622955000191, -1.150575399999923 ], [ 36.984367370000086, -1.150521516999902 ], [ 36.983856201000151, -1.150292873999888 ], [ 36.983547210999973, -1.150185226999952 ], [ 36.983291627000142, -1.150185226999952 ], [ 36.983036040000059, -1.150292873999888 ], [ 36.98286056500018, -1.150373577999915 ], [ 36.982769013000109, -1.150455235999914 ], [ 36.982646942000031, -1.150561928999878 ], [ 36.982509613000104, -1.150669573999892 ], [ 36.980655671000193, -1.150615691999974 ], [ 36.98035812400019, -1.150575399999923 ], [ 36.979980469000111, -1.150494693999917 ], [ 36.979793548000032, -1.15041398999989 ], [ 36.979644776000157, -1.150265931999968 ], [ 36.979576111000029, -1.150077580999948 ], [ 36.979537963999974, -1.149916170999916 ], [ 36.979545594000115, -1.149835586999927 ], [ 36.979568482000047, -1.14967107699988 ], [ 36.979576111000029, -1.149593352999943 ], [ 36.97972488500011, -1.149378060999879 ], [ 36.979660034000176, -1.148732302999917 ], [ 36.979564667000147, -1.148490189999961 ], [ 36.979404450000118, -1.148234486999968 ], [ 36.979228974000193, -1.148046135999891 ], [ 36.978878021000185, -1.147952078999936 ], [ 36.97867584300019, -1.147952078999936 ], [ 36.978355408000027, -1.147777080999958 ], [ 36.978057862000128, -1.147696374999839 ], [ 36.977840424000078, -1.147750256999927 ], [ 36.977668761000132, -1.147857904999967 ], [ 36.977466584000013, -1.147925137999948 ], [ 36.977336883000021, -1.147940395999967 ], [ 36.977237701000035, -1.147952078999936 ], [ 36.977092742000025, -1.147913216999939 ], [ 36.97688674900013, -1.147857904999967 ], [ 36.976684570000145, -1.147763727999973 ], [ 36.976390839000089, -1.147669552999844 ], [ 36.975837708000086, -1.147696374999839 ], [ 36.975624085000106, -1.147830962999876 ], [ 36.975460053000177, -1.148005841999975 ], [ 36.975086213000168, -1.148272275999886 ], [ 36.975044251000043, -1.148301839999931 ], [ 36.974628449000136, -1.148534296999969 ], [ 36.97438430699998, -1.148611187999961 ], [ 36.974227905000191, -1.148602841999946 ], [ 36.974178315000188, -1.148600219999935 ], [ 36.974128723000149, -1.148597716999973 ], [ 36.973873138000044, -1.148559689999956 ], [ 36.973766326000089, -1.148543953999877 ], [ 36.973323822000111, -1.148503541999901 ], [ 36.972877502000131, -1.148490189999961 ], [ 36.972015381000119, -1.148140310999963 ], [ 36.97179412800017, -1.148050308999814 ], [ 36.971359253000173, -1.147871254999927 ], [ 36.970737457000041, -1.147682903999964 ], [ 36.970226288000106, -1.147494554999923 ], [ 36.969837188999975, -1.147333144999891 ], [ 36.969165803000067, -1.147199988999887 ], [ 36.969127656000182, -1.14719533899995 ], [ 36.968616485000098, -1.147135375999937 ], [ 36.968231201000151, -1.146909354999934 ], [ 36.967811584000174, -1.146672606999971 ], [ 36.96761703500016, -1.146567224999956 ], [ 36.967189788000042, -1.146334647999879 ], [ 36.967079162000175, -1.146274447999872 ], [ 36.966659545000141, -1.146059154999932 ], [ 36.966205597000055, -1.145865438999977 ], [ 36.965774536000026, -1.145704030999923 ], [ 36.96570205800009, -1.145692943999961 ], [ 36.965354919000049, -1.145639418999906 ], [ 36.964958191000051, -1.145564079999872 ], [ 36.964580535000096, -1.145434975999933 ], [ 36.964344024000127, -1.145219683999926 ], [ 36.964183807000154, -1.144864558999927 ], [ 36.964107513000044, -1.144552469999951 ], [ 36.963989258000083, -1.144186496999964 ], [ 36.963989258000083, -1.143906711999875 ], [ 36.963947296000185, -1.143454670999972 ], [ 36.963935853000066, -1.143043041999931 ], [ 36.962959289000082, -1.143633483999849 ], [ 36.962909699000022, -1.143663405999916 ], [ 36.963008881000064, -1.143462658999908 ], [ 36.963317871000072, -1.143276571999877 ], [ 36.964294434000124, -1.14268612799998 ], [ 36.964481353000053, -1.142566681999938 ], [ 36.96475601100002, -1.142321347999882 ], [ 36.965393066000104, -1.141700863999972 ], [ 36.965728759000058, -1.141216992999944 ], [ 36.965908050000053, -1.14096200399996 ], [ 36.966495515000076, -1.140118956999913 ], [ 36.969543458000146, -1.135528921999935 ], [ 36.969081879000044, -1.135159611999939 ], [ 36.967712402000132, -1.134175060999894 ], [ 36.969184876000099, -1.131959676999941 ], [ 36.968723297000054, -1.131590364999909 ], [ 36.967300415000068, -1.130565166999929 ], [ 36.966781616000048, -1.130241871999829 ], [ 36.963226319000114, -1.127766847999965 ], [ 36.961795807000101, -1.126723169999934 ], [ 36.96043777400007, -1.125735042999963 ], [ 36.959903716000099, -1.125402569999892 ], [ 36.959396362000064, -1.125993609999966 ], [ 36.958988191000117, -1.126621603999865 ], [ 36.958454133000146, -1.127526639999871 ], [ 36.957824706000054, -1.12856101999995 ], [ 36.957290649000186, -1.12941074299988 ], [ 36.956413270000155, -1.130639075999909 ], [ 36.956829072000062, -1.131045459999882 ], [ 36.957401275999985, -1.131497977999913 ], [ 36.956707001000041, -1.132412313999907 ], [ 36.956584931000066, -1.13222074499987 ], [ 36.956378936000135, -1.131908654999961 ], [ 36.95615386999998, -1.131714940999927 ], [ 36.955776215000128, -1.131521223999812 ], [ 36.955574036000144, -1.131542682999964 ], [ 36.95534896800018, -1.131618023999977 ], [ 36.95520782400007, -1.131693361999908 ], [ 36.954387665000127, -1.131714940999927 ], [ 36.954196928999977, -1.1315964449999 ], [ 36.954055787000016, -1.131467341999951 ], [ 36.953990937000185, -1.131284355999924 ], [ 36.953819276000104, -1.130574106999973 ], [ 36.953723907000096, -1.130369542999972 ], [ 36.953540803000067, -1.130240438999977 ], [ 36.953357697000172, -1.130143521999969 ], [ 36.953216553000061, -1.130089759999919 ], [ 36.952945710000108, -1.129992842999911 ], [ 36.951786041000162, -1.129831432999879 ], [ 36.951549530000079, -1.129756093999958 ], [ 36.951385497000103, -1.129659294999954 ], [ 36.951148986000135, -1.12951934299997 ], [ 36.950954437000121, -1.129379390999873 ], [ 36.950847627000144, -1.129185676999896 ], [ 36.950763703000121, -1.128927349999969 ], [ 36.950634002000186, -1.128636836999874 ], [ 36.950698852000187, -1.128400087999921 ], [ 36.950893402000133, -1.12808787799986 ], [ 36.951160431000119, -1.12763595499996 ], [ 36.951194763000103, -1.127356051999868 ], [ 36.951129913000045, -1.127054689999909 ], [ 36.951065064000147, -1.126893281999969 ], [ 36.950794218999988, -1.1266995659999 ], [ 36.950408936000031, -1.126473544999953 ], [ 36.950115205000145, -1.126161455999977 ], [ 36.949848175000056, -1.12583851799991 ], [ 36.949695588000168, -1.125580310999965 ], [ 36.949665069, -1.125268100999961 ], [ 36.949729919000049, -1.124773024999968 ], [ 36.949707031000116, -1.124277949999907 ], [ 36.949653626000043, -1.123793721999903 ], [ 36.949577332000104, -1.123621463999882 ], [ 36.949310302000072, -1.123492359999943 ], [ 36.948944092000147, -1.123223304999954 ], [ 36.948600769000052, -1.12297570599992 ], [ 36.948135375000106, -1.12267434499995 ], [ 36.947879790000172, -1.122416137999892 ], [ 36.947750092000092, -1.122222303999934 ], [ 36.947563171000184, -1.121829151999975 ], [ 36.94751358100018, -1.121727227999827 ], [ 36.947296143000131, -1.121372103999931 ], [ 36.947101594000117, -1.121092317999967 ], [ 36.946857452000131, -1.120737075999955 ], [ 36.946617126000149, -1.120338917999959 ], [ 36.946254729000088, -1.120026825999901 ], [ 36.946090699000024, -1.119790076999948 ], [ 36.94583511400009, -1.119477867999876 ], [ 36.945594788000108, -1.119219659999828 ], [ 36.945552826000039, -1.118993639999928 ], [ 36.945369720000144, -1.118681549999962 ], [ 36.945014954000101, -1.118100284999912 ], [ 36.944946288000097, -1.117950320999967 ] ] ] ] } },
{ "type": "Feature", "properties": { "GID_3": "KEN.13.4.5_1", "GID_0": "KEN", "COUNTRY": "Kenya", "GID_1": "KEN.13_1", "NAME_1": "Kiambu", "NL_NAME_1": "NA", "GID_2": "KEN.13.4_1", "NAME_2": "Juja", "NL_NAME_2": "NA", "NAME_3": "Witeithie", "VARNAME_3": "NA", "NL_NAME_3": "NA", "TYPE_3": "Ward", "ENGTYPE_3": "Ward", "CC_3": "562", "HASC_3": "NA" }, "geometry": { "type": "MultiPolygon", "coordinates": [ [ [ [ 36.948444367000093, -1.021182655999951 ], [ 36.951015472000108, -1.017268537999826 ], [ 36.953720094000062, -1.013166545999979 ], [ 36.957412720000036, -1.007621407999977 ], [ 36.957561494000117, -1.007519125999977 ], [ 36.957687377000127, -1.007371423999928 ], [ 36.957805633000135, -1.007277487999943 ], [ 36.958049774000187, -1.007371423999928 ], [ 36.95829010000017, -1.007496474999868 ], [ 36.958469391000165, -1.007632850999869 ], [ 36.95870971800008, -1.007757781999828 ], [ 36.958957672000167, -1.00788283299994 ], [ 36.959220887000185, -1.00803053299984 ], [ 36.959472656000173, -1.008234976999972 ], [ 36.959629058000132, -1.008439541999905 ], [ 36.959846496000182, -1.00867819799987 ], [ 36.96002960200002, -1.008825896999895 ], [ 36.960311890000128, -1.009337185999925 ], [ 36.96043777400007, -1.009507656999915 ], [ 36.960582733000081, -1.00975763799994 ], [ 36.960788727000079, -1.009916780999959 ], [ 36.961105347000171, -1.010166764999951 ], [ 36.961483002000023, -1.010234950999973 ], [ 36.961765289000027, -1.010314464999965 ], [ 36.962173462000123, -1.010462163999932 ], [ 36.962436675000163, -1.010507583999868 ], [ 36.962924958000144, -1.010587214999816 ], [ 36.963096618000122, -1.010621308999873 ], [ 36.963390350000111, -1.010746239999889 ], [ 36.963596344000109, -1.011007546999963 ], [ 36.963890076000098, -1.011325716999977 ], [ 36.964321136000024, -1.011905311999897 ], [ 36.964630128000181, -1.012246131999916 ], [ 36.96498107900004, -1.012700675999952 ], [ 36.965312957000094, -1.013166545999979 ], [ 36.965389251000033, -1.01330292199998 ], [ 36.965503693000073, -1.013461946999882 ], [ 36.965606689000083, -1.01362144899997 ], [ 36.968456269000114, -1.009323952999921 ], [ 36.969760895000093, -1.007172584999978 ], [ 36.971427918000074, -1.004809140999839 ], [ 36.974925995000035, -0.999460935999821 ], [ 36.97551727300015, -0.998582244999966 ], [ 36.976123809000057, -0.99918818499998 ], [ 36.976730347000114, -0.999779105999949 ], [ 36.976951600000064, -0.999977469999919 ], [ 36.977008820000151, -1.000029562999885 ], [ 36.978729248000036, -1.001567481999928 ], [ 36.979801178000116, -1.00227045999992 ], [ 36.980754853000064, -1.002779960999874 ], [ 36.981956482000101, -1.003267526999934 ], [ 36.982780456000057, -1.003504990999943 ], [ 36.984340669000119, -1.004004953999925 ], [ 36.984901428000057, -1.004672884999934 ], [ 36.985740662000183, -1.004642485999909 ], [ 36.985881806000179, -1.004605054999899 ], [ 36.986469269000168, -1.004542468999887 ], [ 36.986553192000088, -1.004692553999973 ], [ 36.986694336000085, -1.004917501999898 ], [ 36.986865997000166, -1.005267500999935 ], [ 36.987018584000054, -1.00546753499998 ], [ 36.98734283400006, -1.005967497999848 ], [ 36.987506867000036, -1.006430029999933 ], [ 36.987678528000117, -1.006842611999957 ], [ 36.987842560000047, -1.007217526999966 ], [ 36.988040925000178, -1.007955073999881 ], [ 36.988094330000081, -1.008355139999935 ], [ 36.988319398000044, -1.008867621999912 ], [ 36.988418580000086, -1.00919258499988 ], [ 36.988456727000141, -1.009505151999974 ], [ 36.988578797000116, -1.009780166999917 ], [ 36.988655091, -1.010092616999941 ], [ 36.98883056700015, -1.010580181999956 ], [ 36.988929749000192, -1.011105178999969 ], [ 36.989006042000028, -1.011667727999964 ], [ 36.989078521000067, -1.012130259999935 ], [ 36.989116668000122, -1.012655256999949 ], [ 36.98913192800012, -1.013205289999974 ], [ 36.989116668000122, -1.013555288999896 ], [ 36.989204407000159, -1.013980268999887 ], [ 36.989356994000104, -1.014317749999918 ], [ 36.989479065000182, -1.014567731999932 ], [ 36.98968124400011, -1.014880298999913 ], [ 36.989891052000075, -1.015142797999886 ], [ 36.990093231000174, -1.015492796999979 ], [ 36.990280152000082, -1.015792845999954 ], [ 36.990516663000051, -1.015955328999951 ], [ 36.991153718000078, -1.017130373999919 ], [ 36.991718292000087, -1.017905354999925 ], [ 36.992366790000062, -1.018792866999831 ], [ 36.992816926000046, -1.019067881999945 ], [ 36.993179321000071, -1.019367933999888 ], [ 36.993629456000122, -1.019730447999962 ], [ 36.99426650900017, -1.020005463999951 ], [ 36.994853974000193, -1.020142912999972 ], [ 36.995265961000086, -1.020230411999933 ], [ 36.995643616000166, -1.02039289399994 ], [ 36.996154785000044, -1.020655393999903 ], [ 36.996593475000111, -1.020955442999878 ], [ 36.997005462, -1.021117925999931 ], [ 36.997505188000162, -1.021192906999886 ], [ 36.997894287000122, -1.02123045899998 ], [ 36.998256683000079, -1.021430492999912 ], [ 36.998767852000185, -1.021780491999948 ], [ 36.999031067000033, -1.021930455999893 ], [ 36.999343872000054, -1.022068022999918 ], [ 36.999618530000021, -1.022205471999939 ], [ 37.000030517000141, -1.022380469999916 ], [ 37.000492096000187, -1.022480486999939 ], [ 37.001800537000179, -1.02346646799981 ], [ 37.002616883000087, -1.023973701999921 ], [ 37.003124237000122, -1.024304509999979 ], [ 37.004489898000031, -1.024988054999938 ], [ 37.005134583000029, -1.025286912999889 ], [ 37.005973815000175, -1.025677679999887 ], [ 37.006446837000055, -1.025956749999978 ], [ 37.006912231000172, -1.026180027999885 ], [ 37.007469178000179, -1.026421903999903 ], [ 37.007740020000028, -1.026524303999963 ], [ 37.008251189000134, -1.026663780999968 ], [ 37.00860595600011, -1.026896356999828 ], [ 37.009117127000025, -1.027296422999882 ], [ 37.009563446000072, -1.027752278999969 ], [ 37.009944916000052, -1.028115033999939 ], [ 37.01033401400008, -1.028468607999969 ], [ 37.010986328000058, -1.028905747999886 ], [ 37.011329651000096, -1.029054641999949 ], [ 37.011825562000183, -1.029315114999918 ], [ 37.012207032000163, -1.029454708999936 ], [ 37.012538910000046, -1.029529094999873 ], [ 37.012680054000043, -1.029696582999975 ], [ 37.012977601000046, -1.029901264999921 ], [ 37.013294220000034, -1.03006863499985 ], [ 37.013526916000103, -1.030254720999949 ], [ 37.013713837000012, -1.030357003999882 ], [ 37.013908387000129, -1.030291915999953 ], [ 37.01435470500013, -1.030375718999949 ], [ 37.014801025999986, -1.030729173999873 ], [ 37.015571595000097, -1.031361817999823 ], [ 37.016010285000164, -1.031650184999876 ], [ 37.01650238100018, -1.032115340999894 ], [ 37.017349243000069, -1.032701372999895 ], [ 37.018280028999982, -1.033296823999876 ], [ 37.019042970000157, -1.033743381999955 ], [ 37.019592286000147, -1.034078240999975 ], [ 37.020336151000151, -1.034524798999939 ], [ 37.021137238000051, -1.034878252999874 ], [ 37.022121429000038, -1.035538791999898 ], [ 37.023174286000028, -1.036338805999947 ], [ 37.023826599000074, -1.036897062999969 ], [ 37.024475097000106, -1.037436604999925 ], [ 37.024856567000029, -1.037790059999963 ], [ 37.025070190000065, -1.038097143999948 ], [ 37.025386810000157, -1.038385509999898 ], [ 37.025665283000194, -1.038608789999898 ], [ 37.025981903000059, -1.038869261999878 ], [ 37.026393890000179, -1.039027451999914 ], [ 37.026828765000175, -1.039092540999889 ], [ 37.027339936000089, -1.039157628999931 ], [ 37.027622222000161, -1.039194822999889 ], [ 37.02788925200008, -1.039353012999925 ], [ 37.028335571000127, -1.03979027299988 ], [ 37.028514861000076, -1.03997635699983 ], [ 37.028755188000105, -1.040078638999944 ], [ 37.029014587000177, -1.040022848999854 ], [ 37.029323577000184, -1.039929746999974 ], [ 37.029544830000077, -1.039762376999875 ], [ 37.029758453999989, -1.039594888999886 ], [ 37.029937743000175, -1.039473890999886 ], [ 37.030105591000051, -1.039464592999934 ], [ 37.030689240000129, -1.039473890999886 ], [ 37.031154632000039, -1.039585590999934 ], [ 37.031799315, -1.039753078999979 ], [ 37.032627106000064, -1.039836762999926 ], [ 37.033443450000107, -1.039762376999875 ], [ 37.034149170000035, -1.03977167499994 ], [ 37.034912109000174, -1.039762376999875 ], [ 37.035797120000154, -1.039836762999926 ], [ 37.036384583000142, -1.039966940999932 ], [ 37.036766053000122, -1.03997635699983 ], [ 37.037071227000126, -1.039911150999956 ], [ 37.03768539400005, -1.039864658999932 ], [ 37.038112641000168, -1.039827464999917 ], [ 37.03875732400013, -1.039911150999956 ], [ 37.039340973000151, -1.040078638999944 ], [ 37.039825439000083, -1.040218232999962 ], [ 37.040290833000086, -1.040432095999961 ], [ 37.040664673000094, -1.040599583999949 ], [ 37.0409889230001, -1.040804265999952 ], [ 37.041164399000024, -1.040915845999848 ], [ 37.04167556800013, -1.041315911999902 ], [ 37.041938782999978, -1.041511296999886 ], [ 37.042171479000046, -1.041622876999895 ], [ 37.042572022000058, -1.041864752999913 ], [ 37.042850495000096, -1.041976450999925 ], [ 37.043025971000077, -1.042022942999949 ], [ 37.04329681400003, -1.042013644999884 ], [ 37.043518067000093, -1.041948556999955 ], [ 37.043853760000104, -1.041874050999979 ], [ 37.044132233000141, -1.041827558999955 ], [ 37.044261932000097, -1.041771768999979 ], [ 37.044589997000173, -1.041743874999952 ], [ 37.045089721000124, -1.041883348999875 ], [ 37.045631408000077, -1.042143940999949 ], [ 37.046085357000095, -1.042376398999977 ], [ 37.046478271000069, -1.04260897599994 ], [ 37.046859741, -1.042906761999973 ], [ 37.047279358000026, -1.04341840799998 ], [ 37.047538758000144, -1.043632387999878 ], [ 37.047863006000171, -1.043976544999964 ], [ 37.04890441900011, -1.045334815999979 ], [ 37.049156189000144, -1.045548795999935 ], [ 37.04936981100002, -1.045790671999953 ], [ 37.04959487900004, -1.046060441999884 ], [ 37.049724578000166, -1.04627442199984 ], [ 37.049846649000074, -1.046683668999947 ], [ 37.049945831000116, -1.047055840999917 ], [ 37.05009460500014, -1.047362802999828 ], [ 37.05030059700016, -1.047697781999943 ], [ 37.050460815000065, -1.047921061999944 ], [ 37.050487518000068, -1.04828381599998 ], [ 37.050487518000068, -1.048646687999906 ], [ 37.050579070000026, -1.049158334999959 ], [ 37.050727845000154, -1.049642084999959 ], [ 37.050868989000094, -1.049967644999867 ], [ 37.050979614000084, -1.050256013999956 ], [ 37.051204682000048, -1.050600289999977 ], [ 37.051445008000087, -1.050907253999981 ], [ 37.051807403000112, -1.051483988999848 ], [ 37.052078248000043, -1.051753878999875 ], [ 37.05237579400017, -1.052228210999942 ], [ 37.052440643000125, -1.052777171999821 ], [ 37.052505493000126, -1.053242325999918 ], [ 37.052616118000174, -1.053632973999925 ], [ 37.052692414000092, -1.053958654999974 ], [ 37.052848816000051, -1.054293512999948 ], [ 37.053604127000085, -1.05496752199997 ], [ 37.052524566000045, -1.05668985799997 ], [ 37.052467346000071, -1.056779621999965 ], [ 37.051914215000068, -1.057665705999909 ], [ 37.049179077000076, -1.062229751999951 ], [ 37.04593277000015, -1.0676314829999 ], [ 37.044120788000157, -1.070759653999971 ], [ 37.043811798000149, -1.071238278999886 ], [ 37.034698486000025, -1.082248209999932 ], [ 37.034446717000037, -1.082062601999951 ], [ 37.034004211000024, -1.081762074999972 ], [ 37.033424377000188, -1.081305740999937 ], [ 37.03297805800014, -1.080971717999944 ], [ 37.032676696000067, -1.08076024099995 ], [ 37.032669068000132, -1.080170272999965 ], [ 37.032566071000076, -1.079814075999877 ], [ 37.032222748000152, -1.079502463999972 ], [ 37.031700133000186, -1.079279780999912 ], [ 37.030899048000038, -1.079001545999972 ], [ 37.03000640900018, -1.07870101899988 ], [ 37.02923965500014, -1.07841157799993 ], [ 37.029014587000177, -1.078244684999959 ], [ 37.028839111000082, -1.077932952999959 ], [ 37.028759003000175, -1.07766580599997 ], [ 37.028625489000149, -1.077276229999882 ], [ 37.028427125000064, -1.077009081999961 ], [ 37.028224945000034, -1.076908944999957 ], [ 37.027847290000125, -1.07680869099994 ], [ 37.027435303000061, -1.076697467999963 ], [ 37.027046203000054, -1.076541542999905 ], [ 37.026367188000052, -1.076374649999877 ], [ 37.025775910000164, -1.076207636999925 ], [ 37.025478364000094, -1.076074122999955 ], [ 37.025032043000181, -1.075806975999967 ], [ 37.024898529000154, -1.075606583999843 ], [ 37.02473068200004, -1.075205802999903 ], [ 37.024597168000184, -1.075005530999931 ], [ 37.024497986000142, -1.074660419999873 ], [ 37.024387360000048, -1.074549078999894 ], [ 37.024085999000079, -1.07449340699992 ], [ 37.023906708000084, -1.07452690599996 ], [ 37.023719787000118, -1.074638128999936 ], [ 37.023574830000143, -1.074782847999813 ], [ 37.023384094000164, -1.074949860999936 ], [ 37.023151398000095, -1.075038909999932 ], [ 37.02275085399998, -1.075083374999963 ], [ 37.022159576000092, -1.074994324999977 ], [ 37.021968842000149, -1.074905275999924 ], [ 37.021781921000013, -1.074738382999954 ], [ 37.02159118700007, -1.07449340699992 ], [ 37.021446228000059, -1.074204085999952 ], [ 37.021289825000167, -1.073892353999952 ], [ 37.021144866000157, -1.073591826999916 ], [ 37.021022797000114, -1.073358058999872 ], [ 37.02087020800019, -1.073191165999901 ], [ 37.020622254000102, -1.072779296999954 ], [ 37.020435333000194, -1.072456478999868 ], [ 37.020233153000163, -1.072155951999889 ], [ 37.019989014000089, -1.071899889999941 ], [ 37.019809723000094, -1.07176637699996 ], [ 37.01942062300003, -1.071699500999955 ], [ 37.018932342000085, -1.071677326999975 ], [ 37.018543244, -1.071599363999951 ], [ 37.018207551000046, -1.071454643999857 ], [ 37.017875670000194, -1.07125425299995 ], [ 37.017505645000085, -1.071165203999954 ], [ 37.017307281000171, -1.07119870199989 ], [ 37.016670226000144, -1.071187496999869 ], [ 37.016315460000101, -1.071076153999968 ], [ 37.016147614000033, -1.070942639999942 ], [ 37.015991212000074, -1.070675492999953 ], [ 37.015914916000156, -1.070519685999955 ], [ 37.015682220000087, -1.069651484999952 ], [ 37.015560149, -1.069417713999883 ], [ 37.015426636000086, -1.069183945999896 ], [ 37.015247345000091, -1.069039225999916 ], [ 37.014434814000083, -1.068438172999947 ], [ 37.014122009000062, -1.068204401999935 ], [ 37.013965607000102, -1.068048594999937 ], [ 37.013744354000153, -1.067725776999964 ], [ 37.013687134000065, -1.067458629999976 ], [ 37.013645172000111, -1.067080139999916 ], [ 37.013523101000033, -1.066390036999962 ], [ 37.013431549000131, -1.06585574199994 ], [ 37.013298035999981, -1.065510630999938 ], [ 37.01314163100011, -1.065321444999881 ], [ 37.012687682000148, -1.065020917999902 ], [ 37.012096405000136, -1.064586757999962 ], [ 37.011516572000062, -1.064330815999824 ], [ 37.011138917000153, -1.064208269999881 ], [ 37.010261536000087, -1.063974618999907 ], [ 37.009769440000071, -1.063930033999952 ], [ 37.008903503000113, -1.063807605999955 ], [ 37.00841140700004, -1.063685177999957 ], [ 37.007900238000161, -1.06341802999998 ], [ 37.00756836000005, -1.06313979499987 ], [ 37.006931305000194, -1.06259429399995 ], [ 37.006652832000157, -1.062360525999964 ], [ 37.006420136000088, -1.061937570999874 ], [ 37.006164551000154, -1.061113834999901 ], [ 37.005851747000179, -1.06065750099998 ], [ 37.005485535000105, -1.060256837999873 ], [ 37.00508499100016, -1.059922813999947 ], [ 37.004882812000062, -1.059856055999944 ], [ 37.004482270000153, -1.059822678999922 ], [ 37.00409317000009, -1.059878349999906 ], [ 37.003749848000098, -1.060023068999897 ], [ 37.003402710000159, -1.060212254999954 ], [ 37.003036500000064, -1.060334680999915 ], [ 37.002758027000027, -1.060334680999915 ], [ 37.002414703000056, -1.060189961999868 ], [ 37.002002716000163, -1.059967398999902 ], [ 37.001377105000131, -1.059533237999972 ], [ 37.000942229000032, -1.059266090999813 ], [ 37.00057602000004, -1.059110283999871 ], [ 37.000087739000037, -1.058876514999895 ], [ 36.999706269000114, -1.058876514999895 ], [ 36.999267578000115, -1.058806181999955 ], [ 36.998718262000182, -1.058627723999905 ], [ 36.998168945000089, -1.058508752999956 ], [ 36.997661591000053, -1.058389781999949 ], [ 36.997230529999968, -1.058241127999906 ], [ 36.996757508000087, -1.057765245999974 ], [ 36.996414185000049, -1.057527303999905 ], [ 36.995922088999976, -1.057497620999925 ], [ 36.99549102900005, -1.057438134999927 ], [ 36.995193482000047, -1.057363748999876 ], [ 36.994823455000073, -1.057348845999968 ], [ 36.994495391999976, -1.057229875999894 ], [ 36.994243623000045, -1.057006834999925 ], [ 36.993843079000101, -1.056486367999923 ], [ 36.993602753000118, -1.056174158999966 ], [ 36.993274690000078, -1.055683372999852 ], [ 36.993156432000035, -1.055385946999934 ], [ 36.99303817700013, -1.054820894999978 ], [ 36.992889404000152, -1.054285524999898 ], [ 36.99271011400009, -1.053884028999903 ], [ 36.992412567000031, -1.053378462999831 ], [ 36.992012023000143, -1.053051351999954 ], [ 36.991565705000141, -1.052634954999974 ], [ 36.991046906000122, -1.052352426999846 ], [ 36.99067306500018, -1.052129386999866 ], [ 36.990287780000187, -1.051787375999879 ], [ 36.989856720000034, -1.051519632999941 ], [ 36.989482880000025, -1.05120742299988 ], [ 36.989395141000159, -1.051058648999913 ], [ 36.989276885000152, -1.050582885999972 ], [ 36.989173890000075, -1.050166486999899 ], [ 36.989036559000169, -1.049705504999963 ], [ 36.988861083000188, -1.049259423999899 ], [ 36.988563537000061, -1.048709153999937 ], [ 36.988399506000121, -1.048456429999874 ], [ 36.988025666000055, -1.048307656999953 ], [ 36.987686158000031, -1.047846675999892 ], [ 36.987224579000156, -1.047534465999888 ], [ 36.986732483000083, -1.047162650999951 ], [ 36.986583709000058, -1.047013996999908 ], [ 36.986255646000188, -1.04674625399997 ], [ 36.985946654000031, -1.04644882599996 ], [ 36.985454559000061, -1.046300172999906 ], [ 36.984992982000165, -1.046166299999925 ], [ 36.984622955000191, -1.04598784399991 ], [ 36.98406982400013, -1.045735119999961 ], [ 36.983669280000072, -1.045378207999931 ], [ 36.983314513000096, -1.045006394999973 ], [ 36.983119964000082, -1.044709085999898 ], [ 36.982986450000055, -1.044485925999936 ], [ 36.982601165000062, -1.044203399999901 ], [ 36.98231506400009, -1.04392087399998 ], [ 36.982154846000185, -1.043727634999868 ], [ 36.981842042000039, -1.043489693999902 ], [ 36.981586457000105, -1.043281436999905 ], [ 36.981246949000081, -1.042969226999901 ], [ 36.980949402000078, -1.042627215999971 ], [ 36.980785369999978, -1.042404175999877 ], [ 36.98057556200007, -1.042076944999906 ], [ 36.980323791000103, -1.041853904999925 ], [ 36.979923249000194, -1.041392922999876 ], [ 36.979579926000099, -1.041184782999892 ], [ 36.979194640000173, -1.040976523999973 ], [ 36.978881836000085, -1.040783284999975 ], [ 36.978538514000093, -1.040545343999895 ], [ 36.978363036000133, -1.040307402999929 ], [ 36.978137971000081, -1.040114045999928 ], [ 36.977901459000066, -1.0399504909999 ], [ 36.977497101000154, -1.039474605999942 ], [ 36.97724533100012, -1.039117811999915 ], [ 36.976993562000132, -1.038686513999949 ], [ 36.9767265320001, -1.038285017999954 ], [ 36.976444244000163, -1.037853717999951 ], [ 36.976161956000112, -1.037511705999918 ], [ 36.975715637000178, -1.037303566999924 ], [ 36.975536346000183, -1.037184595999918 ], [ 36.975387574000138, -1.036842584999874 ], [ 36.97526931800013, -1.036485670999923 ], [ 36.975238800000113, -1.036173463999944 ], [ 36.975120544000049, -1.035638093999978 ], [ 36.97482299800015, -1.035385251999912 ], [ 36.974582672000167, -1.03523659699988 ], [ 36.974109649000184, -1.034894585999893 ], [ 36.97397613600009, -1.034626840999977 ], [ 36.973884582000153, -1.034076690999939 ], [ 36.973854065000182, -1.033645390999936 ], [ 36.973766326000089, -1.033095239999966 ], [ 36.97375106800007, -1.032158374999824 ], [ 36.973617554000043, -1.031801580999968 ], [ 36.973438263000048, -1.031474350999872 ], [ 36.973274230000072, -1.031072854999877 ], [ 36.973247529000105, -1.030225276999943 ], [ 36.973083496000129, -1.029600738999932 ], [ 36.972919464000029, -1.029392480999945 ], [ 36.972637176000148, -1.029332995999823 ], [ 36.972396851000042, -1.029258726999956 ], [ 36.97196578900008, -1.029139756999882 ], [ 36.971683503000179, -1.028976201999967 ], [ 36.971477509000181, -1.028782844999967 ], [ 36.971313476000034, -1.02858948599993 ], [ 36.97108841000005, -1.028396248999854 ], [ 36.970821380000189, -1.028217792999897 ], [ 36.970466614000145, -1.028083919999858 ], [ 36.97002029500004, -1.027920364999886 ], [ 36.96973800700016, -1.027875779999931 ], [ 36.969276428000057, -1.027860878999945 ], [ 36.96899414000012, -1.027860878999945 ], [ 36.968429566000168, -1.027860878999945 ], [ 36.96811676100009, -1.027831077999963 ], [ 36.967876435000107, -1.027831077999963 ], [ 36.967254638000099, -1.027756809999971 ], [ 36.966762543000129, -1.027637838999965 ], [ 36.966255189000094, -1.027489066999919 ], [ 36.965808868000011, -1.027414797999825 ], [ 36.965484620000041, -1.027310608999926 ], [ 36.965274810000096, -1.027057886999955 ], [ 36.96497726400014, -1.02677536099992 ], [ 36.964740753, -1.026552319999951 ], [ 36.964366913000163, -1.026314376999892 ], [ 36.96398162800017, -1.026269791999937 ], [ 36.963668823000148, -1.026314376999892 ], [ 36.963356018000127, -1.026358961999961 ], [ 36.96307373000019, -1.02628457499992 ], [ 36.9627189630001, -1.026076435999926 ], [ 36.962406158000022, -1.025957464999863 ], [ 36.961929321000127, -1.025868177999939 ], [ 36.961692810000159, -1.025719523999953 ], [ 36.961425780000127, -1.025630354999976 ], [ 36.961139679000155, -1.025496482999927 ], [ 36.960857391000047, -1.025347708999959 ], [ 36.960399627000186, -1.025258539999925 ], [ 36.960144043000184, -1.025362609999945 ], [ 36.95989227300015, -1.025466679999909 ], [ 36.95967102000003, -1.025555968999925 ], [ 36.95934295700016, -1.025615453999876 ], [ 36.959060669000053, -1.025749324999936 ], [ 36.958717346000185, -1.025734424999882 ], [ 36.958255769000118, -1.025645135999866 ], [ 36.958003997000048, -1.025570868999921 ], [ 36.957618714000034, -1.025422094999954 ], [ 36.95740890400009, -1.02518415399993 ], [ 36.957214355000076, -1.024842142999944 ], [ 36.956932066999968, -1.02463400299996 ], [ 36.956459045000088, -1.024544715999923 ], [ 36.95620346000004, -1.024574517999895 ], [ 36.955684661000191, -1.024574517999895 ], [ 36.95520782400007, -1.024381160999894 ], [ 36.954730987000119, -1.024113535999959 ], [ 36.954448700000114, -1.023786425999901 ], [ 36.95436096200018, -1.023637651999934 ], [ 36.953987121000068, -1.023265956999921 ], [ 36.953617096000073, -1.022983430999886 ], [ 36.953098297000054, -1.022581933999902 ], [ 36.952857971000071, -1.022403478999877 ], [ 36.952072144000113, -1.022153616999901 ], [ 36.951793671000075, -1.022122620999824 ], [ 36.951374054000098, -1.021890043999917 ], [ 36.951019287000179, -1.021833299999969 ], [ 36.95098495600007, -1.021828053999968 ], [ 36.95078659100011, -1.021874545999879 ], [ 36.950584412000126, -1.021998524999958 ], [ 36.950412751000044, -1.022122620999824 ], [ 36.950225830000136, -1.022200106999946 ], [ 36.950069428000177, -1.022218464999924 ], [ 36.94996261600005, -1.02223110299991 ], [ 36.949623107000093, -1.022246598999971 ], [ 36.949203492000095, -1.022107124999934 ], [ 36.948879242000089, -1.021967530999973 ], [ 36.948631286000193, -1.021719455999857 ], [ 36.948490144000061, -1.021440385999938 ], [ 36.948444367000093, -1.021182655999951 ] ] ] ] } },
{ "type": "Feature", "properties": { "GID_3": "KEN.13.4.1_1", "GID_0": "KEN", "COUNTRY": "Kenya", "GID_1": "KEN.13_1", "NAME_1": "Kiambu", "NL_NAME_1": "NA", "GID_2": "KEN.13.4_1", "NAME_2": "Juja", "NL_NAME_2": "NA", "NAME_3": "Juja", "VARNAME_3": "NA", "NL_NAME_3": "NA", "TYPE_3": "Ward", "ENGTYPE_3": "Ward", "CC_3": "561", "HASC_3": "NA" }, "geometry": { "type": "MultiPolygon", "coordinates": [ [ [ [ 36.943439484000123, -1.058453559999975 ], [ 36.94696045000012, -1.053270339999926 ], [ 36.950542450000057, -1.04755806999998 ], [ 36.951553345000093, -1.045903324999927 ], [ 36.954082489000143, -1.042379496999956 ], [ 36.954196928999977, -1.04222071199996 ], [ 36.955619813000112, -1.04023849899994 ], [ 36.955299378000177, -1.040011285999981 ], [ 36.955059052000024, -1.03983747999996 ], [ 36.954818725000109, -1.039663791999885 ], [ 36.95429611100019, -1.039276241999971 ], [ 36.953922271000181, -1.038795113999868 ], [ 36.95389556900011, -1.038340687999948 ], [ 36.953804016000106, -1.038113474999875 ], [ 36.953601836000075, -1.037538884999947 ], [ 36.953521729000101, -1.037178038999912 ], [ 36.953414917000146, -1.036883949999947 ], [ 36.953216553000061, -1.036696910999979 ], [ 36.952800751000098, -1.036389468999971 ], [ 36.952400207000039, -1.036215780999896 ], [ 36.952186585000106, -1.036042094999914 ], [ 36.951999664000027, -1.035761356999956 ], [ 36.951866150000171, -1.035560964999888 ], [ 36.95169067400019, -1.03545403499993 ], [ 36.951263429000107, -1.03526687599998 ], [ 36.95080947800011, -1.035200117999977 ], [ 36.950435638000101, -1.035079836999955 ], [ 36.950195312000119, -1.034959553999954 ], [ 36.949607849000074, -1.034732340999881 ], [ 36.949394226000095, -1.034799216999943 ], [ 36.94927215600012, -1.034879325999896 ], [ 36.948978424000131, -1.034946203999937 ], [ 36.948776245000033, -1.034946203999937 ], [ 36.948444367000093, -1.034932850999951 ], [ 36.948028565000129, -1.034946203999937 ], [ 36.947895051000103, -1.034999608999897 ], [ 36.947669983000139, -1.035146592999979 ], [ 36.947467804000041, -1.035307049999915 ], [ 36.947280885000112, -1.035520790999954 ], [ 36.947067260000097, -1.03570794999996 ], [ 36.946865083000148, -1.035694598999953 ], [ 36.945049285000039, -1.03570794999996 ], [ 36.944686890000128, -1.035574315999952 ], [ 36.944553375, -1.03546738599988 ], [ 36.944274902000188, -1.035360455999978 ], [ 36.943859100000054, -1.035307049999915 ], [ 36.943607330000191, -1.035307049999915 ], [ 36.943473816000164, -1.035360455999978 ], [ 36.943164825000053, -1.035587668999881 ], [ 36.942901612000071, -1.035777092999922 ], [ 36.942829131000167, -1.035828232999961 ], [ 36.942588807, -1.036001920999979 ], [ 36.942348481000181, -1.036135553999827 ], [ 36.942108155000028, -1.036135553999827 ], [ 36.941654206000067, -1.036122201999945 ], [ 36.941226959000119, -1.036122201999945 ], [ 36.941093445000092, -1.036255834999906 ], [ 36.940773010000157, -1.036469697999962 ], [ 36.940525055000137, -1.036455273999877 ], [ 36.940330506000123, -1.03644299399997 ], [ 36.939956664000078, -1.036255834999906 ], [ 36.939704895000148, -1.036095499999874 ], [ 36.939476014000093, -1.03593516299992 ], [ 36.939331055000139, -1.035868286999914 ], [ 36.939205169000161, -1.035705803999974 ], [ 36.944461823000097, -1.0274888269999 ], [ 36.945823669000163, -1.025524257999962 ], [ 36.946937561000141, -1.023660659999962 ], [ 36.94695281900016, -1.023636818999876 ], [ 36.948207856000124, -1.02153682799991 ], [ 36.948444367000093, -1.021182655999951 ], [ 36.948490144000061, -1.021440385999938 ], [ 36.948631286000193, -1.021719455999857 ], [ 36.948879242000089, -1.021967530999973 ], [ 36.949203492000095, -1.022107124999934 ], [ 36.949623107000093, -1.022246598999971 ], [ 36.94996261600005, -1.02223110299991 ], [ 36.950069428000177, -1.022218464999924 ], [ 36.950225830000136, -1.022200106999946 ], [ 36.950412751000044, -1.022122620999824 ], [ 36.950584412000126, -1.021998524999958 ], [ 36.95078659100011, -1.021874545999879 ], [ 36.95098495600007, -1.021828053999968 ], [ 36.951019287000179, -1.021833299999969 ], [ 36.951374054000098, -1.021890043999917 ], [ 36.951793671000075, -1.022122620999824 ], [ 36.952072144000113, -1.022153616999901 ], [ 36.952857971000071, -1.022403478999877 ], [ 36.953098297000054, -1.022581933999902 ], [ 36.953617096000073, -1.022983430999886 ], [ 36.953987121000068, -1.023265956999921 ], [ 36.95436096200018, -1.023637651999934 ], [ 36.954448700000114, -1.023786425999901 ], [ 36.954730987000119, -1.024113535999959 ], [ 36.95520782400007, -1.024381160999894 ], [ 36.955684661000191, -1.024574517999895 ], [ 36.95620346000004, -1.024574517999895 ], [ 36.956459045000088, -1.024544715999923 ], [ 36.956932066999968, -1.02463400299996 ], [ 36.957214355000076, -1.024842142999944 ], [ 36.95740890400009, -1.02518415399993 ], [ 36.957618714000034, -1.025422094999954 ], [ 36.958003997000048, -1.025570868999921 ], [ 36.958255769000118, -1.025645135999866 ], [ 36.958717346000185, -1.025734424999882 ], [ 36.959060669000053, -1.025749324999936 ], [ 36.95934295700016, -1.025615453999876 ], [ 36.95967102000003, -1.025555968999925 ], [ 36.95989227300015, -1.025466679999909 ], [ 36.960144043000184, -1.025362609999945 ], [ 36.960399627000186, -1.025258539999925 ], [ 36.960857391000047, -1.025347708999959 ], [ 36.961139679000155, -1.025496482999927 ], [ 36.961425780000127, -1.025630354999976 ], [ 36.961692810000159, -1.025719523999953 ], [ 36.961929321000127, -1.025868177999939 ], [ 36.962406158000022, -1.025957464999863 ], [ 36.9627189630001, -1.026076435999926 ], [ 36.96307373000019, -1.02628457499992 ], [ 36.963356018000127, -1.026358961999961 ], [ 36.963668823000148, -1.026314376999892 ], [ 36.96398162800017, -1.026269791999937 ], [ 36.964366913000163, -1.026314376999892 ], [ 36.964740753, -1.026552319999951 ], [ 36.96497726400014, -1.02677536099992 ], [ 36.965274810000096, -1.027057886999955 ], [ 36.965484620000041, -1.027310608999926 ], [ 36.965808868000011, -1.027414797999825 ], [ 36.966255189000094, -1.027489066999919 ], [ 36.966762543000129, -1.027637838999965 ], [ 36.967254638000099, -1.027756809999971 ], [ 36.967876435000107, -1.027831077999963 ], [ 36.96811676100009, -1.027831077999963 ], [ 36.968429566000168, -1.027860878999945 ], [ 36.96899414000012, -1.027860878999945 ], [ 36.969276428000057, -1.027860878999945 ], [ 36.96973800700016, -1.027875779999931 ], [ 36.97002029500004, -1.027920364999886 ], [ 36.970466614000145, -1.028083919999858 ], [ 36.970821380000189, -1.028217792999897 ], [ 36.97108841000005, -1.028396248999854 ], [ 36.971313476000034, -1.02858948599993 ], [ 36.971477509000181, -1.028782844999967 ], [ 36.971683503000179, -1.028976201999967 ], [ 36.97196578900008, -1.029139756999882 ], [ 36.972396851000042, -1.029258726999956 ], [ 36.972637176000148, -1.029332995999823 ], [ 36.972919464000029, -1.029392480999945 ], [ 36.973083496000129, -1.029600738999932 ], [ 36.973247529000105, -1.030225276999943 ], [ 36.973274230000072, -1.031072854999877 ], [ 36.973438263000048, -1.031474350999872 ], [ 36.973617554000043, -1.031801580999968 ], [ 36.97375106800007, -1.032158374999824 ], [ 36.973766326000089, -1.033095239999966 ], [ 36.973854065000182, -1.033645390999936 ], [ 36.973884582000153, -1.034076690999939 ], [ 36.97397613600009, -1.034626840999977 ], [ 36.974109649000184, -1.034894585999893 ], [ 36.974582672000167, -1.03523659699988 ], [ 36.97482299800015, -1.035385251999912 ], [ 36.975120544000049, -1.035638093999978 ], [ 36.975238800000113, -1.036173463999944 ], [ 36.97526931800013, -1.036485670999923 ], [ 36.975387574000138, -1.036842584999874 ], [ 36.975536346000183, -1.037184595999918 ], [ 36.975715637000178, -1.037303566999924 ], [ 36.976161956000112, -1.037511705999918 ], [ 36.976444244000163, -1.037853717999951 ], [ 36.9767265320001, -1.038285017999954 ], [ 36.976993562000132, -1.038686513999949 ], [ 36.97724533100012, -1.039117811999915 ], [ 36.977497101000154, -1.039474605999942 ], [ 36.977901459000066, -1.0399504909999 ], [ 36.978137971000081, -1.040114045999928 ], [ 36.978363036000133, -1.040307402999929 ], [ 36.978538514000093, -1.040545343999895 ], [ 36.978881836000085, -1.040783284999975 ], [ 36.979194640000173, -1.040976523999973 ], [ 36.979579926000099, -1.041184782999892 ], [ 36.979923249000194, -1.041392922999876 ], [ 36.980323791000103, -1.041853904999925 ], [ 36.98057556200007, -1.042076944999906 ], [ 36.980785369999978, -1.042404175999877 ], [ 36.980949402000078, -1.042627215999971 ], [ 36.981246949000081, -1.042969226999901 ], [ 36.981586457000105, -1.043281436999905 ], [ 36.981842042000039, -1.043489693999902 ], [ 36.982154846000185, -1.043727634999868 ], [ 36.98231506400009, -1.04392087399998 ], [ 36.982601165000062, -1.044203399999901 ], [ 36.982986450000055, -1.044485925999936 ], [ 36.983119964000082, -1.044709085999898 ], [ 36.983314513000096, -1.045006394999973 ], [ 36.983669280000072, -1.045378207999931 ], [ 36.98406982400013, -1.045735119999961 ], [ 36.984622955000191, -1.04598784399991 ], [ 36.984992982000165, -1.046166299999925 ], [ 36.985454559000061, -1.046300172999906 ], [ 36.985946654000031, -1.04644882599996 ], [ 36.986255646000188, -1.04674625399997 ], [ 36.986583709000058, -1.047013996999908 ], [ 36.986732483000083, -1.047162650999951 ], [ 36.987224579000156, -1.047534465999888 ], [ 36.987686158000031, -1.047846675999892 ], [ 36.988025666000055, -1.048307656999953 ], [ 36.988399506000121, -1.048456429999874 ], [ 36.988563537000061, -1.048709153999937 ], [ 36.988861083000188, -1.049259423999899 ], [ 36.989036559000169, -1.049705504999963 ], [ 36.989173890000075, -1.050166486999899 ], [ 36.989276885000152, -1.050582885999972 ], [ 36.989395141000159, -1.051058648999913 ], [ 36.989482880000025, -1.05120742299988 ], [ 36.989856720000034, -1.051519632999941 ], [ 36.990287780000187, -1.051787375999879 ], [ 36.99067306500018, -1.052129386999866 ], [ 36.991046906000122, -1.052352426999846 ], [ 36.991565705000141, -1.052634954999974 ], [ 36.992012023000143, -1.053051351999954 ], [ 36.992412567000031, -1.053378462999831 ], [ 36.99271011400009, -1.053884028999903 ], [ 36.992889404000152, -1.054285524999898 ], [ 36.99303817700013, -1.054820894999978 ], [ 36.993156432000035, -1.055385946999934 ], [ 36.993274690000078, -1.055683372999852 ], [ 36.993602753000118, -1.056174158999966 ], [ 36.993843079000101, -1.056486367999923 ], [ 36.994243623000045, -1.057006834999925 ], [ 36.994495391999976, -1.057229875999894 ], [ 36.994823455000073, -1.057348845999968 ], [ 36.995193482000047, -1.057363748999876 ], [ 36.99549102900005, -1.057438134999927 ], [ 36.995922088999976, -1.057497620999925 ], [ 36.996414185000049, -1.057527303999905 ], [ 36.996757508000087, -1.057765245999974 ], [ 36.997230529999968, -1.058241127999906 ], [ 36.997661591000053, -1.058389781999949 ], [ 36.998168945000089, -1.058508752999956 ], [ 36.998718262000182, -1.058627723999905 ], [ 36.999267578000115, -1.058806181999955 ], [ 36.999706269000114, -1.058876514999895 ], [ 37.000087739000037, -1.058876514999895 ], [ 37.00057602000004, -1.059110283999871 ], [ 37.000942229000032, -1.059266090999813 ], [ 37.001377105000131, -1.059533237999972 ], [ 37.002002716000163, -1.059967398999902 ], [ 37.002414703000056, -1.060189961999868 ], [ 37.002758027000027, -1.060334680999915 ], [ 37.003036500000064, -1.060334680999915 ], [ 37.003402710000159, -1.060212254999954 ], [ 37.003749848000098, -1.060023068999897 ], [ 37.00409317000009, -1.059878349999906 ], [ 37.004482270000153, -1.059822678999922 ], [ 37.004882812000062, -1.059856055999944 ], [ 37.00508499100016, -1.059922813999947 ], [ 37.005485535000105, -1.060256837999873 ], [ 37.005851747000179, -1.06065750099998 ], [ 37.006164551000154, -1.061113834999901 ], [ 37.006420136000088, -1.061937570999874 ], [ 37.006652832000157, -1.062360525999964 ], [ 37.006931305000194, -1.06259429399995 ], [ 37.00756836000005, -1.06313979499987 ], [ 37.007900238000161, -1.06341802999998 ], [ 37.00841140700004, -1.063685177999957 ], [ 37.008903503000113, -1.063807605999955 ], [ 37.009769440000071, -1.063930033999952 ], [ 37.010261536000087, -1.063974618999907 ], [ 37.011138917000153, -1.064208269999881 ], [ 37.011516572000062, -1.064330815999824 ], [ 37.012096405000136, -1.064586757999962 ], [ 37.012687682000148, -1.065020917999902 ], [ 37.01314163100011, -1.065321444999881 ], [ 37.013298035999981, -1.065510630999938 ], [ 37.013431549000131, -1.06585574199994 ], [ 37.013523101000033, -1.066390036999962 ], [ 37.013645172000111, -1.067080139999916 ], [ 37.013687134000065, -1.067458629999976 ], [ 37.013744354000153, -1.067725776999964 ], [ 37.013965607000102, -1.068048594999937 ], [ 37.014122009000062, -1.068204401999935 ], [ 37.014434814000083, -1.068438172999947 ], [ 37.015247345000091, -1.069039225999916 ], [ 37.015426636000086, -1.069183945999896 ], [ 37.015560149, -1.069417713999883 ], [ 37.015682220000087, -1.069651484999952 ], [ 37.015914916000156, -1.070519685999955 ], [ 37.015991212000074, -1.070675492999953 ], [ 37.016147614000033, -1.070942639999942 ], [ 37.016315460000101, -1.071076153999968 ], [ 37.016670226000144, -1.071187496999869 ], [ 37.017307281000171, -1.07119870199989 ], [ 37.017505645000085, -1.071165203999954 ], [ 37.017875670000194, -1.07125425299995 ], [ 37.018207551000046, -1.071454643999857 ], [ 37.018543244, -1.071599363999951 ], [ 37.018932342000085, -1.071677326999975 ], [ 37.01942062300003, -1.071699500999955 ], [ 37.019809723000094, -1.07176637699996 ], [ 37.019989014000089, -1.071899889999941 ], [ 37.020233153000163, -1.072155951999889 ], [ 37.020435333000194, -1.072456478999868 ], [ 37.020622254000102, -1.072779296999954 ], [ 37.02087020800019, -1.073191165999901 ], [ 37.021022797000114, -1.073358058999872 ], [ 37.021144866000157, -1.073591826999916 ], [ 37.021289825000167, -1.073892353999952 ], [ 37.021446228000059, -1.074204085999952 ], [ 37.02159118700007, -1.07449340699992 ], [ 37.021781921000013, -1.074738382999954 ], [ 37.021968842000149, -1.074905275999924 ], [ 37.022159576000092, -1.074994324999977 ], [ 37.02275085399998, -1.075083374999963 ], [ 37.023151398000095, -1.075038909999932 ], [ 37.023384094000164, -1.074949860999936 ], [ 37.023574830000143, -1.074782847999813 ], [ 37.023719787000118, -1.074638128999936 ], [ 37.023906708000084, -1.07452690599996 ], [ 37.024085999000079, -1.07449340699992 ], [ 37.024387360000048, -1.074549078999894 ], [ 37.024497986000142, -1.074660419999873 ], [ 37.024597168000184, -1.075005530999931 ], [ 37.02473068200004, -1.075205802999903 ], [ 37.024898529000154, -1.075606583999843 ], [ 37.025032043000181, -1.075806975999967 ], [ 37.025478364000094, -1.076074122999955 ], [ 37.025775910000164, -1.076207636999925 ], [ 37.026367188000052, -1.076374649999877 ], [ 37.027046203000054, -1.076541542999905 ], [ 37.027435303000061, -1.076697467999963 ], [ 37.027847290000125, -1.07680869099994 ], [ 37.028224945000034, -1.076908944999957 ], [ 37.028427125000064, -1.077009081999961 ], [ 37.028625489000149, -1.077276229999882 ], [ 37.028759003000175, -1.07766580599997 ], [ 37.028839111000082, -1.077932952999959 ], [ 37.029014587000177, -1.078244684999959 ], [ 37.02923965500014, -1.07841157799993 ], [ 37.03000640900018, -1.07870101899988 ], [ 37.030899048000038, -1.079001545999972 ], [ 37.031700133000186, -1.079279780999912 ], [ 37.032222748000152, -1.079502463999972 ], [ 37.032566071000076, -1.079814075999877 ], [ 37.032669068000132, -1.080170272999965 ], [ 37.032676696000067, -1.08076024099995 ], [ 37.03297805800014, -1.080971717999944 ], [ 37.033424377000188, -1.081305740999937 ], [ 37.034004211000024, -1.081762074999972 ], [ 37.034446717000037, -1.082062601999951 ], [ 37.034698486000025, -1.082248209999932 ], [ 37.034599304000153, -1.082366345999958 ], [ 37.033725738000157, -1.08346032999998 ], [ 37.033180237000067, -1.084024428999896 ], [ 37.030975342000147, -1.085956096999951 ], [ 37.024547578000181, -1.091220975999931 ], [ 37.013832093000019, -1.101391791999902 ], [ 37.013538360000155, -1.101733683999953 ], [ 37.013301849000072, -1.102126836999958 ], [ 37.012393951000092, -1.104126810999901 ], [ 37.01138687100007, -1.106314777999842 ], [ 37.008583070000157, -1.112776278999945 ], [ 37.008293151000032, -1.113340376999929 ], [ 37.008033752000188, -1.113733530999923 ], [ 37.007350922000171, -1.114246366999907 ], [ 37.000293731000056, -1.119853137999939 ], [ 36.998657227000024, -1.121604441999978 ], [ 36.997600555000133, -1.122408984999936 ], [ 36.99743271, -1.122522829999923 ], [ 36.997222900000054, -1.122598765999896 ], [ 36.996936799000139, -1.12271261199993 ], [ 36.996578217000092, -1.122769593999919 ], [ 36.996063233000143, -1.122826456999917 ], [ 36.995712279000031, -1.122838974999979 ], [ 36.995567322000056, -1.122400401999926 ], [ 36.995445252000081, -1.122179983999956 ], [ 36.995338439000193, -1.121950625999943 ], [ 36.994781493000119, -1.121342181999921 ], [ 36.994796754000049, -1.121146202999967 ], [ 36.994750977000081, -1.120985865999955 ], [ 36.994670868000128, -1.120756624999899 ], [ 36.994487762000063, -1.12043583499991 ], [ 36.994384765000177, -1.120195150999962 ], [ 36.994327544000157, -1.120000361999928 ], [ 36.994155884000122, -1.118843077999941 ], [ 36.994007112000077, -1.117204545999869 ], [ 36.994007112000077, -1.116402505999872 ], [ 36.993984223000041, -1.11594414699988 ], [ 36.993881226000155, -1.115199446999895 ], [ 36.993869781000171, -1.114889979999873 ], [ 36.993789674000027, -1.114592075999894 ], [ 36.993709565000074, -1.114328622999949 ], [ 36.993595123000034, -1.113984822999953 ], [ 36.993515014000081, -1.113652586999876 ], [ 36.993270875000178, -1.113343119999968 ], [ 36.992847442000084, -1.112896323999962 ], [ 36.992401124000082, -1.11255252299992 ], [ 36.991783142000088, -1.112071274999892 ], [ 36.991085052000074, -1.11142718799988 ], [ 36.990776063000169, -1.111090421999904 ], [ 36.990543365000121, -1.110855578999917 ], [ 36.990238190000184, -1.110528945999931 ], [ 36.990123750000123, -1.110345243999973 ], [ 36.990093231000174, -1.110192179999956 ], [ 36.989849090000121, -1.109885930999894 ], [ 36.989643097000055, -1.10946750599993 ], [ 36.98949051000011, -1.109130619999917 ], [ 36.98931884700005, -1.108814239999958 ], [ 36.988735200000178, -1.107946633999859 ], [ 36.988460541999984, -1.107640384999911 ], [ 36.988193512000123, -1.107283233999965 ], [ 36.987491607000038, -1.10638499199996 ], [ 36.987358093000182, -1.10626244599996 ], [ 36.987163544000168, -1.106140016999859 ], [ 36.986980438000103, -1.106109380999897 ], [ 36.986675263000166, -1.106078743999944 ], [ 36.986389160000044, -1.105976699999928 ], [ 36.98619461100003, -1.105823634999979 ], [ 36.986072540000123, -1.105670452999902 ], [ 36.98564147999997, -1.105139732999874 ], [ 36.985317230000135, -1.104578375999949 ], [ 36.985202789000027, -1.104353785999933 ], [ 36.98514175400004, -1.104139445999976 ], [ 36.985244751000096, -1.102659463999885 ], [ 36.985336303000054, -1.102251172999956 ], [ 36.985366822000174, -1.102026581999951 ], [ 36.985427857000161, -1.101822494999851 ], [ 36.985378265000122, -1.101465225999959 ], [ 36.985347748000038, -1.101281522999955 ], [ 36.985195159000114, -1.10092425299996 ], [ 36.985080719000052, -1.100679278999849 ], [ 36.985061645000087, -1.100444554999967 ], [ 36.984989167000094, -1.099842309999872 ], [ 36.984939575000112, -1.099627971999894 ], [ 36.984825134000118, -1.099393128999907 ], [ 36.984500884000113, -1.098862408999878 ], [ 36.984317780000083, -1.098576664999939 ], [ 36.984214783000141, -1.098392843999932 ], [ 36.98409271200012, -1.098178506999943 ], [ 36.984001160000162, -1.098035692999872 ], [ 36.983879090000187, -1.097678422999877 ], [ 36.983623505000082, -1.096912859999975 ], [ 36.983470916000158, -1.096514820999971 ], [ 36.98338699400017, -1.096116779999932 ], [ 36.983215331000054, -1.095310329999961 ], [ 36.983009339000091, -1.094555019999916 ], [ 36.982906342000149, -1.094187616999875 ], [ 36.982765198000038, -1.093952893999926 ], [ 36.982612610000047, -1.09375893999993 ], [ 36.982151031000114, -1.093146562999891 ], [ 36.981998444000169, -1.092891333999944 ], [ 36.981899262000127, -1.092707632999918 ], [ 36.98178482100019, -1.092472791999853 ], [ 36.981662751000044, -1.092064617999938 ], [ 36.981559753000056, -1.091717481999979 ], [ 36.981388093000021, -1.091268419999949 ], [ 36.981151582000109, -1.090829491999955 ], [ 36.980949402000078, -1.09047222099997 ], [ 36.980815888000052, -1.090237496999976 ], [ 36.980510712000182, -1.089665889999935 ], [ 36.980293274000132, -1.089369893999958 ], [ 36.980018616000166, -1.088839173999929 ], [ 36.979713440000126, -1.088338970999928 ], [ 36.979293823000148, -1.087675571999966 ], [ 36.979152678000105, -1.087440848999961 ], [ 36.978977203000056, -1.087083576999817 ], [ 36.97884368900003, -1.086705921999908 ], [ 36.978549957000041, -1.085950613999955 ], [ 36.978416444000118, -1.085613727999942 ], [ 36.978282928000056, -1.0853381149999 ], [ 36.978172302000132, -1.08505237199995 ], [ 36.978069305000076, -1.084807394999928 ], [ 36.977916718000131, -1.084491014999969 ], [ 36.977886199000181, -1.084297060999916 ], [ 36.977886199000181, -1.083419202999949 ], [ 36.977783204000104, -1.082990526999879 ], [ 36.977703095000152, -1.082643508999979 ], [ 36.977703095000152, -1.082388281999897 ], [ 36.977703095000152, -1.082214830999931 ], [ 36.977703095000152, -1.082000493999942 ], [ 36.977611541000044, -1.081816792999973 ], [ 36.977397919000111, -1.081745266999974 ], [ 36.977203369, -1.0817248809999 ], [ 36.97693634, -1.081806539999889 ], [ 36.976833344000056, -1.081918834999954 ], [ 36.976558684000054, -1.08202087899997 ], [ 36.976387024000076, -1.082000493999942 ], [ 36.976047515000118, -1.081877945999963 ], [ 36.975509643, -1.081714629999851 ], [ 36.974998474000074, -1.081561565999891 ], [ 36.974670411000034, -1.081469653999932 ], [ 36.974376679000102, -1.081336974999942 ], [ 36.974151611000082, -1.081214546999945 ], [ 36.974067688000162, -1.081051228999854 ], [ 36.973964690000173, -1.080885528999886 ], [ 36.973880768000186, -1.080675363999944 ], [ 36.973789215000124, -1.080387234999876 ], [ 36.973659516000168, -1.080207226999903 ], [ 36.973419190000186, -1.080039143999954 ], [ 36.97320938200005, -1.079937099999938 ], [ 36.972938537000118, -1.079829096999958 ], [ 36.972335816000054, -1.079668283999979 ], [ 36.972126007000043, -1.079574464999951 ], [ 36.97185516400009, -1.079461931999958 ], [ 36.971508025000048, -1.079377530999921 ], [ 36.97134781, -1.079321265999965 ], [ 36.971076965000066, -1.079227565999929 ], [ 36.970954894000045, -1.079152464999936 ], [ 36.970775603, -1.079030513999896 ], [ 36.970600128000171, -1.078917978999925 ], [ 36.970478057000093, -1.078852413999925 ], [ 36.970375062000187, -1.078730462999943 ], [ 36.970149994000053, -1.078599094999902 ], [ 36.969932556000174, -1.078458427999976 ], [ 36.969802857000161, -1.078270911999937 ], [ 36.96966171300005, -1.078130244999841 ], [ 36.969539643000076, -1.077961324999876 ], [ 36.969474792000142, -1.077764392999939 ], [ 36.969398499000135, -1.077642559999902 ], [ 36.969200134000118, -1.077417373999936 ], [ 36.969043732000159, -1.077267406999965 ], [ 36.968833922000044, -1.077182887999868 ], [ 36.968601226000146, -1.077136038999924 ], [ 36.968227386000137, -1.07709848899998 ], [ 36.967952728000114, -1.077051638999933 ], [ 36.967910766000045, -1.077040075999946 ], [ 36.967720032000045, -1.076985953999952 ], [ 36.967437744000165, -1.076873420999959 ], [ 36.967025757000101, -1.076770305999958 ], [ 36.966827393000187, -1.076695202999929 ], [ 36.966632844000173, -1.076620220999871 ], [ 36.966304779000097, -1.076517103999947 ], [ 36.966030121000131, -1.076460838999935 ], [ 36.965797425000062, -1.076423286999898 ], [ 36.965534210000044, -1.076404451999963 ], [ 36.965328216000046, -1.076404451999963 ], [ 36.965103150000061, -1.076348185999905 ], [ 36.964866639000149, -1.076235650999934 ], [ 36.964672089000032, -1.076104401999885 ], [ 36.964557647000163, -1.075991868999836 ], [ 36.964466095000034, -1.075766801999976 ], [ 36.964401244999976, -1.075663566999935 ], [ 36.964176179000049, -1.075438498999972 ], [ 36.963977814000032, -1.075185298999884 ], [ 36.96374130300012, -1.074950813999919 ], [ 36.963500977000137, -1.074716329999887 ], [ 36.963302613000053, -1.074519395999971 ], [ 36.963104249000139, -1.07431304399995 ], [ 36.962982178000118, -1.074238061999949 ], [ 36.962833404000037, -1.073994158999938 ], [ 36.962615966000158, -1.073712824999916 ], [ 36.962402343000178, -1.073553322999942 ], [ 36.962234498000043, -1.073431491999884 ], [ 36.962062835000154, -1.073318956999913 ], [ 36.96186828600014, -1.073197005999873 ], [ 36.961643220000155, -1.073093770999947 ], [ 36.961463929000161, -1.073009371999888 ], [ 36.961341858000083, -1.072953104999954 ], [ 36.960338592000028, -1.072859405999907 ], [ 36.960113526000043, -1.072709320999934 ], [ 36.959880828000166, -1.072587369999951 ], [ 36.959625243000062, -1.072446703999958 ], [ 36.959373474000131, -1.072409151999977 ], [ 36.959205628000063, -1.072315334999928 ], [ 36.958770753000067, -1.072080968999899 ], [ 36.958660126000041, -1.071930884999915 ], [ 36.958396911000023, -1.071686982999893 ], [ 36.958236693000117, -1.0715744499999 ], [ 36.958042144000103, -1.071339963999947 ], [ 36.957889557000158, -1.071077346999971 ], [ 36.957817078000119, -1.070917963999932 ], [ 36.957611084000121, -1.070533393999938 ], [ 36.957401275999985, -1.070242642999915 ], [ 36.957244874000025, -1.069998860999931 ], [ 36.957130431000053, -1.069773792999968 ], [ 36.957027436000146, -1.069558022999956 ], [ 36.956962586000145, -1.069426774999954 ], [ 36.956905366000171, -1.069267271999877 ], [ 36.956886292000036, -1.069070337999847 ], [ 36.956821442000148, -1.068873405999966 ], [ 36.95677566500018, -1.068760870999881 ], [ 36.956672668000124, -1.068620203999899 ], [ 36.956596374000185, -1.068507670999907 ], [ 36.956550599000025, -1.068094968999958 ], [ 36.956615447000104, -1.067822931999842 ], [ 36.956661224000072, -1.067682264999917 ], [ 36.956726075000176, -1.067419647999941 ], [ 36.956802368000183, -1.067147732999842 ], [ 36.956550599000025, -1.067082046999928 ], [ 36.956211091, -1.067157030999965 ], [ 36.955959319000158, -1.067363380999893 ], [ 36.955657960000167, -1.067457199999865 ], [ 36.955375671000184, -1.067522882999867 ], [ 36.955150604000096, -1.067513464999877 ], [ 36.954925538000168, -1.067466614999944 ], [ 36.954814910000039, -1.067307114999949 ], [ 36.954681396000183, -1.06721329599992 ], [ 36.954364777000194, -1.067232131999958 ], [ 36.953903198000091, -1.067307114999949 ], [ 36.953567504000034, -1.06731653099996 ], [ 36.953296662000184, -1.067288398999949 ], [ 36.952957153000114, -1.067175863999921 ], [ 36.952533721000066, -1.066931962999945 ], [ 36.95232009800003, -1.066781877999858 ], [ 36.952037810000149, -1.066566227999942 ], [ 36.951824188000046, -1.066341161999958 ], [ 36.951484679000089, -1.066106676999937 ], [ 36.951305389000026, -1.065919039999869 ], [ 36.951156616000048, -1.065684676999922 ], [ 36.950988769000105, -1.065440772999978 ], [ 36.950771331000055, -1.065131305999955 ], [ 36.950500488000102, -1.064821718999951 ], [ 36.950332642000092, -1.06467175399996 ], [ 36.950199127000133, -1.064484117999882 ], [ 36.950057983000193, -1.064362166999842 ], [ 36.949871064000092, -1.064249633999964 ], [ 36.949703216000046, -1.064118385999905 ], [ 36.949523925000051, -1.06393074999994 ], [ 36.94935607900004, -1.063733814999978 ], [ 36.949234009000065, -1.063583730999937 ], [ 36.949104310000052, -1.063414930999897 ], [ 36.94898986700008, -1.063236711999878 ], [ 36.948867799000141, -1.06297421499994 ], [ 36.948841095000034, -1.06279599599992 ], [ 36.948745728000063, -1.062627195999823 ], [ 36.948513030000186, -1.062458275999973 ], [ 36.948165894000056, -1.062280176999877 ], [ 36.947967529000096, -1.062186359999941 ], [ 36.947715760000108, -1.062158226999941 ], [ 36.947490692000144, -1.062186359999941 ], [ 36.947208404000037, -1.062054991999901 ], [ 36.94690704400017, -1.061961291999978 ], [ 36.946693420000088, -1.061848758999872 ], [ 36.94652557400002, -1.061754941999936 ], [ 36.946269990000019, -1.06158614199984 ], [ 36.946147919000168, -1.061445474999914 ], [ 36.94594192500017, -1.061323522999942 ], [ 36.94575500600007, -1.061276554999893 ], [ 36.945434571000078, -1.061192153999912 ], [ 36.945201875, -1.061070322999967 ], [ 36.944984437000187, -1.060957789999975 ], [ 36.944778442000086, -1.060873268999899 ], [ 36.944610595000142, -1.060779571999888 ], [ 36.944507600000065, -1.060498118999874 ], [ 36.944412231000058, -1.06019806899991 ], [ 36.944385529000158, -1.059970378999822 ], [ 36.944377899000074, -1.059935449999955 ], [ 36.944347382000103, -1.059766649999915 ], [ 36.944225311000082, -1.05950403199995 ], [ 36.944076537000171, -1.0593446499999 ], [ 36.943832398000154, -1.059278963999873 ], [ 36.943626404000156, -1.05920386299988 ], [ 36.943504333000078, -1.05913829799988 ], [ 36.943473816000164, -1.058960078999974 ], [ 36.943473816000164, -1.058697461999941 ], [ 36.943439484000123, -1.058453559999975 ] ] ] ] } }
]
}
