{
"type": "FeatureCollection",
"name": "kiambu_county",
"crs": { "type": "name", "properties": { "name": "urn:ogc:def:crs:OGC:1.3:CRS84" } },
"features": [
{ "type": "Feature", "properties": { "GID_1": "KEN.13_1", "GID_0": "KEN", "COUNTRY": "Kenya", "NAME_1": "Kiambu", "VARNAME_1": "NA", "NL_NAME_1": "NA", "TYPE_1": "County", "ENGTYPE_1": "County", "CC_1": "22", "HASC_1": "KE.KB", "ISO_1": "KE-13" }, "geometry": { "type": "MultiPolygon", "coordinates": [ [ [ [ 36.683395387000189, -1.286379455999963 ], [ 36.682933808000143, -1.287647842999945 ], [ 36.682754517000092, -1.288255213999832 ], [ 36.682415008000191, -1.288862704999929 ], [ 36.681789399000024, -1.290077566999969 ], [ 36.681304931000057, -1.290970800999901 ], [ 36.680931091000048, -1.291899799999953 ], [ 36.680679322000117, -1.292502402999958 ], [ 36.679927827000029, -1.292598126999962 ], [ 36.678485869000042, -1.293621777999931 ], [ 36.678192137999986, -1.294066547999876 ], [ 36.678031921000184, -1.294368862999931 ], [ 36.677295686000093, -1.295751571999972 ], [ 36.67473602300015, -1.300820469999962 ], [ 36.674461365000127, -1.300783275999891 ], [ 36.674163819000057, -1.300683855999921 ], [ 36.673866273000101, -1.300708651999969 ], [ 36.673542023000095, -1.300845383999956 ], [ 36.673183441000106, -1.300969599999974 ], [ 36.672859193000079, -1.300994395999965 ], [ 36.672187804000032, -1.300634145999823 ], [ 36.670215607000046, -1.299578666999878 ], [ 36.665805817000034, -1.307842850999862 ], [ 36.665096282000036, -1.306587934999925 ], [ 36.664234161000024, -1.3052424199999 ], [ 36.663822174000131, -1.304897307999966 ], [ 36.663337707000096, -1.30465578999997 ], [ 36.663063049000129, -1.304241775999969 ], [ 36.662822723000147, -1.303827762999902 ], [ 36.66271591300017, -1.30348276999996 ], [ 36.66254425000011, -1.303206801999977 ], [ 36.662441254999976, -1.302344203999894 ], [ 36.662338256999988, -1.299687623999944 ], [ 36.661785126000154, -1.298687099999938 ], [ 36.660682678000057, -1.297513961999925 ], [ 36.659706116000109, -1.29652202099993 ], [ 36.648368835000042, -1.294400333999874 ], [ 36.63600158600002, -1.292086838999978 ], [ 36.622470857000053, -1.289555191999909 ], [ 36.609066009000117, -1.287001729999929 ], [ 36.606384278000178, -1.286490915999934 ], [ 36.603591920000042, -1.285959005999928 ], [ 36.585346222000112, -1.282495140999913 ], [ 36.573154449000072, -1.280036090999943 ], [ 36.563610076000032, -1.278290866999953 ], [ 36.547382356000128, -1.275020122999877 ], [ 36.543144227000028, -1.274165987999822 ], [ 36.525291443000071, -1.270603536999943 ], [ 36.52021789500003, -1.26959145099994 ], [ 36.499675750000108, -1.265783785999929 ], [ 36.49369049000012, -1.264569400999903 ], [ 36.493656158000135, -1.264562487999967 ], [ 36.493606568000075, -1.264552234999826 ], [ 36.49353027300009, -1.26453709499998 ], [ 36.490814210000167, -1.263985753999918 ], [ 36.492191315000127, -1.262214182999912 ], [ 36.50239563000008, -1.249416230999884 ], [ 36.512561799000025, -1.235803125999837 ], [ 36.51363754200014, -1.236015320999968 ], [ 36.515586853, -1.229283927999916 ], [ 36.517154694000169, -1.223870991999945 ], [ 36.517223357999967, -1.223634004999951 ], [ 36.517311097000061, -1.223329065999962 ], [ 36.519985199000132, -1.213623283999823 ], [ 36.521884918000012, -1.206723570999941 ], [ 36.526355743000011, -1.191598771999963 ], [ 36.529727936000086, -1.179804563999937 ], [ 36.530929565000122, -1.175601361999952 ], [ 36.532062530000132, -1.17151021799998 ], [ 36.532928466000044, -1.168383121999966 ], [ 36.534759522000172, -1.161764501999869 ], [ 36.534919739000031, -1.161190389999888 ], [ 36.535003663000055, -1.160851478999916 ], [ 36.537025450999977, -1.152824877999876 ], [ 36.536289216000114, -1.15221500399997 ], [ 36.536167145000036, -1.1522239439999 ], [ 36.536190034000072, -1.15213644499994 ], [ 36.536197662000177, -1.152109503999952 ], [ 36.536426544999983, -1.151199578999979 ], [ 36.537025450999977, -1.148821114999976 ], [ 36.538311005000139, -1.143989562999934 ], [ 36.541599275000067, -1.131155489999912 ], [ 36.541656494999984, -1.130946159999837 ], [ 36.541797639000151, -1.130443215999946 ], [ 36.544521332000159, -1.120725155999935 ], [ 36.545703887000059, -1.119087576999902 ], [ 36.548072815000126, -1.11646735599993 ], [ 36.553413391000049, -1.110330223999881 ], [ 36.557872772000167, -1.105205653999974 ], [ 36.566711426000154, -1.094907760999888 ], [ 36.567169190000186, -1.094372272999976 ], [ 36.568733216000112, -1.095601677999923 ], [ 36.569892883000193, -1.096513748999882 ], [ 36.571613311000078, -1.093366740999898 ], [ 36.573543549000135, -1.089837312999919 ], [ 36.578205108000077, -1.081556080999974 ], [ 36.580776215000071, -1.076988458999949 ], [ 36.586540223000043, -1.066269158999887 ], [ 36.589038848000087, -1.061620115999972 ], [ 36.591068268000186, -1.058086155999945 ], [ 36.591178893000176, -1.057891368999947 ], [ 36.591197967000141, -1.05724334599995 ], [ 36.591259002000129, -1.055212497999946 ], [ 36.591281890000062, -1.054465055999856 ], [ 36.590652466000051, -1.046352385999967 ], [ 36.590198517000033, -1.04348039599995 ], [ 36.589694976000033, -1.041439770999943 ], [ 36.589275361000034, -1.040502308999976 ], [ 36.588508606000119, -1.038794398999926 ], [ 36.588336945000037, -1.038315176999959 ], [ 36.588287353, -1.03817891999995 ], [ 36.588108062000174, -1.037685869999848 ], [ 36.587886811000089, -1.037102579999896 ], [ 36.587829591000173, -1.036955237999962 ], [ 36.587753295000084, -1.036476492999952 ], [ 36.588409422999973, -1.032294271999945 ], [ 36.589664459000119, -1.026638864999939 ], [ 36.591430665000019, -1.018689631999905 ], [ 36.59280395400009, -1.012678264999977 ], [ 36.593650819000061, -1.008964656999922 ], [ 36.594264985000052, -1.006194590999883 ], [ 36.59471893400007, -1.006170749999967 ], [ 36.595092774000079, -1.005929946999913 ], [ 36.595127106000064, -1.005907772999876 ], [ 36.595127106000064, -1.00534212599996 ], [ 36.595127106000064, -1.005312919999938 ], [ 36.595127106000064, -1.005190848999973 ], [ 36.594982146000177, -1.004306672999917 ], [ 36.594959260000053, -1.002370834999965 ], [ 36.595100402000185, -1.001607656999965 ], [ 36.595291138000164, -1.00055467999988 ], [ 36.595985413000108, -0.996324658999924 ], [ 36.596279144, -0.99481570599994 ], [ 36.5963058480001, -0.993971526999928 ], [ 36.59641265800002, -0.992916404999846 ], [ 36.596622468000191, -0.991254507999827 ], [ 36.59688186600016, -0.990306077999946 ], [ 36.597095490000072, -0.989513455999941 ], [ 36.597229004000098, -0.989293216999897 ], [ 36.597335816000054, -0.989117740999973 ], [ 36.597408295000093, -0.989060461999941 ], [ 36.597461700000167, -0.98902112299993 ], [ 36.597621918000073, -0.988896488999956 ], [ 36.598018646000071, -0.988590179999903 ], [ 36.598655701000098, -0.988314865999939 ], [ 36.598812103000057, -0.98824733399988 ], [ 36.599868775000118, -0.98771959499993 ], [ 36.60010528600003, -0.987165689999927 ], [ 36.599708558000088, -0.986717282999848 ], [ 36.599285125000108, -0.986479818999896 ], [ 36.598548889000142, -0.986374318999879 ], [ 36.597862244000055, -0.98645347299987 ], [ 36.597175599000025, -0.986479818999896 ], [ 36.59713745200014, -0.986478089999935 ], [ 36.596977235000111, -0.986471174999906 ], [ 36.596729278000112, -0.986303328999952 ], [ 36.596679688000108, -0.986262319999867 ], [ 36.596626281000056, -0.986218153999914 ], [ 36.596500397000113, -0.986114740999824 ], [ 36.596199036000144, -0.985662101999935 ], [ 36.596218109, -0.985077440999873 ], [ 36.596294403000115, -0.983198165999909 ], [ 36.5963058480001, -0.98292916999992 ], [ 36.596309661000134, -0.982794404999879 ], [ 36.596450805000075, -0.979338228999836 ], [ 36.596462250000059, -0.979079722999927 ], [ 36.596431732000042, -0.978815852999958 ], [ 36.596408843000177, -0.978627084999971 ], [ 36.596237183000028, -0.978457272999947 ], [ 36.595748902000025, -0.978381870999954 ], [ 36.594276428000057, -0.978796839999973 ], [ 36.593795776000036, -0.978903590999948 ], [ 36.592918397, -0.979098617999909 ], [ 36.591918945000089, -0.979343770999947 ], [ 36.591407775999983, -0.97928720699997 ], [ 36.590705871000125, -0.978166996999903 ], [ 36.590297699000075, -0.977514325999891 ], [ 36.590049743000179, -0.977062583999952 ], [ 36.589767457000107, -0.976552425999898 ], [ 36.588428497000166, -0.973723291999931 ], [ 36.587768556000185, -0.97274255699989 ], [ 36.58758926500019, -0.972521662999895 ], [ 36.587280272999976, -0.97213900099996 ], [ 36.587162016999969, -0.971848665999914 ], [ 36.58714675900012, -0.971806049999941 ], [ 36.587051392000149, -0.971573172999967 ], [ 36.586807251000096, -0.970007775999932 ], [ 36.587108612000122, -0.967367291999949 ], [ 36.587265015000185, -0.965727148999861 ], [ 36.587593078000054, -0.962324796999894 ], [ 36.587619781, -0.96206742499993 ], [ 36.587844849000192, -0.959219513999926 ], [ 36.587749482, -0.958691416999898 ], [ 36.587108612000122, -0.957672893999927 ], [ 36.586750031000179, -0.956956207999951 ], [ 36.586486816000161, -0.956201790999899 ], [ 36.586334229000045, -0.955560504999937 ], [ 36.586147307000033, -0.954957007999951 ], [ 36.585563660000162, -0.953580140999975 ], [ 36.584903717000032, -0.952146768999853 ], [ 36.584167480000133, -0.95067560699988 ], [ 36.583469392000097, -0.949487387999966 ], [ 36.582885742000087, -0.948374628999943 ], [ 36.582576752000136, -0.947781086999953 ], [ 36.582336426000154, -0.947318434999943 ], [ 36.580993653000121, -0.944573104999904 ], [ 36.580131530000131, -0.942810714999894 ], [ 36.579925538000111, -0.942363142999909 ], [ 36.579639435000161, -0.941735684999969 ], [ 36.579265595000152, -0.941207645999953 ], [ 36.57881164600019, -0.940566300999933 ], [ 36.577884675000121, -0.939825415999906 ], [ 36.57767868000002, -0.939661025999897 ], [ 36.574924469000166, -0.937982439999928 ], [ 36.57403946, -0.937982439999928 ], [ 36.572902679000038, -0.938283382999941 ], [ 36.571830749000128, -0.938567100999876 ], [ 36.569530486000133, -0.939302563999888 ], [ 36.568965912000181, -0.939321517999872 ], [ 36.568683624000073, -0.93920838799994 ], [ 36.564514161000147, -0.935549378999951 ], [ 36.563915253000175, -0.935015678999946 ], [ 36.561496735000048, -0.93285232799991 ], [ 36.561874390000128, -0.932399689999954 ], [ 36.564514161000147, -0.930475889999911 ], [ 36.566436768000131, -0.929287672999919 ], [ 36.569820405000087, -0.927279710999869 ], [ 36.56986999500009, -0.927250741999899 ], [ 36.572624206000171, -0.925685285999975 ], [ 36.570289612000067, -0.923688948999882 ], [ 36.569366456000068, -0.923096059999864 ], [ 36.568447113000161, -0.922488926999961 ], [ 36.56761169400005, -0.921976207999933 ], [ 36.567241669000055, -0.921964347999904 ], [ 36.56651687700014, -0.921918928999901 ], [ 36.565818787000069, -0.921965479999926 ], [ 36.565025330000083, -0.922244904999957 ], [ 36.56423568800011, -0.922314821999976 ], [ 36.563800812000181, -0.922189055999866 ], [ 36.563510894, -0.922105251999938 ], [ 36.562416078000183, -0.921453117999818 ], [ 36.562049866000109, -0.921269296999981 ], [ 36.561859131, -0.921173630999874 ], [ 36.560554505000084, -0.920824349999918 ], [ 36.559295654000096, -0.920428394999931 ], [ 36.555366515000173, -0.920230983999943 ], [ 36.554840088000049, -0.920204578999972 ], [ 36.554321289000029, -0.920178471999975 ], [ 36.554195405000087, -0.920172153999943 ], [ 36.554241180000076, -0.91847562799984 ], [ 36.554275514000039, -0.917141435999952 ], [ 36.554309845000148, -0.915728270999978 ], [ 36.554340362000119, -0.914621293999971 ], [ 36.554527283000027, -0.914558289999889 ], [ 36.555255890000183, -0.91401803499997 ], [ 36.555622102000086, -0.913719116999914 ], [ 36.555900575000123, -0.913558184999943 ], [ 36.556842804000041, -0.913006304999897 ], [ 36.558128357000101, -0.912210344999949 ], [ 36.558700561000194, -0.911916194999947 ], [ 36.559501649000026, -0.911425827999892 ], [ 36.559993744000167, -0.911082685999929 ], [ 36.560810090000189, -0.910576105999837 ], [ 36.561599732000161, -0.910132049999959 ], [ 36.562499999000124, -0.90953415599995 ], [ 36.564247131000059, -0.908430396999847 ], [ 36.565258026000151, -0.907832562999943 ], [ 36.566017151000153, -0.907395719999954 ], [ 36.566638946000182, -0.907027780999954 ], [ 36.567142487000183, -0.906797885999936 ], [ 36.567649841000048, -0.906551180999884 ], [ 36.567745210000055, -0.906506001999958 ], [ 36.567806243000064, -0.906475900999965 ], [ 36.569465638000111, -0.905671059999975 ], [ 36.570247650000169, -0.905165135999937 ], [ 36.571926116000157, -0.904475329999968 ], [ 36.571880341000167, -0.904268443999911 ], [ 36.571464539000033, -0.903900502999932 ], [ 36.5709381100001, -0.903210757999886 ], [ 36.570545196000069, -0.902773857999875 ], [ 36.569950103000167, -0.902773857999875 ], [ 36.569236755000077, -0.902773857999875 ], [ 36.568614960000104, -0.902773857999875 ], [ 36.567855835000046, -0.902566909999905 ], [ 36.567325593000078, -0.902405916999896 ], [ 36.566822052000077, -0.902244983999935 ], [ 36.565925597000046, -0.902015030999905 ], [ 36.565357208000194, -0.901704370999937 ], [ 36.565250396000067, -0.901646851999885 ], [ 36.565166474000193, -0.901601135999954 ], [ 36.564567566000051, -0.901325224999937 ], [ 36.56420135400009, -0.901233256999944 ], [ 36.563739777000194, -0.901187239999956 ], [ 36.563488006000057, -0.901049315999956 ], [ 36.563209535000055, -0.900911271999973 ], [ 36.563026429000161, -0.900704263999899 ], [ 36.563026429000161, -0.900520383999947 ], [ 36.563049317000093, -0.900336562999939 ], [ 36.563232421000123, -0.899922608999873 ], [ 36.563694, -0.899347722999835 ], [ 36.563899995000156, -0.89918679099992 ], [ 36.56449890100015, -0.898450969999885 ], [ 36.564888001000156, -0.897807119999925 ], [ 36.565509795000082, -0.897071301999972 ], [ 36.565971374000185, -0.896749316999944 ], [ 36.566593171000022, -0.896220504999974 ], [ 36.567855835000046, -0.895415723999918 ], [ 36.569328309000014, -0.894495903999939 ], [ 36.57075500600007, -0.893553196999903 ], [ 36.572177888000169, -0.892587363999951 ], [ 36.573650359000055, -0.891483663999907 ], [ 36.574592591000055, -0.890885830999935 ], [ 36.575534820000087, -0.890219032999937 ], [ 36.57595062200005, -0.889966009999853 ], [ 36.576618195000151, -0.889437197999882 ], [ 36.577144623000152, -0.888954340999817 ], [ 36.577651977000073, -0.888586400999941 ], [ 36.578086852000069, -0.88824152899997 ], [ 36.578502653999976, -0.887896596999951 ], [ 36.578800201000035, -0.887551664999933 ], [ 36.579101562000176, -0.887206731999811 ], [ 36.579582215000073, -0.886838852999915 ], [ 36.580043794000176, -0.886447965999935 ], [ 36.580341340000075, -0.886286972999926 ], [ 36.580734253000173, -0.886171936999972 ], [ 36.581260681, -0.886011063999888 ], [ 36.581882477000136, -0.885896086999878 ], [ 36.582366943000068, -0.885872960999961 ], [ 36.582778930000131, -0.885781168999813 ], [ 36.583309174000135, -0.885597168999936 ], [ 36.583789825000053, -0.885413227999834 ], [ 36.584205627000131, -0.885114251999937 ], [ 36.584709167000085, -0.884815394999919 ], [ 36.585308075000057, -0.884447394999938 ], [ 36.585929870000086, -0.884171544999958 ], [ 36.58648300100009, -0.883872567999902 ], [ 36.587032319000116, -0.883458732999941 ], [ 36.5875282290001, -0.883145689999878 ], [ 36.587905884000179, -0.882906852999952 ], [ 36.588943481000115, -0.882745861999922 ], [ 36.589561462000177, -0.882952749999902 ], [ 36.5896720880001, -0.882499633999885 ], [ 36.589752196000177, -0.882123707999881 ], [ 36.589965821000135, -0.881731508999849 ], [ 36.590209960000038, -0.881306707999954 ], [ 36.590911865000123, -0.879933834999974 ], [ 36.591579437000064, -0.878593681999916 ], [ 36.592159271000128, -0.877365231999875 ], [ 36.592594147, -0.876273155999968 ], [ 36.592971802000079, -0.875357985999813 ], [ 36.594394684000065, -0.872056781999959 ], [ 36.594818116000113, -0.871076224999911 ], [ 36.595539092000081, -0.869507372999976 ], [ 36.596355438000103, -0.867889463999859 ], [ 36.597072602000139, -0.866565644999923 ], [ 36.597385406000058, -0.865961013999879 ], [ 36.597564697000053, -0.865592181999943 ], [ 36.597747803000118, -0.865362225999831 ], [ 36.598003388000052, -0.865178286999878 ], [ 36.598163605000082, -0.864994286999945 ], [ 36.598186494000061, -0.864669978999927 ], [ 36.598136902000078, -0.864408492999871 ], [ 36.598167420000095, -0.864114344999962 ], [ 36.598300934000122, -0.863890586999901 ], [ 36.598415375000116, -0.863683580999918 ], [ 36.598922729000151, -0.86257988299991 ], [ 36.599426270000151, -0.861476182999979 ], [ 36.599704743000189, -0.860845802999961 ], [ 36.59993362300014, -0.860211490999973 ], [ 36.600093841000046, -0.859935522999876 ], [ 36.600189208000074, -0.859776674999978 ], [ 36.600391387000172, -0.859440265999922 ], [ 36.600440979000041, -0.859355090999827 ], [ 36.600685119000161, -0.858950077999964 ], [ 36.60087204000007, -0.85855364799994 ], [ 36.601127624000071, -0.858018517999881 ], [ 36.60142135600006, -0.857348441999875 ], [ 36.601371766, -0.857021747999852 ], [ 36.60117721600011, -0.856776535999813 ], [ 36.600849151000034, -0.856384276999961 ], [ 36.600620270000036, -0.856008410999948 ], [ 36.600414276000038, -0.855612693999888 ], [ 36.600231170000143, -0.855313717999934 ], [ 36.600116729000035, -0.854991793999943 ], [ 36.600002289000145, -0.854853867999964 ], [ 36.599494935000052, -0.854255972999965 ], [ 36.598991394000052, -0.853497206999975 ], [ 36.598461152000084, -0.852784394999901 ], [ 36.597862244000055, -0.851910591999967 ], [ 36.597404480000023, -0.851335762999952 ], [ 36.597198485000149, -0.85089880299995 ], [ 36.596160889000089, -0.849404214999936 ], [ 36.595748902000025, -0.848898351999878 ], [ 36.595081329000095, -0.847955583999976 ], [ 36.59465789800015, -0.847391724999909 ], [ 36.594390869000165, -0.84689783999994 ], [ 36.59402465900007, -0.846322953999959 ], [ 36.592781068000136, -0.844690322999952 ], [ 36.591598510000154, -0.843114195999931 ], [ 36.591320037000116, -0.842803656999934 ], [ 36.59088134700005, -0.838963149999927 ], [ 36.590652466000051, -0.836985646999949 ], [ 36.590274811000143, -0.834158955999897 ], [ 36.590229034000174, -0.833078324999917 ], [ 36.590045930000144, -0.83192861099991 ], [ 36.589954376000037, -0.830962836999959 ], [ 36.589748383000085, -0.829698144999952 ], [ 36.589515685000038, -0.827835619999917 ], [ 36.589378356000111, -0.827467678999938 ], [ 36.589294434000124, -0.826766789999965 ], [ 36.589271546000191, -0.826593279999884 ], [ 36.589241027000071, -0.826340972999901 ], [ 36.589057921000176, -0.825099288999922 ], [ 36.588920592000079, -0.824018537999962 ], [ 36.588893891000112, -0.823558626999898 ], [ 36.588779450000118, -0.821972072999927 ], [ 36.58874511700003, -0.8217692959999 ], [ 36.594779969000058, -0.8223938349999 ], [ 36.597064971000123, -0.822608052999954 ], [ 36.60029220500013, -0.822964966999905 ], [ 36.602088929000104, -0.823179125999957 ], [ 36.602634430000023, -0.823236225999949 ], [ 36.603302001000145, -0.823236225999949 ], [ 36.603832246000024, -0.823279142999979 ], [ 36.604316711000081, -0.823293268999976 ], [ 36.605678558000193, -0.82394051599988 ], [ 36.60871124200014, -0.824275136999972 ], [ 36.612144470000146, -0.82460963699998 ], [ 36.614173888000039, -0.824542700999871 ], [ 36.617900848000033, -0.824966489999952 ], [ 36.619571686000086, -0.825167237999949 ], [ 36.622001647000161, -0.825278699999956 ], [ 36.622425080000085, -0.825286626999969 ], [ 36.6224823, -0.825287757999888 ], [ 36.62257385200013, -0.825289427999962 ], [ 36.622550963000094, -0.825222968999924 ], [ 36.622535705000075, -0.825182139999924 ], [ 36.622085571000127, -0.823934136999981 ], [ 36.621978759, -0.82187360599994 ], [ 36.621959686000139, -0.821541009999862 ], [ 36.6266136160001, -0.817248819999975 ], [ 36.629970551000099, -0.814085185999886 ], [ 36.632770539000148, -0.81158411499996 ], [ 36.63629913300008, -0.80760812799997 ], [ 36.638885498000093, -0.805213928999933 ], [ 36.644058228000176, -0.800382851999927 ], [ 36.648975372000052, -0.795808314999931 ], [ 36.653163910000046, -0.792131601999927 ], [ 36.654811860000166, -0.790271817999894 ], [ 36.661331178000069, -0.784436045999939 ], [ 36.666587829000093, -0.779156087999979 ], [ 36.668468475000054, -0.777595578999978 ], [ 36.670650482000042, -0.775628983999979 ], [ 36.671115875999988, -0.775259553999888 ], [ 36.671199798000032, -0.775193035999962 ], [ 36.67289352500012, -0.773854731999904 ], [ 36.674221039000145, -0.772828637999908 ], [ 36.673984528000062, -0.772465228999977 ], [ 36.673641205000138, -0.772080479999943 ], [ 36.672939302000088, -0.771567463999929 ], [ 36.672466277000069, -0.771204053999895 ], [ 36.671783448000156, -0.771054387999925 ], [ 36.670822143000123, -0.771011649999878 ], [ 36.668960571000127, -0.770156441999973 ], [ 36.668087005000132, -0.769729076999965 ], [ 36.667015076000155, -0.769536672999948 ], [ 36.666522979000035, -0.769493877999878 ], [ 36.66576767000015, -0.769558309999979 ], [ 36.665367127000138, -0.769521891999887 ], [ 36.664676667000037, -0.769558368999981 ], [ 36.663585663, -0.768794296999886 ], [ 36.663150788000166, -0.768394112999943 ], [ 36.662055969000107, -0.767848311999956 ], [ 36.660820007000154, -0.767221509999956 ], [ 36.660037995000096, -0.766967415999829 ], [ 36.659698485999968, -0.766713200999845 ], [ 36.658172607000154, -0.76658612499989 ], [ 36.65740966900006, -0.766670763999969 ], [ 36.656562805000135, -0.766840337999952 ], [ 36.655910490999986, -0.76690244599996 ], [ 36.65497589000006, -0.766862630999867 ], [ 36.654212952000137, -0.767115651999916 ], [ 36.653144837000127, -0.76737540899984 ], [ 36.652599334000058, -0.7678119549999 ], [ 36.651870727000073, -0.768321335999929 ], [ 36.651542664000033, -0.768466828999976 ], [ 36.65110015800019, -0.768767475999823 ], [ 36.650489807000042, -0.768794296999886 ], [ 36.650207519000105, -0.768659352999919 ], [ 36.649215698000035, -0.768357753999851 ], [ 36.648601531000111, -0.767983913999899 ], [ 36.648445129000152, -0.767796754999949 ], [ 36.648197175000064, -0.767496764999919 ], [ 36.647815704000038, -0.767179130999921 ], [ 36.647266389000151, -0.767009735999977 ], [ 36.646419524000123, -0.767136752999875 ], [ 36.645721436000088, -0.767179071999919 ], [ 36.645275116000107, -0.76730626899996 ], [ 36.644596099000182, -0.766967415999829 ], [ 36.650001527000143, -0.762054918999979 ], [ 36.653701783000031, -0.758637367999825 ], [ 36.655036926000093, -0.75946569499996 ], [ 36.655948638000041, -0.760233043999961 ], [ 36.656490326000096, -0.760748563999869 ], [ 36.65705108700007, -0.761320351999927 ], [ 36.65759658800016, -0.761892139999929 ], [ 36.658168792000083, -0.761844395999958 ], [ 36.658859252000184, -0.761725364999961 ], [ 36.659549714000093, -0.761558591999858 ], [ 36.660240174000023, -0.761498986999811 ], [ 36.660682678000057, -0.761498986999811 ], [ 36.661407471000075, -0.761510967999925 ], [ 36.662170410000044, -0.76197552699989 ], [ 36.66318511999998, -0.760522246999926 ], [ 36.664230346000124, -0.75895798099998 ], [ 36.665199279000092, -0.757746635999922 ], [ 36.666103364000037, -0.75677281499992 ], [ 36.667007446000071, -0.756018757999868 ], [ 36.668773651000095, -0.754816352999967 ], [ 36.670761107000033, -0.753434478999907 ], [ 36.671821594000107, -0.752624391999973 ], [ 36.673248291000164, -0.753684520999911 ], [ 36.67388153100012, -0.754053830999908 ], [ 36.674346923000087, -0.754292070999895 ], [ 36.675369263000107, -0.75449466699996 ], [ 36.677028656, -0.754923224999914 ], [ 36.678230285000041, -0.755257068999924 ], [ 36.679454804000045, -0.75560247899989 ], [ 36.68054199300019, -0.755805015999954 ], [ 36.681411744000116, -0.755858420999914 ], [ 36.682426454000051, -0.756045459999939 ], [ 36.683120727000016, -0.756312667999964 ], [ 36.684268950000103, -0.756847083999844 ], [ 36.684803010000053, -0.757034121999936 ], [ 36.685550690000127, -0.757488310999975 ], [ 36.686515808000024, -0.757782279999958 ], [ 36.687156678000122, -0.758049487999926 ], [ 36.687637328000108, -0.758610665999925 ], [ 36.687984467000149, -0.759412228999963 ], [ 36.688732147000167, -0.760561226999926 ], [ 36.689105987000175, -0.760908602999962 ], [ 36.68958663899997, -0.76160335499992 ], [ 36.689857482000093, -0.761807977999979 ], [ 36.690101623000146, -0.761887729999899 ], [ 36.690364838000164, -0.762098907999871 ], [ 36.690589904000149, -0.762357056999917 ], [ 36.690864564000151, -0.762486159999867 ], [ 36.691398622000065, -0.762785373999918 ], [ 36.691543579000097, -0.762943683999879 ], [ 36.691913606000071, -0.763178407999931 ], [ 36.692184449000024, -0.76327228599996 ], [ 36.692466737000075, -0.763565659999927 ], [ 36.692665101000159, -0.763929366999889 ], [ 36.692882539000038, -0.764205096999888 ], [ 36.693119050000121, -0.764539538999941 ], [ 36.69335937600016, -0.764727294999943 ], [ 36.693668366000111, -0.76494437499997 ], [ 36.693916320000028, -0.765126227999815 ], [ 36.694171906000065, -0.765360891999933 ], [ 36.694320678999986, -0.765642523999873 ], [ 36.694477081000173, -0.76594173899997 ], [ 36.694629668000061, -0.766141235999953 ], [ 36.694808959000056, -0.766557752999972 ], [ 36.694946288000153, -0.7668041579999 ], [ 36.695018769000058, -0.767021178999926 ], [ 36.694835663000163, -0.767085730999952 ], [ 36.694759369000053, -0.767490564999946 ], [ 36.694808959000056, -0.767596125999887 ], [ 36.695018769000058, -0.76767820099991 ], [ 36.695270538000159, -0.767748712999889 ], [ 36.69555664100011, -0.767965792999917 ], [ 36.695739745000026, -0.768229781999935 ], [ 36.695938110000156, -0.768487929999935 ], [ 36.696140289000084, -0.768699108999954 ], [ 36.696346283000082, -0.76898074099995 ], [ 36.696521759000063, -0.769092200999864 ], [ 36.696800232000101, -0.76930922299988 ], [ 36.69693756099997, -0.769491015999904 ], [ 36.697147369000106, -0.769725798999957 ], [ 36.697307586000136, -0.769866645999969 ], [ 36.697505951000096, -0.770089566999957 ], [ 36.697723388000099, -0.770300685999928 ], [ 36.697917937000113, -0.770511984999928 ], [ 36.698123931999987, -0.770676254999898 ], [ 36.698238372000048, -0.770822822999946 ], [ 36.698432922000165, -0.771133839999948 ], [ 36.698650359000112, -0.771298110999965 ], [ 36.69876861500012, -0.771491645999959 ], [ 36.698947906000171, -0.771685361999914 ], [ 36.699050903000057, -0.771794138999951 ], [ 36.699234009000122, -0.771948814999973 ], [ 36.699729920000038, -0.772834300999932 ], [ 36.700149537000186, -0.773807524999938 ], [ 36.70070266800019, -0.774912177999909 ], [ 36.70103454600013, -0.775422751999884 ], [ 36.701126098000088, -0.77549505099995 ], [ 36.701610565000124, -0.775662839999939 ], [ 36.702301025000054, -0.775830626999891 ], [ 36.702430725999989, -0.775849281999911 ], [ 36.702823639000087, -0.77592384899998 ], [ 36.703178406000063, -0.776091634999887 ], [ 36.7034568790001, -0.77631527099993 ], [ 36.703735352000137, -0.776650904999883 ], [ 36.703903198000148, -0.776818691999949 ], [ 36.704071045000092, -0.777694821999944 ], [ 36.704387665000183, -0.778011798999955 ], [ 36.704818726000042, -0.778198242999963 ], [ 36.705188751000037, -0.778216897999869 ], [ 36.705543517000081, -0.778011798999955 ], [ 36.706027985000048, -0.777713536999897 ], [ 36.706718445000149, -0.777340649999871 ], [ 36.707130432000042, -0.777750848999972 ], [ 36.707180024000024, -0.777868925999883 ], [ 36.707351684000059, -0.778272807999883 ], [ 36.707408905000079, -0.778869388999965 ], [ 36.707519532000049, -0.779130399999872 ], [ 36.707782745000088, -0.779298186999938 ], [ 36.707969666000167, -0.779708265999943 ], [ 36.70804214400016, -0.780137060999948 ], [ 36.708396911000079, -0.780752299999961 ], [ 36.708564759000126, -0.781031965999944 ], [ 36.708957672000054, -0.781311571999879 ], [ 36.709629059000065, -0.781759023999939 ], [ 36.709926605000192, -0.782206415999951 ], [ 36.710094453000067, -0.782709777999912 ], [ 36.710205078000058, -0.783492802999888 ], [ 36.710296630000187, -0.783902943999976 ], [ 36.710617065000122, -0.78423839699991 ], [ 36.711174011000026, -0.78423839699991 ], [ 36.711788177000187, -0.78423839699991 ], [ 36.711940765000065, -0.784313081999812 ], [ 36.71208953900009, -0.784760474999871 ], [ 36.711902618000181, -0.785207926999931 ], [ 36.711734772000113, -0.785412966999957 ], [ 36.711490631000117, -0.78561806599987 ], [ 36.711193084000058, -0.785879014999978 ], [ 36.711135864000141, -0.786345063999875 ], [ 36.711360932000105, -0.786717891999899 ], [ 36.711605071000179, -0.787053523999873 ], [ 36.711994172000118, -0.787277281999934 ], [ 36.712310792000039, -0.787239967999938 ], [ 36.713058472000057, -0.787221251999824 ], [ 36.713596344000166, -0.787351846999968 ], [ 36.713840484000116, -0.787612854999963 ], [ 36.714046478000114, -0.78787380499989 ], [ 36.714118957000153, -0.788302599999952 ], [ 36.714176179000106, -0.788805961999913 ], [ 36.714324951000151, -0.78901106099994 ], [ 36.714904786000034, -0.78917884699996 ], [ 36.715255737000064, -0.789234756999974 ], [ 36.715442658000143, -0.78951436199992 ], [ 36.715351104000035, -0.789738117999946 ], [ 36.715145112000073, -0.789961874999904 ], [ 36.714939117000142, -0.790129600999933 ], [ 36.714736938000044, -0.790390610999964 ], [ 36.714736938000044, -0.790819406999901 ], [ 36.715312957000151, -0.791397333999953 ], [ 36.715778351000154, -0.791639684999836 ], [ 36.716449738000165, -0.791732847999924 ], [ 36.716804505000141, -0.791900634999934 ], [ 36.716899872000113, -0.792217611999945 ], [ 36.716899872000113, -0.792497216999891 ], [ 36.717010497000103, -0.792963266999834 ], [ 36.717586516999972, -0.793373404999841 ], [ 36.718017579000104, -0.793708980999895 ], [ 36.717922210000154, -0.794585227999903 ], [ 36.718017579000104, -0.795032559999811 ], [ 36.718540191000045, -0.795013963999963 ], [ 36.719058990000065, -0.795032559999811 ], [ 36.719264985000109, -0.795312284999966 ], [ 36.719192504000091, -0.795703708999895 ], [ 36.718986512000072, -0.795964776999938 ], [ 36.71855545000011, -0.796151219999899 ], [ 36.718372346000081, -0.79659861399989 ], [ 36.718463898000039, -0.797008751999897 ], [ 36.718799591000163, -0.797348022999813 ], [ 36.719848632000037, -0.798452733999909 ], [ 36.720535277000067, -0.799425898999971 ], [ 36.721927642000082, -0.800293861999933 ], [ 36.722148895000032, -0.800496219999957 ], [ 36.722194672000171, -0.800536036999972 ], [ 36.722305298000094, -0.800638078999896 ], [ 36.722534181000071, -0.80084621899988 ], [ 36.723087311000029, -0.801503776999937 ], [ 36.723770141000045, -0.801977215999955 ], [ 36.724586487000067, -0.802582203999975 ], [ 36.725269317000084, -0.803108214999895 ], [ 36.725795746000017, -0.804028808999931 ], [ 36.726295472000174, -0.804686367999921 ], [ 36.726749421000136, -0.805196106999972 ], [ 36.72695160000012, -0.805422841999928 ], [ 36.727634430000137, -0.805449067999973 ], [ 36.728504181000062, -0.805475472999944 ], [ 36.72955703700012, -0.805633126999908 ], [ 36.730449677000081, -0.805633246999946 ], [ 36.730583191000107, -0.805685816999926 ], [ 36.731658936000031, -0.805764733999979 ], [ 36.7323951730001, -0.80600142499992 ], [ 36.733238220000146, -0.806580125999915 ], [ 36.733554840000068, -0.80681681599998 ], [ 36.734237672000063, -0.807342885999958 ], [ 36.73484420800014, -0.807500720999883 ], [ 36.735607148000042, -0.80760592199988 ], [ 36.735847472000046, -0.807901560999937 ], [ 36.735946654000088, -0.808026731999973 ], [ 36.735710143000119, -0.808684228999937 ], [ 36.735614776000148, -0.808808385999896 ], [ 36.735343933000024, -0.809157728999935 ], [ 36.735607148000042, -0.809710085999825 ], [ 36.73591232300015, -0.809958815999892 ], [ 36.736156464000032, -0.810157238999977 ], [ 36.737525941000058, -0.810630618999937 ], [ 36.738315583000031, -0.810762106999903 ], [ 36.738792420000152, -0.810878335999917 ], [ 36.73918151800018, -0.810972570999922 ], [ 36.73973464900007, -0.811498640999844 ], [ 36.739822388000107, -0.811584829999958 ], [ 36.740051269000105, -0.811815321999916 ], [ 36.740398408000146, -0.81192314599997 ], [ 36.740936278000106, -0.811982988999944 ], [ 36.741138458000137, -0.812061428999868 ], [ 36.741466523000156, -0.812186776999908 ], [ 36.741733551000038, -0.812429367999925 ], [ 36.741966247000107, -0.812642037999922 ], [ 36.742126464000137, -0.81288945599988 ], [ 36.742244720000144, -0.813073514999928 ], [ 36.742530823000095, -0.813649354999882 ], [ 36.742706299000076, -0.813997387999905 ], [ 36.742984772000113, -0.814722715999949 ], [ 36.74323272800018, -0.81536507699991 ], [ 36.743759155000134, -0.816469729999937 ], [ 36.744506835000038, -0.817423283999972 ], [ 36.744838714000025, -0.817842244999952 ], [ 36.745048523000094, -0.818106292999971 ], [ 36.745315551000147, -0.818545519999816 ], [ 36.745693206000055, -0.819160758999828 ], [ 36.745941162000122, -0.82036250699997 ], [ 36.74600982600009, -0.820683598999949 ], [ 36.746128082000155, -0.821230470999922 ], [ 36.746173859000123, -0.821487247999926 ], [ 36.746807097999977, -0.821593582999924 ], [ 36.747154237000018, -0.82230252099987 ], [ 36.747402191000106, -0.823148011999933 ], [ 36.747898102000192, -0.823513508999895 ], [ 36.74843215900006, -0.823978601999841 ], [ 36.749244690000069, -0.824727474999975 ], [ 36.749412538000115, -0.824993252999946 ], [ 36.749675750000051, -0.82517981399991 ], [ 36.749851226000146, -0.825309872999924 ], [ 36.750034332000041, -0.825558720999936 ], [ 36.750057220000144, -0.825824438999973 ], [ 36.750034332000041, -0.826044975999935 ], [ 36.75007629400011, -0.826282500999866 ], [ 36.750190734000171, -0.82654261599987 ], [ 36.750274658000194, -0.826746165999964 ], [ 36.750370025, -0.826938449999943 ], [ 36.750534057999971, -0.827130675999967 ], [ 36.750663757000154, -0.827277718999937 ], [ 36.750957490000019, -0.827419102999954 ], [ 36.751369477000082, -0.827503917999934 ], [ 36.751586915000132, -0.827503917999934 ], [ 36.751861572000053, -0.827481269999907 ], [ 36.752143861000036, -0.827407776999962 ], [ 36.752384187000018, -0.827311633999841 ], [ 36.752716065000129, -0.827147662999948 ], [ 36.752899171000024, -0.827023267999948 ], [ 36.753021240000066, -0.826921462999962 ], [ 36.753246307000154, -0.826859235999962 ], [ 36.753547669000056, -0.826729178999869 ], [ 36.75376892200012, -0.8266500229999 ], [ 36.754123688000163, -0.826531289999934 ], [ 36.75431823800011, -0.826452135999943 ], [ 36.754486083000074, -0.826378643999931 ], [ 36.754699708000032, -0.826316415999827 ], [ 36.754951477000191, -0.826299428999846 ], [ 36.755210877000138, -0.826339005999898 ], [ 36.755432130000088, -0.826344667999933 ], [ 36.755611421000083, -0.826406895999924 ], [ 36.755775451000147, -0.826480387999879 ], [ 36.755985261000092, -0.82658785599989 ], [ 36.756240845000093, -0.826774417999957 ], [ 36.756481171000075, -0.826994955999908 ], [ 36.756645202000072, -0.827170252999963 ], [ 36.756820680000033, -0.827300308999952 ], [ 36.757019044000117, -0.827447353999958 ], [ 36.757205963000047, -0.827549099999942 ], [ 36.757431031000181, -0.827639579999868 ], [ 36.757675170000027, -0.827656566999963 ], [ 36.757923126000151, -0.827650904999928 ], [ 36.758129119000046, -0.827616989999967 ], [ 36.758216858000083, -0.827566086999923 ], [ 36.758445739000138, -0.827430366999977 ], [ 36.759056092000094, -0.827034532999903 ], [ 36.759178163000115, -0.826978026999939 ], [ 36.759326935, -0.826944052999977 ], [ 36.759559631000059, -0.826876222999942 ], [ 36.759750367000038, -0.826870560999851 ], [ 36.760044098000094, -0.826864896999894 ], [ 36.76182556200007, -0.826859235999962 ], [ 36.762084961000141, -0.826825319999898 ], [ 36.762325288000056, -0.826791404999938 ], [ 36.762565612, -0.826785742999846 ], [ 36.76282119800004, -0.826774417999957 ], [ 36.763011931999984, -0.826746165999964 ], [ 36.763313294000056, -0.826700925999944 ], [ 36.763473511000086, -0.826672671999972 ], [ 36.763626099000078, -0.826599120999958 ], [ 36.763809205000143, -0.82654261599987 ], [ 36.764259337999988, -0.826514302999954 ], [ 36.7648239130001, -0.826553879999949 ], [ 36.764980317000038, -0.82654261599987 ], [ 36.765121459, -0.826503038999817 ], [ 36.765270233000081, -0.826548276999915 ], [ 36.765529633000028, -0.8266500229999 ], [ 36.765670776999968, -0.826717912999925 ], [ 36.765830994, -0.826797068999895 ], [ 36.76633834800009, -0.826785742999846 ], [ 36.766819001000158, -0.826746165999964 ], [ 36.767158509000183, -0.826700925999944 ], [ 36.767368317000091, -0.826661348999949 ], [ 36.76754379200014, -0.826627432999885 ], [ 36.767829896000194, -0.82654261599987 ], [ 36.767955779000033, -0.826525628999889 ], [ 36.76812362700008, -0.826525628999889 ], [ 36.768329619000099, -0.826553879999949 ], [ 36.76848602400014, -0.826621769999974 ], [ 36.76866912800017, -0.826729178999869 ], [ 36.768810272000167, -0.826853632999871 ], [ 36.76903534000013, -0.826966701999879 ], [ 36.769248962, -0.827045857999963 ], [ 36.769409180000139, -0.827085434999958 ], [ 36.769622802000072, -0.827085434999958 ], [ 36.769763946000182, -0.827051519999884 ], [ 36.769935607000093, -0.827006280999967 ], [ 36.770080566000104, -0.826904475999811 ], [ 36.770313262000172, -0.82671225099989 ], [ 36.77043151800018, -0.8266500229999 ], [ 36.770534515000065, -0.826610445999904 ], [ 36.770671844000162, -0.826570868999909 ], [ 36.770896912000126, -0.82658785599989 ], [ 36.77109527600004, -0.826655684999935 ], [ 36.77128219500014, -0.826751827999885 ], [ 36.772033691000104, -0.82732295999989 ], [ 36.772682190000069, -0.827820537999912 ], [ 36.772983552000142, -0.827944934999834 ], [ 36.77319336000005, -0.828074990999937 ], [ 36.77357483000003, -0.828233359999899 ], [ 36.773849488000167, -0.82830119099998 ], [ 36.7740631100001, -0.828369079999845 ], [ 36.774288178000063, -0.828436910999926 ], [ 36.774593353000171, -0.828561304999937 ], [ 36.774871826000037, -0.828685699999937 ], [ 36.775035858000081, -0.828730940999947 ], [ 36.775295258000085, -0.828883647999874 ], [ 36.77552032400007, -0.829087197999911 ], [ 36.775947571000131, -0.829403876999947 ], [ 36.776348115000076, -0.829692242999897 ], [ 36.776607514000091, -0.829912780999962 ], [ 36.776828765000062, -0.83022946199992 ], [ 36.776950836000083, -0.830416022999941 ], [ 36.777126312000064, -0.83059131999994 ], [ 36.777244567000139, -0.830738365999935 ], [ 36.777408600000115, -0.830834506999906 ], [ 36.77758026000015, -0.830851434999886 ], [ 36.778697968000074, -0.8308570989999 ], [ 36.778823853000063, -0.830874085999881 ], [ 36.778995513999973, -0.830975829999943 ], [ 36.779190062999987, -0.831145464999963 ], [ 36.77935028100012, -0.831309497999939 ], [ 36.779666900000109, -0.831722258999889 ], [ 36.779830933000085, -0.832089841999959 ], [ 36.779960632000098, -0.832319973999972 ], [ 36.780315399000017, -0.832909762999918 ], [ 36.780574798000089, -0.833303630999922 ], [ 36.780788421000125, -0.833515644999977 ], [ 36.780963899000028, -0.83382493299996 ], [ 36.781078339000089, -0.834045766999964 ], [ 36.781204223000032, -0.834257839999907 ], [ 36.781352997000113, -0.834575891999918 ], [ 36.781459809000069, -0.834849834999943 ], [ 36.781574250000176, -0.83508837099987 ], [ 36.781696320000151, -0.835300445999962 ], [ 36.781917571000065, -0.8354771139999 ], [ 36.782070159999989, -0.835565506999956 ], [ 36.782245636000141, -0.835645020999948 ], [ 36.782440185000155, -0.835645020999948 ], [ 36.782695770000089, -0.835627316999876 ], [ 36.782890319000103, -0.83557432799995 ], [ 36.783031463000043, -0.835530161999941 ], [ 36.783218384000179, -0.835362254999893 ], [ 36.783306121000066, -0.835256218999916 ], [ 36.783401490000017, -0.835061847999896 ], [ 36.783535004000044, -0.834832132999907 ], [ 36.783641814000191, -0.834620116999872 ], [ 36.78374862700008, -0.834461032999855 ], [ 36.783897399000125, -0.834381520999955 ], [ 36.78411102400014, -0.834399223999981 ], [ 36.78425216800008, -0.834469914999943 ], [ 36.78443527200011, -0.834664284999974 ], [ 36.784576416000107, -0.834832132999907 ], [ 36.784790038000153, -0.835079550999978 ], [ 36.784912109000061, -0.835326909999822 ], [ 36.785037995000152, -0.83557432799995 ], [ 36.785179139000149, -0.835786341999892 ], [ 36.785247802000015, -0.83595424799995 ], [ 36.785301209000124, -0.836166261999892 ], [ 36.785514832000104, -0.836334167999951 ], [ 36.785762786000191, -0.836484372999848 ], [ 36.785957335000035, -0.836555063999924 ], [ 36.786151887000131, -0.836625753999897 ], [ 36.786373137000169, -0.836731731999976 ], [ 36.786582947000113, -0.83689963799992 ], [ 36.786891937000064, -0.837155878999965 ], [ 36.787147521000122, -0.83736789299985 ], [ 36.787368774000186, -0.837579964999975 ], [ 36.787590027000135, -0.837783157999922 ], [ 36.787784576000149, -0.837906837999924 ], [ 36.787986755000077, -0.838012873999901 ], [ 36.788181305000194, -0.838136553999959 ], [ 36.788440704000095, -0.838313280999898 ], [ 36.788475036000079, -0.838560700999949 ], [ 36.78840255700004, -0.838799237999979 ], [ 36.78840255700004, -0.839020132999963 ], [ 36.788536071000067, -0.839241027999947 ], [ 36.788764954000101, -0.839391229999933 ], [ 36.78897857700008, -0.839461861999894 ], [ 36.789173126000094, -0.839444218999972 ], [ 36.789321900000175, -0.839382350999927 ], [ 36.78948211800008, -0.839338182999882 ], [ 36.789569855000138, -0.839232146999905 ], [ 36.789737702000082, -0.839152632999969 ], [ 36.790100097000163, -0.839223325999967 ], [ 36.790302276000091, -0.839302836999877 ], [ 36.7906761160001, -0.839408873999957 ], [ 36.790843964000146, -0.839426575999937 ], [ 36.791065217000039, -0.839426575999937 ], [ 36.791240693000191, -0.839382350999927 ], [ 36.791355133000081, -0.839329361999944 ], [ 36.791503905000127, -0.839258670999868 ], [ 36.791698457000052, -0.839249848999941 ], [ 36.791904449000072, -0.839223325999967 ], [ 36.792007446000127, -0.839249848999941 ], [ 36.792617797000105, -0.839735804999918 ], [ 36.793422700000178, -0.840230583999926 ], [ 36.79370498600008, -0.840442597999868 ], [ 36.794086456, -0.840716540999892 ], [ 36.794315339000036, -0.840928554999948 ], [ 36.794490815000188, -0.84118479499989 ], [ 36.79473114100017, -0.841467499999965 ], [ 36.795013427000072, -0.841785608999885 ], [ 36.795349120000026, -0.842086017999975 ], [ 36.795959474000085, -0.842766344999859 ], [ 36.796230317000038, -0.843031405999852 ], [ 36.796577453000168, -0.843490839999959 ], [ 36.796859741000048, -0.843685209999933 ], [ 36.797142029000156, -0.843800066999961 ], [ 36.797512054000151, -0.843888400999958 ], [ 36.797847747000105, -0.843950270999926 ], [ 36.798061370000084, -0.84398561699993 ], [ 36.798404694000112, -0.844065129999933 ], [ 36.798725128000115, -0.844188809999935 ], [ 36.799049376000141, -0.844330191999916 ], [ 36.799491882000154, -0.844559907999951 ], [ 36.800251007000156, -0.845045863999815 ], [ 36.800880432000099, -0.845390438999971 ], [ 36.801364899000134, -0.845673142999942 ], [ 36.801956177000022, -0.846000074999893 ], [ 36.802238463000151, -0.846150278999971 ], [ 36.802532197000119, -0.846309303999817 ], [ 36.802833556000053, -0.846521376999931 ], [ 36.803070069000171, -0.84673339099993 ], [ 36.803245545000152, -0.846954285999971 ], [ 36.8035049450001, -0.84732538399993 ], [ 36.803600312000071, -0.847590446999959 ], [ 36.803688049000186, -0.847793637999871 ], [ 36.803787231, -0.848005711999917 ], [ 36.803901673000098, -0.848164736999934 ], [ 36.804035187000125, -0.848235427999953 ], [ 36.804130554000096, -0.848191259999908 ], [ 36.804237367000155, -0.848102925999967 ], [ 36.804344177000075, -0.848032234999891 ], [ 36.804500579000091, -0.848023355999885 ], [ 36.804615022, -0.848102925999967 ], [ 36.804836273000149, -0.849048315999937 ], [ 36.804969788000051, -0.849463520999848 ], [ 36.805076599000131, -0.849816977999978 ], [ 36.805198669000106, -0.850082038999972 ], [ 36.805393219000052, -0.850497304999919 ], [ 36.805507659000057, -0.85069167499995 ], [ 36.805713653000055, -0.850921392999965 ], [ 36.806030273000147, -0.851151108999943 ], [ 36.806358336000017, -0.851345478999974 ], [ 36.806720733000077, -0.851522205999913 ], [ 36.806957244000046, -0.85163706499992 ], [ 36.807231902000183, -0.851725398999861 ], [ 36.807666778000112, -0.851751923999927 ], [ 36.807788848000087, -0.851743101999887 ], [ 36.808036805000086, -0.851672410999925 ], [ 36.808143615000063, -0.851575194999953 ], [ 36.808197022000115, -0.851433812999971 ], [ 36.808170319000112, -0.851327835999825 ], [ 36.808097840000073, -0.85116881099998 ], [ 36.808052063000105, -0.851071594999951 ], [ 36.808116913000163, -0.850992083999927 ], [ 36.808258057000103, -0.850850701999946 ], [ 36.808246612000119, -0.850727021999944 ], [ 36.808300017000192, -0.850585638999974 ], [ 36.808364868000126, -0.850461958999858 ], [ 36.808460235000155, -0.850391267999953 ], [ 36.808582306000176, -0.850302933999956 ], [ 36.808681488000047, -0.850285231999976 ], [ 36.808815002000074, -0.850241063999874 ], [ 36.809722901000157, -0.850143849999938 ], [ 36.810077668000133, -0.85011738399993 ], [ 36.810245513000041, -0.850152729999934 ], [ 36.810420989000193, -0.85020571799987 ], [ 36.810482025000056, -0.850338279999903 ], [ 36.810520171000064, -0.850444256999879 ], [ 36.810546875000114, -0.851098119999904 ], [ 36.81049347000004, -0.851248323999926 ], [ 36.810413361000087, -0.851416169999936 ], [ 36.810253144000058, -0.851601719999906 ], [ 36.810085296000011, -0.85169005399996 ], [ 36.809856415000183, -0.851778446999958 ], [ 36.80962753200015, -0.851893305999965 ], [ 36.809440613000049, -0.85206997399996 ], [ 36.809318542000028, -0.852264344999867 ], [ 36.809246064000035, -0.852485239999908 ], [ 36.80911254800003, -0.852820991999977 ], [ 36.80911254800003, -0.852953552999963 ], [ 36.809192657000153, -0.853059530999928 ], [ 36.809528350000107, -0.853200911999977 ], [ 36.80977630600006, -0.853271602999882 ], [ 36.809989929000039, -0.853289245999918 ], [ 36.810260772000163, -0.853315770999927 ], [ 36.810546875000114, -0.853315770999927 ], [ 36.810688019000054, -0.853280423999934 ], [ 36.810882568000068, -0.853200911999977 ], [ 36.811092376000033, -0.853121398999974 ], [ 36.811321259000067, -0.853077232999965 ], [ 36.811534881000171, -0.853094875999943 ], [ 36.811702729, -0.853156743999875 ], [ 36.811851501000035, -0.853271602999882 ], [ 36.812038422000171, -0.853395282999827 ], [ 36.812171936000027, -0.853580832999967 ], [ 36.812259675000064, -0.853757559999963 ], [ 36.812313080000138, -0.85387241899997 ], [ 36.812366485000041, -0.854040263999877 ], [ 36.812496186000033, -0.854137479999963 ], [ 36.81277084400017, -0.854216992999966 ], [ 36.812911988000167, -0.854199349999931 ], [ 36.813064575000055, -0.854128658999912 ], [ 36.813220978000118, -0.853969572999915 ], [ 36.813312530000076, -0.853890061999891 ], [ 36.813426972000116, -0.853828250999925 ], [ 36.813549040999987, -0.853757559999963 ], [ 36.813697815000069, -0.853722213999959 ], [ 36.813850402000185, -0.853757559999963 ], [ 36.81401062000009, -0.853775202999884 ], [ 36.814178467000033, -0.85384589399996 ], [ 36.814422607000154, -0.854093313999954 ], [ 36.814590454000097, -0.854331849999937 ], [ 36.814743042000146, -0.854464411999913 ], [ 36.814899444000105, -0.854632256999935 ], [ 36.815052033000029, -0.854782461999946 ], [ 36.815174102000071, -0.854932665999911 ], [ 36.81536102299998, -0.855074047999892 ], [ 36.815509795000082, -0.855197726999904 ], [ 36.815624238, -0.855303763999814 ], [ 36.815704346000075, -0.855418621999888 ], [ 36.815731048000146, -0.855524658999968 ], [ 36.815738678000059, -0.855639517999975 ], [ 36.815643311000088, -0.855869233999954 ], [ 36.815589904000035, -0.85602825899997 ], [ 36.815570831000116, -0.85621380799995 ], [ 36.815563202000135, -0.856425821999949 ], [ 36.8155822760001, -0.856655537999927 ], [ 36.815650939000193, -0.85683226499998 ], [ 36.815792083000133, -0.857008993999955 ], [ 36.816032410000048, -0.857079684999917 ], [ 36.816200257000162, -0.857070803999932 ], [ 36.816474915000128, -0.856991289999883 ], [ 36.816825867000034, -0.856894134999948 ], [ 36.817039489000138, -0.856770396999934 ], [ 36.817375183000024, -0.856655537999927 ], [ 36.817550658000073, -0.856576023999935 ], [ 36.817756653000174, -0.856478869999876 ], [ 36.818054199000073, -0.856434701999945 ], [ 36.818347931000062, -0.856434701999945 ], [ 36.818576814000096, -0.856461167999896 ], [ 36.818790436000143, -0.856514214999947 ], [ 36.819007874000192, -0.85659372899994 ], [ 36.819370271000082, -0.856735048999951 ], [ 36.819717407000041, -0.856885253999906 ], [ 36.820301057000165, -0.857291698999973 ], [ 36.820583343000067, -0.857503771999859 ], [ 36.820804596000187, -0.857653975999938 ], [ 36.820934296000075, -0.857742309999878 ], [ 36.821060180000188, -0.857901334999951 ], [ 36.821128846000192, -0.85801619199998 ], [ 36.821182251000096, -0.858228266999959 ], [ 36.821243286000083, -0.858360766999965 ], [ 36.821243286000083, -0.858510970999873 ], [ 36.821269990000133, -0.858696520999956 ], [ 36.821437835000097, -0.858784913999898 ], [ 36.821617126000092, -0.858731865999971 ], [ 36.821792602000073, -0.858731865999971 ], [ 36.821941376000098, -0.858731865999971 ], [ 36.822147369000163, -0.858829079999907 ], [ 36.822368622000113, -0.859076438999864 ], [ 36.822483062000174, -0.859191297999928 ], [ 36.822738647000051, -0.859368024999981 ], [ 36.822906494, -0.859438715999886 ], [ 36.82309341500013, -0.859447538999916 ], [ 36.823234557000092, -0.859385668999948 ], [ 36.823463440000069, -0.859306156999935 ], [ 36.823684693000189, -0.859270811999977 ], [ 36.823867797000048, -0.859209 ], [ 36.824115753000171, -0.859191297999928 ], [ 36.82430267400008, -0.859120665999967 ], [ 36.82447815, -0.859085320999952 ], [ 36.824619294000172, -0.859049974999891 ], [ 36.824840545000086, -0.859058797999978 ], [ 36.82498931900011, -0.859120665999967 ], [ 36.825122833000194, -0.859209 ], [ 36.82521057200006, -0.859323858999971 ], [ 36.82522964500015, -0.859518229999821 ], [ 36.825183868000181, -0.859774469999877 ], [ 36.82517623800004, -0.860065995999946 ], [ 36.82517623800004, -0.860295771999915 ], [ 36.825160980000021, -0.860569655999939 ], [ 36.825237274000131, -0.860834717999921 ], [ 36.825290681000183, -0.861099778999915 ], [ 36.825351716000171, -0.861302971999976 ], [ 36.825485230000027, -0.861568032999969 ], [ 36.825637817000143, -0.86185079899991 ], [ 36.825767518000134, -0.862098157999924 ], [ 36.825893402000077, -0.862301348999949 ], [ 36.826034546000187, -0.862425088999885 ], [ 36.826255799000137, -0.862698970999929 ], [ 36.826477051000154, -0.862911045999965 ], [ 36.826671601000044, -0.86311423699982 ], [ 36.826759337000055, -0.86329978699996 ], [ 36.826812745000041, -0.863405822999937 ], [ 36.826900481000166, -0.863609015999884 ], [ 36.826927185000045, -0.863776861999952 ], [ 36.826961517000086, -0.863935947999948 ], [ 36.826988220000032, -0.864121495999939 ], [ 36.827007294000055, -0.864227472999914 ], [ 36.827075959000126, -0.864315867999949 ], [ 36.827236175000053, -0.864421903999926 ], [ 36.827419281000118, -0.864457188999893 ], [ 36.827705384000069, -0.86443954799995 ], [ 36.827907563000167, -0.864421903999926 ], [ 36.82810211200001, -0.864395379999962 ], [ 36.828269958000078, -0.86443072499992 ], [ 36.828479768000193, -0.864501415999939 ], [ 36.828620910000154, -0.864580928999942 ], [ 36.828762054000094, -0.864713429999881 ], [ 36.828895570000157, -0.864784119999968 ], [ 36.829063415000064, -0.864828287999956 ], [ 36.829216003000113, -0.864845990999925 ], [ 36.829399108000075, -0.864845990999925 ], [ 36.829593658000135, -0.864996194999833 ], [ 36.829807282000047, -0.865164040999957 ], [ 36.82994079600013, -0.865287719999969 ], [ 36.830017090000183, -0.865429103999929 ], [ 36.830036163000102, -0.86566763999997 ], [ 36.830081940000071, -0.865817844999867 ], [ 36.83015823400018, -0.865950405999911 ], [ 36.830326080000191, -0.866038739999851 ], [ 36.830444335000095, -0.866038739999851 ], [ 36.83064651400008, -0.86600339499995 ], [ 36.830894471000079, -0.865915059999907 ], [ 36.831069947000174, -0.865879714999949 ], [ 36.831230164000033, -0.865817844999867 ], [ 36.831413270000098, -0.865844369999934 ], [ 36.831600189000028, -0.865976928999885 ], [ 36.831707001000154, -0.866118251999922 ], [ 36.831775665000123, -0.866259632999913 ], [ 36.831768037000018, -0.866454005999913 ], [ 36.831748963000052, -0.866701423999871 ], [ 36.831687928000065, -0.866948782999941 ], [ 36.831573485000092, -0.86717849899992 ], [ 36.831539154000041, -0.867328702999828 ], [ 36.831520080000018, -0.867567300999951 ], [ 36.83151245200014, -0.867717443999936 ], [ 36.831501007000156, -0.867911874999947 ], [ 36.831539154000041, -0.868088543999875 ], [ 36.83169555600017, -0.868221104999918 ], [ 36.831874847000165, -0.868318259999967 ], [ 36.832069396000179, -0.868406652999909 ], [ 36.832263947000058, -0.868459640999959 ], [ 36.832447051000088, -0.868521510999926 ], [ 36.832641603000184, -0.868574499999966 ], [ 36.832794190000129, -0.868574499999966 ], [ 36.832916260000104, -0.868530331999864 ], [ 36.833065033000082, -0.868459640999959 ], [ 36.833137511000189, -0.868353604999868 ], [ 36.833198547000109, -0.868221104999918 ], [ 36.833278655000129, -0.868088543999875 ], [ 36.833358764000138, -0.867973684999811 ], [ 36.833446503000175, -0.86788535099987 ], [ 36.833606720000034, -0.867823481999892 ], [ 36.833614349000015, -0.868070899999964 ], [ 36.83359527500005, -0.868194579999965 ], [ 36.833694457000092, -0.868282913999906 ], [ 36.83381652800017, -0.868274092999968 ], [ 36.833930968, -0.868238745999975 ], [ 36.834091186000137, -0.868132709999827 ], [ 36.834190368000179, -0.868044375999887 ], [ 36.834278107000046, -0.867938338999977 ], [ 36.834392547000107, -0.867876529999933 ], [ 36.834560395000153, -0.867858827999896 ], [ 36.834789276000151, -0.867938338999977 ], [ 36.834983825, -0.868035554999949 ], [ 36.835231782, -0.868070899999964 ], [ 36.835399627000129, -0.868070899999964 ], [ 36.835567475000175, -0.868035554999949 ], [ 36.835762024000189, -0.868035554999949 ], [ 36.835929870000029, -0.868035554999949 ], [ 36.836132049000184, -0.868053197999927 ], [ 36.836307525000109, -0.868150411999977 ], [ 36.836460114000033, -0.868238745999975 ], [ 36.836528778000059, -0.868371306999848 ], [ 36.836608886000079, -0.868547974999899 ], [ 36.836654663000047, -0.868671715999938 ], [ 36.836654663000047, -0.868874906999963 ], [ 36.836662293000131, -0.869131147999838 ], [ 36.836669922000169, -0.86930787499989 ], [ 36.836723327000072, -0.869511067999895 ], [ 36.836776734000125, -0.869731962999879 ], [ 36.836883544000102, -0.869882164999979 ], [ 36.836982726000087, -0.870058833999963 ], [ 36.837139128999979, -0.870270907999895 ], [ 36.837368012000184, -0.870474098999921 ], [ 36.837978363000161, -0.871030746999963 ], [ 36.838157654000156, -0.871189773999902 ], [ 36.838359833000084, -0.871295809999879 ], [ 36.838562013000114, -0.871357677999924 ], [ 36.838710784999989, -0.871339975999888 ], [ 36.83885574400017, -0.871260464999978 ], [ 36.838970184000061, -0.871180950999872 ], [ 36.839057923000155, -0.871119080999904 ], [ 36.839172364000092, -0.871083735999832 ], [ 36.839321136000137, -0.87114560599997 ], [ 36.839454652000029, -0.871304630999816 ], [ 36.839542389000087, -0.871472536999931 ], [ 36.839603424000074, -0.871684550999873 ], [ 36.839649201000043, -0.871825932999968 ], [ 36.839782715000069, -0.872002661999943 ], [ 36.840045930000088, -0.872126340999955 ], [ 36.840259552000191, -0.872205852999969 ], [ 36.8404693600001, -0.872258841999894 ], [ 36.84075546300005, -0.872311888999945 ], [ 36.8409729010001, -0.872364877999871 ], [ 36.841167450000171, -0.872373700999958 ], [ 36.841415406000067, -0.87232953299997 ], [ 36.841548920000093, -0.872294186999966 ], [ 36.84168243400012, -0.872179327999959 ], [ 36.841770172999986, -0.872046827999952 ], [ 36.841884613000047, -0.871808230999932 ], [ 36.841953277000073, -0.871587395999939 ], [ 36.841979980000076, -0.871446012999968 ], [ 36.842060089000029, -0.871251641999947 ], [ 36.842124940000133, -0.871127903999934 ], [ 36.842201233000139, -0.870995400999959 ], [ 36.842315674000133, -0.87092471099993 ], [ 36.842422486000089, -0.870854019999911 ], [ 36.842529296, -0.870827555999938 ], [ 36.842670440000177, -0.870818673999906 ], [ 36.842857361000085, -0.87092471099993 ], [ 36.843166351000093, -0.871172130999867 ], [ 36.843315125000117, -0.871375321999892 ], [ 36.843502044000047, -0.871534346999965 ], [ 36.843624115000125, -0.871693371999925 ], [ 36.843723297000167, -0.871870100999956 ], [ 36.843791963000115, -0.872117518999914 ], [ 36.843891145000157, -0.872320711999862 ], [ 36.843917846000181, -0.872550427999954 ], [ 36.844139099000074, -0.872850834999952 ], [ 36.84434890700004, -0.873001038999917 ], [ 36.844631195000147, -0.873186588999829 ], [ 36.84499359199998, -0.873354433999964 ], [ 36.845222473000035, -0.873433947999956 ], [ 36.845523834000176, -0.873495815999945 ], [ 36.845832826000162, -0.87355768599997 ], [ 36.846099853000112, -0.873619495999947 ], [ 36.846477509000124, -0.873787401999891 ], [ 36.846866607000152, -0.873972951999974 ], [ 36.847122192000086, -0.874123155999939 ], [ 36.847267151000096, -0.874193787999957 ], [ 36.847396851000155, -0.874282180999955 ], [ 36.847484588000043, -0.874414681999838 ], [ 36.847549438999977, -0.874582587999953 ], [ 36.847732545000042, -0.875192223999932 ], [ 36.847778320000032, -0.875395416999879 ], [ 36.847900390000177, -0.875616312999966 ], [ 36.848052978000169, -0.875793039999905 ], [ 36.848236084000064, -0.875987409999937 ], [ 36.84848404000013, -0.876181780999957 ], [ 36.848609924000073, -0.876287816999934 ], [ 36.848804473000087, -0.87639385499989 ], [ 36.848960877000081, -0.876526354999953 ], [ 36.849376678999988, -0.876703082999882 ], [ 36.84969329900008, -0.876773772999968 ], [ 36.850093841000046, -0.876817941999889 ], [ 36.850288392000039, -0.876817941999889 ], [ 36.850585938000165, -0.876862107999898 ], [ 36.850906371000121, -0.876950441999952 ], [ 36.851242065000179, -0.87702113499995 ], [ 36.851516725000181, -0.877029954999955 ], [ 36.851787567000031, -0.877047656999821 ], [ 36.852069855000082, -0.877038836999873 ], [ 36.852256775000114, -0.876976966999905 ], [ 36.852485657000045, -0.876870929999939 ], [ 36.852718354, -0.876773772999968 ], [ 36.852859498000157, -0.876694202999886 ], [ 36.853096009000069, -0.876605868999945 ], [ 36.853309631000172, -0.876535175999948 ], [ 36.853519439000138, -0.876517534999834 ], [ 36.853725433000136, -0.876491009999938 ], [ 36.853954314000134, -0.876499830999876 ], [ 36.854202271000133, -0.876579343999879 ], [ 36.854412078000166, -0.87661468999994 ], [ 36.854660034000062, -0.876694202999886 ], [ 36.854961396000135, -0.876782595999828 ], [ 36.85519027700019, -0.876853286999904 ], [ 36.855350494, -0.876906275999943 ], [ 36.855533600000058, -0.877012311999977 ], [ 36.855754853000178, -0.877153693999958 ], [ 36.855934144000173, -0.877206681999894 ], [ 36.856075286000134, -0.877224384999977 ], [ 36.85617828300019, -0.877189038999973 ], [ 36.856197356999985, -0.877056479999908 ], [ 36.856189729000107, -0.876844404999872 ], [ 36.856189729000107, -0.876676559999908 ], [ 36.856250764000094, -0.876561700999844 ], [ 36.856311797000046, -0.876473366999903 ], [ 36.856525422000061, -0.876411495999946 ], [ 36.856719971000075, -0.876499830999876 ], [ 36.856914520000089, -0.876605868999945 ], [ 36.857021333000148, -0.876747250999927 ], [ 36.857238770000095, -0.876932799999906 ], [ 36.857330322000053, -0.877038836999873 ], [ 36.857513428000118, -0.877215504999924 ], [ 36.857673646000194, -0.877321540999901 ], [ 36.85780716000005, -0.877401052999915 ], [ 36.858009339000034, -0.877515911999922 ], [ 36.858230592000098, -0.877568958999973 ], [ 36.858512878, -0.877515911999922 ], [ 36.85866165200008, -0.877348065999968 ], [ 36.858795166000107, -0.877242027999898 ], [ 36.858882904999973, -0.877162515999885 ], [ 36.859024049000141, -0.877144813999962 ], [ 36.859237671000017, -0.877224384999977 ], [ 36.859439851000047, -0.877348065999968 ], [ 36.859714509000071, -0.877489386999969 ], [ 36.859882353999978, -0.877604304999977 ], [ 36.860042572000111, -0.8777456279999 ], [ 36.860157012000172, -0.877887008999892 ], [ 36.860225678000177, -0.878010690999929 ], [ 36.860332488000097, -0.878160892999915 ], [ 36.860553741000047, -0.878293453999959 ], [ 36.860721589000093, -0.878381788999889 ], [ 36.860881806000066, -0.878479003999928 ], [ 36.861030578000168, -0.878708719999963 ], [ 36.861114502000135, -0.878832399999965 ], [ 36.861167907000038, -0.878991424999867 ], [ 36.861274719000164, -0.87922114099996 ], [ 36.861389160000158, -0.879433214999949 ], [ 36.861522674000184, -0.879592239999965 ], [ 36.86162567100007, -0.879768966999904 ], [ 36.861663818000125, -0.879936814999951 ], [ 36.861671448000038, -0.880104719999963 ], [ 36.86162567100007, -0.880281387999958 ], [ 36.861537934000182, -0.880458116999932 ], [ 36.861450195000145, -0.88064366499998 ], [ 36.861362456000052, -0.880714357999977 ], [ 36.860980988000108, -0.880758523999816 ], [ 36.860591888000101, -0.88078504899994 ], [ 36.860301971000183, -0.880846857999927 ], [ 36.860240936000025, -0.880961716999934 ], [ 36.860221863000106, -0.88111191899992 ], [ 36.860240936000025, -0.881253300999958 ], [ 36.860347748000152, -0.881430029999933 ], [ 36.860504151000043, -0.881571352999913 ], [ 36.860851287000116, -0.881792245999975 ], [ 36.861148834000176, -0.881960152999852 ], [ 36.861557007999977, -0.882198690999871 ], [ 36.861873627000193, -0.882375417999924 ], [ 36.862182617000144, -0.882516740999961 ], [ 36.862529756000185, -0.882658122999942 ], [ 36.862880706999988, -0.882790624999927 ], [ 36.863254547000054, -0.882905542999822 ], [ 36.863525390000177, -0.883029222999937 ], [ 36.863719939000191, -0.883135258999914 ], [ 36.863773346000073, -0.883311926999966 ], [ 36.863666534000117, -0.883470951999868 ], [ 36.863563537, -0.883612333999963 ], [ 36.863483428000052, -0.883700728999884 ], [ 36.86346435500019, -0.883842051999864 ], [ 36.863590241000111, -0.883886217999873 ], [ 36.863719939000191, -0.88394808799984 ], [ 36.863834382000164, -0.884062944999926 ], [ 36.863880157000096, -0.884195505999969 ], [ 36.863914491000116, -0.884354530999872 ], [ 36.863994599000137, -0.884513555999888 ], [ 36.864082336000024, -0.884601889999942 ], [ 36.86429595900006, -0.884575425999969 ], [ 36.864665986000034, -0.884504734999894 ], [ 36.86481857300015, -0.884442864999926 ], [ 36.865036010999972, -0.884425221999948 ], [ 36.865230560000043, -0.884407519999911 ], [ 36.865417481000122, -0.884416341999952 ], [ 36.865631104000101, -0.884460566999962 ], [ 36.865859985000156, -0.884593069999937 ], [ 36.865974427000026, -0.884663759999967 ], [ 36.866188050000176, -0.88485813099993 ], [ 36.866397857000038, -0.8850436809999 ], [ 36.866600037000069, -0.88526457599994 ], [ 36.866741181000066, -0.885476589999939 ], [ 36.866859436000141, -0.885662136999883 ], [ 36.867027281999981, -0.8858211619999 ], [ 36.867202760000112, -0.885953723999876 ], [ 36.867362977000141, -0.886033236999879 ], [ 36.867580415000191, -0.886024413999962 ], [ 36.867725372000052, -0.885980247999953 ], [ 36.867866516000163, -0.885909556999934 ], [ 36.867996217000155, -0.885794698999973 ], [ 36.868110657000045, -0.885582625999973 ], [ 36.868156432000148, -0.885388254999896 ], [ 36.868202209000117, -0.885193884999978 ], [ 36.868217468000068, -0.885025977999931 ], [ 36.868236541000158, -0.884805141999948 ], [ 36.868263245000037, -0.884601889999942 ], [ 36.868278503000056, -0.884416341999952 ], [ 36.868377685000098, -0.884195505999969 ], [ 36.868438720000086, -0.884054123999931 ], [ 36.868537902000128, -0.883877396999935 ], [ 36.868659972999978, -0.883797883999932 ], [ 36.868820191000111, -0.883683024999925 ], [ 36.869041443000128, -0.883630037999978 ], [ 36.869285583000078, -0.883612333999963 ], [ 36.869438172000173, -0.883576987999959 ], [ 36.869625091000103, -0.883621155999947 ], [ 36.86982727000003, -0.883674203999931 ], [ 36.870082855000135, -0.883700728999884 ], [ 36.870319366000047, -0.883753717999923 ], [ 36.87056732200017, -0.883789062999938 ], [ 36.870841980000137, -0.883833228999947 ], [ 36.871002198000099, -0.883886217999873 ], [ 36.871185304000107, -0.883992253999963 ], [ 36.871311187000174, -0.884142457999928 ], [ 36.871372223000037, -0.884336828999949 ], [ 36.871303559000069, -0.884531198999923 ], [ 36.871250152000187, -0.884769796999876 ], [ 36.871223451000162, -0.884964166999964 ], [ 36.871265410000035, -0.88512319199998 ], [ 36.871379853000178, -0.885299920999955 ], [ 36.871585845000141, -0.88541477799987 ], [ 36.871795655000085, -0.885467766999966 ], [ 36.871990204000099, -0.885556100999906 ], [ 36.872169495000094, -0.885662136999883 ], [ 36.872230530000081, -0.885785877999922 ], [ 36.872379303000059, -0.886006711999926 ], [ 36.872451783000031, -0.886404334999952 ], [ 36.872493743000121, -0.886660574999894 ], [ 36.872547150000173, -0.886899113999959 ], [ 36.872814178000056, -0.887084663999929 ], [ 36.873218537000071, -0.887234865999915 ], [ 36.873600007000164, -0.88730555699982 ], [ 36.873775483000145, -0.88730555699982 ], [ 36.873962402000075, -0.887287854999954 ], [ 36.874130249000189, -0.887208342999941 ], [ 36.874252320000039, -0.887040495999827 ], [ 36.874378204000152, -0.886854945999914 ], [ 36.874492646000022, -0.886704742999939 ], [ 36.874580383000136, -0.886536836999881 ], [ 36.874668122000173, -0.886377811999978 ], [ 36.874816894000048, -0.886130452999907 ], [ 36.87491607600009, -0.88606858199995 ], [ 36.875011443000062, -0.886006711999926 ], [ 36.875110626000037, -0.885971427999834 ], [ 36.875286101000086, -0.886024413999962 ], [ 36.875568389000136, -0.886130452999907 ], [ 36.875808716000051, -0.886236427999904 ], [ 36.87612533500004, -0.886307120999959 ], [ 36.876426697000113, -0.886413156999879 ], [ 36.876743317000034, -0.886501490999876 ], [ 36.877044678000175, -0.886598704999926 ], [ 36.877326964000076, -0.88668703899998 ], [ 36.877674103000118, -0.886854945999914 ], [ 36.877937318000136, -0.886969804999922 ], [ 36.878440857000157, -0.887287854999954 ], [ 36.878849030000083, -0.887614785999915 ], [ 36.879428863000157, -0.888038872999914 ], [ 36.879703521000181, -0.88829511299997 ], [ 36.880012512000064, -0.888516007999954 ], [ 36.880207062000181, -0.888648510999928 ], [ 36.880306244000053, -0.888860582999939 ], [ 36.880386353000176, -0.889125644999865 ], [ 36.88039398300009, -0.88943487399996 ], [ 36.880401611000025, -0.889903127999958 ], [ 36.880401611000025, -0.89018589199992 ], [ 36.880420684000057, -0.890389084999867 ], [ 36.880500793000067, -0.890671847999897 ], [ 36.880542755000135, -0.890857338999979 ], [ 36.880569459000071, -0.891095936999818 ], [ 36.880489350000062, -0.892112015999942 ], [ 36.880462646000183, -0.892271040999958 ], [ 36.880481720000148, -0.892377078999971 ], [ 36.882286072000056, -0.8924830549999 ], [ 36.882434846000137, -0.892465412999968 ], [ 36.88262176500001, -0.892350553999961 ], [ 36.882762909000178, -0.892262219999964 ], [ 36.882957458000192, -0.892085492999968 ], [ 36.883293151000146, -0.89169674999988 ], [ 36.883422852000137, -0.891502320999962 ], [ 36.883575440000186, -0.891307949999941 ], [ 36.883705138000039, -0.891175447999899 ], [ 36.883926391000159, -0.890972256999873 ], [ 36.884105682000154, -0.890857338999979 ], [ 36.884254456, -0.890733659999967 ], [ 36.884441375000108, -0.890609979999908 ], [ 36.884788514000149, -0.890449880999938 ], [ 36.885562897, -0.890115200999958 ], [ 36.885738373000152, -0.890035688999944 ], [ 36.885967253999979, -0.889973818999977 ], [ 36.886074067000038, -0.889947293999967 ], [ 36.886226654000154, -0.889938473999962 ], [ 36.886341094000045, -0.889947293999967 ], [ 36.886497497000107, -0.89000034399993 ], [ 36.886631013000112, -0.890097498999978 ], [ 36.887039184000059, -0.890433250999877 ], [ 36.887294769000164, -0.890645325999913 ], [ 36.887443543000188, -0.890769004999925 ], [ 36.887645721000069, -0.890910386999906 ], [ 36.887920380000139, -0.890963375999945 ], [ 36.888134003000118, -0.890981077999925 ], [ 36.888267517000145, -0.891069411999922 ], [ 36.888442993000126, -0.89137864099996 ], [ 36.888576507000153, -0.891599535999831 ], [ 36.888679504000038, -0.891811608999944 ], [ 36.888759613000047, -0.891970633999961 ], [ 36.888927460000161, -0.892235694999954 ], [ 36.889026641999976, -0.89242124499998 ], [ 36.889175415000125, -0.892642139999964 ], [ 36.889335632000154, -0.892783462999887 ], [ 36.88944244400011, -0.892977833999907 ], [ 36.889530181000168, -0.89318108599997 ], [ 36.889610290000178, -0.893437325999912 ], [ 36.889671325000165, -0.893684685999972 ], [ 36.88966369700006, -0.893923221999955 ], [ 36.889617920000092, -0.894267857999978 ], [ 36.88950348000003, -0.894532857999877 ], [ 36.88936233600009, -0.894895134999842 ], [ 36.88914108300014, -0.895363389999943 ], [ 36.888858795000033, -0.895893513999908 ], [ 36.888694764000093, -0.896136163999927 ], [ 36.888645172000054, -0.896211622999942 ], [ 36.88861846900005, -0.896284580999975 ], [ 36.888576507000153, -0.896405994999952 ], [ 36.888496400000179, -0.896556197999871 ], [ 36.88845062300004, -0.896750567999959 ], [ 36.88845062300004, -0.896927296999934 ], [ 36.888462065999988, -0.89708632199995 ], [ 36.888576507000153, -0.897263049999935 ], [ 36.889282227000081, -0.897846816999902 ], [ 36.889377594000109, -0.897925673999964 ], [ 36.889614105000192, -0.898110447999954 ], [ 36.88970565700015, -0.898181914999896 ], [ 36.889892578000058, -0.898393928999951 ], [ 36.890060426000105, -0.898606000999905 ], [ 36.890148163000163, -0.898791550999931 ], [ 36.89020919800015, -0.8989771009999 ], [ 36.890201568000066, -0.90013450299989 ], [ 36.890235901000153, -0.900381922999941 ], [ 36.890335084000071, -0.900549768999895 ], [ 36.890457154000046, -0.900761842999941 ], [ 36.89069747800005, -0.901053426999908 ], [ 36.89087295600018, -0.901221274999955 ], [ 36.891021728000055, -0.901230095999949 ], [ 36.891181946000188, -0.901159465999967 ], [ 36.891315460000044, -0.901097595999943 ], [ 36.891471862000174, -0.901132940999901 ], [ 36.891639710000049, -0.901300788999947 ], [ 36.892082213000151, -0.901928126999906 ], [ 36.892284393000182, -0.902254997999933 ], [ 36.892505646000075, -0.902617275999887 ], [ 36.892646790000015, -0.90303253999997 ], [ 36.892780303000166, -0.903527318999977 ], [ 36.892879486000083, -0.90397792999994 ], [ 36.892894744000102, -0.904419720999897 ], [ 36.892887116000054, -0.90482610499987 ], [ 36.892887116000054, -0.905046997999932 ], [ 36.892906189000087, -0.905241370999931 ], [ 36.893100738000101, -0.905462263999937 ], [ 36.893291472999977, -0.90559482499998 ], [ 36.893505097000116, -0.905718504999925 ], [ 36.893772125000169, -0.905798017999928 ], [ 36.894042968000122, -0.905806838999922 ], [ 36.89439010600006, -0.905806838999922 ], [ 36.894767761000139, -0.905753849999883 ], [ 36.895149232000165, -0.905690012999969 ], [ 36.895565034000072, -0.905612467999902 ], [ 36.895980836000035, -0.905585943999938 ], [ 36.896419526000102, -0.905559479999965 ], [ 36.896896361000188, -0.905541776999939 ], [ 36.897258758000078, -0.905532956999934 ], [ 36.897659302000193, -0.905532956999934 ], [ 36.897983552000028, -0.905532956999934 ], [ 36.898319245000152, -0.905568301999892 ], [ 36.898654938000107, -0.905647813999906 ], [ 36.899017333000188, -0.905762672999913 ], [ 36.89925765900017, -0.905851006999967 ], [ 36.899494171000185, -0.90586870899989 ], [ 36.899814606000177, -0.905957042999944 ], [ 36.900104522000163, -0.906089603999874 ], [ 36.900318146000075, -0.906328140999904 ], [ 36.900501250000104, -0.906584380999959 ], [ 36.900714875000119, -0.906875908999837 ], [ 36.900962829000036, -0.907070337999926 ], [ 36.901165009000067, -0.907105624999929 ], [ 36.901447297000175, -0.907079160999956 ], [ 36.901687623000157, -0.906946599999912 ], [ 36.901924134000069, -0.906716883999934 ], [ 36.902111053000169, -0.906478344999869 ], [ 36.90225982700008, -0.906222103999937 ], [ 36.90244674600018, -0.90573614799996 ], [ 36.902507782000043, -0.905515252999976 ], [ 36.902606964000086, -0.905409274999897 ], [ 36.902782440000067, -0.905347406999908 ], [ 36.903011323000044, -0.905382751999923 ], [ 36.903152467000041, -0.905506431999925 ], [ 36.903171540000073, -0.905762672999913 ], [ 36.903144837000127, -0.906416474999901 ], [ 36.903179168000179, -0.906867085999977 ], [ 36.903224945000147, -0.907123326999965 ], [ 36.903331758000036, -0.907423732999973 ], [ 36.903480530000081, -0.907582759999968 ], [ 36.903720856000064, -0.907591580999963 ], [ 36.904010772000049, -0.907556235999891 ], [ 36.904266357000154, -0.907547414999954 ], [ 36.904548645000091, -0.907538591999867 ], [ 36.904815675000123, -0.907538591999867 ], [ 36.905025481999985, -0.907556235999891 ], [ 36.905300140000179, -0.907635807999895 ], [ 36.905548096000075, -0.907732962999944 ], [ 36.905857086000083, -0.90791851299997 ], [ 36.906158448000156, -0.908148228999949 ], [ 36.906433106000122, -0.908307253999965 ], [ 36.906574250000062, -0.908492802999945 ], [ 36.906776429000047, -0.908590018999973 ], [ 36.907005310000045, -0.908590018999973 ], [ 36.907260894000046, -0.90845745799993 ], [ 36.907341003, -0.908377943999938 ], [ 36.907516479000151, -0.908218918999921 ], [ 36.907836914000086, -0.908148228999949 ], [ 36.908126830000128, -0.908236562999889 ], [ 36.908313751000037, -0.908413289999942 ], [ 36.908409118000179, -0.908793209999942 ], [ 36.908420564000096, -0.90904945099993 ], [ 36.908420564000096, -0.909305690999872 ], [ 36.908401490000074, -0.909650265999971 ], [ 36.908294678000118, -0.910030185999972 ], [ 36.908138275000056, -0.910286365999923 ], [ 36.907829284000172, -0.910480797999924 ], [ 36.90754318300003, -0.910604476999879 ], [ 36.90737533500004, -0.910736976999829 ], [ 36.907341003, -0.910940228999948 ], [ 36.907394408000073, -0.911099253999964 ], [ 36.907474517000026, -0.911258278999981 ], [ 36.907642365000072, -0.911487996999881 ], [ 36.907817841000053, -0.911797224999873 ], [ 36.908073425000055, -0.912035821999893 ], [ 36.908409118000179, -0.912247835999949 ], [ 36.908603668000126, -0.912398039999971 ], [ 36.908798219000175, -0.91258358999994 ], [ 36.908905029000096, -0.912760316999879 ], [ 36.908924102000185, -0.91295468699991 ], [ 36.908905029000096, -0.913122534999957 ], [ 36.90893936100008, -0.913308082999947 ], [ 36.909080505000077, -0.913467109999942 ], [ 36.909366608000028, -0.91362619399996 ], [ 36.909595489000026, -0.913785218999976 ], [ 36.909778595000091, -0.91384702799985 ], [ 36.910053253000058, -0.91390007799987 ], [ 36.91029357900004, -0.91390007799987 ], [ 36.910495758000025, -0.913908897999818 ], [ 36.91067123400012, -0.913961945999915 ], [ 36.910778046000075, -0.91400611399996 ], [ 36.910972596000192, -0.914253472999974 ], [ 36.911071778000064, -0.914465545999974 ], [ 36.911193848000039, -0.914651095999943 ], [ 36.911273957000162, -0.914801299999908 ], [ 36.911354064000136, -0.91497796799996 ], [ 36.911388398000156, -0.915234206999969 ], [ 36.911396026000091, -0.91554343599995 ], [ 36.911457061000078, -0.915746687999899 ], [ 36.911457061000078, -0.916117726999971 ], [ 36.911369324000191, -0.916365146999908 ], [ 36.911281585000097, -0.91661256499998 ], [ 36.911262512, -0.916895269999884 ], [ 36.911281585000097, -0.917142689999935 ], [ 36.911327362000065, -0.917434214999901 ], [ 36.911434173000089, -0.917716979999966 ], [ 36.911548615000186, -0.917884825999977 ], [ 36.911777496000184, -0.918132245999914 ], [ 36.912181855000142, -0.918582856999933 ], [ 36.912429809000059, -0.918856738999921 ], [ 36.912597657000106, -0.919024586999967 ], [ 36.912712097000167, -0.919148265999979 ], [ 36.912952423000149, -0.919307349999883 ], [ 36.913173676000042, -0.919439851999925 ], [ 36.913383484000178, -0.919545888999949 ], [ 36.913497924000069, -0.919687269999883 ], [ 36.913597106000111, -0.919908165999971 ], [ 36.913684844999977, -0.920243858999925 ], [ 36.913719177000189, -0.920738637999932 ], [ 36.913719177000189, -0.920871196999883 ], [ 36.91364288300008, -0.92098605599989 ], [ 36.913589478000176, -0.921153901999901 ], [ 36.913509370000156, -0.921410142999889 ], [ 36.913509370000156, -0.92164873999991 ], [ 36.913543701000037, -0.921843109999941 ], [ 36.91362381, -0.92203748299994 ], [ 36.913745881000068, -0.922284841999954 ], [ 36.913913726000033, -0.922470389999944 ], [ 36.91414642400008, -0.922558723999884 ], [ 36.91439056400003, -0.922602950999931 ], [ 36.914611816000047, -0.922567604999927 ], [ 36.914867401000151, -0.922496914999954 ], [ 36.91507339500015, -0.922452747999898 ], [ 36.915374755000187, -0.922479211999871 ], [ 36.915611268000134, -0.922620593999966 ], [ 36.915840149000132, -0.92284148899995 ], [ 36.915992736000078, -0.923027038999919 ], [ 36.916095733000191, -0.923256754999898 ], [ 36.91614913900014, -0.923504172999969 ], [ 36.916221619000112, -0.923769174999961 ], [ 36.916229247000047, -0.923998951999977 ], [ 36.916187285000092, -0.924308179999969 ], [ 36.91614913900014, -0.92463761599987 ], [ 36.916139538000152, -0.924687985999924 ], [ 36.916095875000167, -0.924917870999877 ], [ 36.916158283000186, -0.924941691999891 ], [ 36.916442872, -0.925050317999819 ], [ 36.916673165000134, -0.925067554999828 ], [ 36.916726671000163, -0.925063204999901 ], [ 36.917026519999979, -0.925032674999954 ], [ 36.917308808000087, -0.924961983999879 ], [ 36.917564392000088, -0.924767612999972 ], [ 36.917729028000053, -0.924615500999892 ], [ 36.918262160000097, -0.924122927999917 ], [ 36.918337969000049, -0.924089464999895 ], [ 36.918483735000052, -0.924025415999949 ], [ 36.918685912000171, -0.924034236999944 ], [ 36.918899537000186, -0.924149095999951 ], [ 36.918988250000154, -0.924270543999967 ], [ 36.919067, -0.924378999999874 ], [ 36.919127945000071, -0.924485008999852 ], [ 36.919208527000137, -0.92462623199998 ], [ 36.919302886000025, -0.924809816999925 ], [ 36.919490815000074, -0.924988508999945 ], [ 36.919644802999983, -0.925099938999949 ], [ 36.919673919000104, -0.925121008999895 ], [ 36.91972936500008, -0.925142914999924 ], [ 36.919913999000073, -0.925216000999853 ], [ 36.919974548000027, -0.925271385999906 ], [ 36.920089721000068, -0.92537724999994 ], [ 36.920497895000096, -0.92585438499998 ], [ 36.920719147000057, -0.926119446999905 ], [ 36.920794027000056, -0.92616834699993 ], [ 36.920867920000035, -0.926216600999965 ], [ 36.921043395000083, -0.926464021999891 ], [ 36.921344757000156, -0.92669373699988 ], [ 36.921386801000097, -0.926721554999972 ], [ 36.921611787000018, -0.926870405999978 ], [ 36.921838035000121, -0.927010160999885 ], [ 36.921856182999989, -0.927019951999966 ], [ 36.922008515000186, -0.927100121999956 ], [ 36.922076324000045, -0.927173039999957 ], [ 36.922114999000087, -0.927215 ], [ 36.922190765000153, -0.927312861999951 ], [ 36.922210693000011, -0.927338718999977 ], [ 36.922226739000109, -0.927406847999919 ], [ 36.922256469999979, -0.927533088999894 ], [ 36.922325135000108, -0.927780448999954 ], [ 36.922325135000108, -0.927957177999815 ], [ 36.922325135000108, -0.928672849999941 ], [ 36.922256469999979, -0.928823053999963 ], [ 36.922240463000037, -0.928902481999955 ], [ 36.9222297660001, -0.928955554999902 ], [ 36.922168731000113, -0.929079292999916 ], [ 36.922149657000148, -0.929238317999932 ], [ 36.922240887000044, -0.929328885999894 ], [ 36.922256389000097, -0.929344275999938 ], [ 36.922284440000169, -0.929362119999951 ], [ 36.922493, -0.929495000999964 ], [ 36.922745343000031, -0.929672222999955 ], [ 36.92296981800007, -0.929830251999874 ], [ 36.923423767000031, -0.930051146999972 ], [ 36.923732759000188, -0.930219053999906 ], [ 36.923927308000032, -0.930263221999837 ], [ 36.924156189000087, -0.930369257999928 ], [ 36.924331664000135, -0.930431067999962 ], [ 36.924545287000115, -0.930475294999951 ], [ 36.92466263700004, -0.930448775999935 ], [ 36.924701691000109, -0.93043994899989 ], [ 36.925090790000013, -0.93028086299995 ], [ 36.925587498000084, -0.930064813999934 ], [ 36.925842285000158, -0.929953992999913 ], [ 36.926159791000089, -0.929826723999952 ], [ 36.926239014000032, -0.929794967999896 ], [ 36.926294055000028, -0.929772467999896 ], [ 36.926498413000047, -0.929688928999838 ], [ 36.926689147000047, -0.929609417999927 ], [ 36.926828343000182, -0.929561650999972 ], [ 36.926895142000092, -0.929538726999908 ], [ 36.927078248000157, -0.929476856999941 ], [ 36.927093516000184, -0.929470361999961 ], [ 36.927265167000087, -0.92939734499987 ], [ 36.927532114000087, -0.929362011999956 ], [ 36.927814000000126, -0.929389 ], [ 36.92794123300007, -0.929467846999842 ], [ 36.927955627000188, -0.929476856999941 ], [ 36.928010973000141, -0.929517010999916 ], [ 36.92827199900006, -0.929707000999827 ], [ 36.928434409000033, -0.929865158999917 ], [ 36.928615569999977, -0.930042326999967 ], [ 36.928821565000078, -0.930254398999978 ], [ 36.928906542999982, -0.930357274999892 ], [ 36.928989000000172, -0.930457998999941 ], [ 36.929045426000016, -0.930594569999812 ], [ 36.929058076000047, -0.930625498999973 ], [ 36.929346766000094, -0.931198604999963 ], [ 36.929351815000075, -0.931208633999972 ], [ 36.929359225000155, -0.931228655999973 ], [ 36.92942000100004, -0.931394000999944 ], [ 36.929445618000102, -0.931477881999967 ], [ 36.929481506000059, -0.931597350999823 ], [ 36.930118561000086, -0.932542740999963 ], [ 36.930423961000145, -0.932878339999945 ], [ 36.930641175000176, -0.933117031999871 ], [ 36.931440046000091, -0.933871165999847 ], [ 36.931549072000053, -0.933974085999921 ], [ 36.931587758000092, -0.934004738999874 ], [ 36.931983948000152, -0.934318660999907 ], [ 36.932220459000121, -0.934477685999923 ], [ 36.932636261000027, -0.934733926999911 ], [ 36.933292389000144, -0.935043155999892 ], [ 36.933830262000185, -0.935378907999961 ], [ 36.934267520000105, -0.935605843999952 ], [ 36.934749603000114, -0.935856043999934 ], [ 36.935642241999972, -0.936368464999873 ], [ 36.936026691999984, -0.936598588999914 ], [ 36.936320999000088, -0.936775 ], [ 36.936443797000152, -0.936848955999949 ], [ 36.936496862000183, -0.936880969999834 ], [ 36.936637878000113, -0.93690740999989 ], [ 36.937294007000162, -0.936872063999886 ], [ 36.937469481999983, -0.936863243999937 ], [ 36.937690735000103, -0.936872063999886 ], [ 36.937759171000096, -0.936896677999869 ], [ 36.937912, -0.936951999999849 ], [ 36.938115087000028, -0.937070996999921 ], [ 36.938167573000101, -0.937101840999901 ], [ 36.938284791000058, -0.937218163999944 ], [ 36.938354000000174, -0.937286999999856 ], [ 36.938425716999973, -0.937400463999893 ], [ 36.93848800700016, -0.937499402999947 ], [ 36.938513122000188, -0.937560482999913 ], [ 36.938564301000099, -0.937684952999916 ], [ 36.938636915000075, -0.937860156999932 ], [ 36.938655853, -0.9379058479999 ], [ 36.93868197300003, -0.937961499999972 ], [ 36.938751, -0.938109 ], [ 36.938781898000059, -0.938180104999958 ], [ 36.938823701000047, -0.93827694499987 ], [ 36.938838959000066, -0.93847131799987 ], [ 36.938884736000034, -0.938665687999958 ], [ 36.938896535000026, -0.938685888999942 ], [ 36.938972473000092, -0.938815890999877 ], [ 36.939052990000107, -0.938844888999881 ], [ 36.939128875000108, -0.938872216999926 ], [ 36.939315796000187, -0.938904224999817 ], [ 36.939521789000082, -0.93900143999997 ], [ 36.939612288000035, -0.939078904999974 ], [ 36.939697267000042, -0.939151644999924 ], [ 36.939920555000015, -0.939185013999975 ], [ 36.939933778000182, -0.939186989999939 ], [ 36.940200910000044, -0.939239988999873 ], [ 36.940394999000034, -0.939249 ], [ 36.940478363000182, -0.939276268999947 ], [ 36.940502167000034, -0.939284144999874 ], [ 36.940537255000095, -0.939310578999937 ], [ 36.940818787000126, -0.939522683999826 ], [ 36.940959931000066, -0.939628719999973 ], [ 36.941062775000034, -0.939681670999903 ], [ 36.941200257000048, -0.93975245799993 ], [ 36.941497804000051, -0.939823089999891 ], [ 36.941601822000166, -0.939828877999958 ], [ 36.941975000000127, -0.93985 ], [ 36.942125136000129, -0.939859315999968 ], [ 36.942249298999968, -0.939867316999937 ], [ 36.94247055000011, -0.939867316999937 ], [ 36.942615925000098, -0.93988470499994 ], [ 36.942692001000182, -0.939893998999821 ], [ 36.942879000000119, -0.939955998999949 ], [ 36.943054001000121, -0.940070999999875 ], [ 36.943153307000159, -0.940183038999919 ], [ 36.943248747999974, -0.940291403999936 ], [ 36.943355561000033, -0.940476952999916 ], [ 36.943396898000174, -0.940548763999971 ], [ 36.943462, -0.940663 ], [ 36.94350389300007, -0.940766057999951 ], [ 36.943511963, -0.94078618299983 ], [ 36.943522616999985, -0.94081475299987 ], [ 36.943584, -0.940980998999976 ], [ 36.943840001000126, -0.943109999999876 ], [ 36.943901001000029, -0.943268998999827 ], [ 36.943931777000103, -0.943313960999888 ], [ 36.944015502000184, -0.943436801999951 ], [ 36.944048997000039, -0.943459721999886 ], [ 36.94418335000006, -0.943551658999922 ], [ 36.944370271000139, -0.943710683999939 ], [ 36.944756528000028, -0.943931507999935 ], [ 36.944972992000032, -0.944055258999867 ], [ 36.945064897000066, -0.94410848099983 ], [ 36.945094999000048, -0.944126000999859 ], [ 36.945216999000024, -0.944232 ], [ 36.945256671000152, -0.944276391999949 ], [ 36.945343016999971, -0.94437336999988 ], [ 36.945440164000104, -0.944513964999885 ], [ 36.945465087000116, -0.944550037999932 ], [ 36.945515076000106, -0.944609990999936 ], [ 36.945762626000146, -0.944906715999878 ], [ 36.945874650000178, -0.94501995599984 ], [ 36.945934296000132, -0.945080159999918 ], [ 36.946163177000187, -0.945221541999899 ], [ 36.946304321000127, -0.945327579999969 ], [ 36.946399692000114, -0.945349633999911 ], [ 36.946418762000064, -0.945354043999941 ], [ 36.9466323850001, -0.945389389999946 ], [ 36.946784809000064, -0.945385143999943 ], [ 36.946949004000089, -0.945380568999894 ], [ 36.947223020000024, -0.945310056999858 ], [ 36.947257996000076, -0.945301055999892 ], [ 36.947426215000064, -0.945247909999978 ], [ 36.947552, -0.945194999999842 ], [ 36.947592084000178, -0.94518064499988 ], [ 36.94770050000011, -0.945142030999875 ], [ 36.947733609000068, -0.945136798999897 ], [ 36.947868, -0.945116000999974 ], [ 36.947983000000193, -0.945098 ], [ 36.948176999000168, -0.945213 ], [ 36.948551000000123, -0.945530998999914 ], [ 36.948566695000068, -0.945655393999914 ], [ 36.948577881000119, -0.945745228999897 ], [ 36.948651007000137, -0.945943913999884 ], [ 36.948814392000088, -0.946387827999956 ], [ 36.948853193000161, -0.946460578999904 ], [ 36.948894500000108, -0.946538029999942 ], [ 36.948974609000061, -0.946652888999949 ], [ 36.948996262000037, -0.946663630999922 ], [ 36.949081421000017, -0.946705877999875 ], [ 36.949166720000107, -0.946738796999966 ], [ 36.949195862000181, -0.946750043999884 ], [ 36.949288153000111, -0.946746190999932 ], [ 36.950042999, -0.946715000999916 ], [ 36.950203001000091, -0.946715000999916 ], [ 36.95043900100012, -0.946802998999942 ], [ 36.950610353000059, -0.946899487999929 ], [ 36.951175690000014, -0.947218358999919 ], [ 36.951266845000191, -0.947336574999952 ], [ 36.951278714000011, -0.947359777999964 ], [ 36.951316834000181, -0.947448074999897 ], [ 36.951377869000169, -0.947598278999919 ], [ 36.951375237000093, -0.947728327999926 ], [ 36.951366000000178, -0.948164000999896 ], [ 36.951356089000114, -0.948231581999892 ], [ 36.951343537000184, -0.948313951999978 ], [ 36.951278687000126, -0.948525964999931 ], [ 36.951260498000124, -0.948652351999897 ], [ 36.951244, -0.94876500099997 ], [ 36.951217276000079, -0.948889976999965 ], [ 36.951210021000122, -0.948923742999966 ], [ 36.951210021000122, -0.949073791999979 ], [ 36.951213591000055, -0.949097403999872 ], [ 36.951236725, -0.949250459999917 ], [ 36.951363152999988, -0.94943251899997 ], [ 36.951377869000169, -0.949453709999943 ], [ 36.951717652000127, -0.949793652999915 ], [ 36.952022745000022, -0.950098815999866 ], [ 36.952232259000141, -0.950231128999974 ], [ 36.952465058000143, -0.950328409999941 ], [ 36.952816009000117, -0.950434445999917 ], [ 36.953188252000132, -0.950503368999932 ], [ 36.953245649000166, -0.950497812999913 ], [ 36.953373000000113, -0.95047899899987 ], [ 36.953523684000174, -0.950457125999947 ], [ 36.95362091200019, -0.950443266999855 ], [ 36.954727173000151, -0.949789403999944 ], [ 36.954841614000145, -0.949745237999934 ], [ 36.954982758000085, -0.94975411899992 ], [ 36.955184937000013, -0.949851273999968 ], [ 36.955371856000113, -0.950072168999952 ], [ 36.955501557000105, -0.950195848999897 ], [ 36.955548751000094, -0.950239586999942 ], [ 36.955635, -0.95032 ], [ 36.955713062000143, -0.950402139999937 ], [ 36.955768584999987, -0.95046090999989 ], [ 36.95579340900008, -0.950542360999975 ], [ 36.955814001000192, -0.950611 ], [ 36.955932937999989, -0.951160400999925 ], [ 36.9560318, -0.951618372999917 ], [ 36.956192017000035, -0.951839267999901 ], [ 36.956413270000155, -0.952104329999884 ], [ 36.956695556000057, -0.952422379999916 ], [ 36.957492828000113, -0.953456103999827 ], [ 36.957514188000118, -0.953491831999941 ], [ 36.957561001000158, -0.953570999999897 ], [ 36.957610483000167, -0.95366699799996 ], [ 36.95766067600016, -0.953765391999923 ], [ 36.957699884000192, -0.953841048999948 ], [ 36.957729000000143, -0.953897999999867 ], [ 36.957735932000162, -0.95401238799991 ], [ 36.957736066000166, -0.954037723999875 ], [ 36.957721709000111, -0.954154132999918 ], [ 36.957698367000148, -0.954199646999882 ], [ 36.957649001000163, -0.954295 ], [ 36.957434392000096, -0.95470258499995 ], [ 36.957271575, -0.955011127999967 ], [ 36.957240817000127, -0.955072210999958 ], [ 36.957191467000143, -0.955170213999963 ], [ 36.957191467000143, -0.955293893999908 ], [ 36.957218170000147, -0.955426393999971 ], [ 36.957260077000115, -0.955585271999951 ], [ 36.957273556000075, -0.955623973999877 ], [ 36.957340241, -0.95581519599989 ], [ 36.957382511000162, -0.955885112999965 ], [ 36.957473755000024, -0.95603602999995 ], [ 36.957497721999971, -0.95608671399998 ], [ 36.957561494000117, -0.956221579999919 ], [ 36.957646172000182, -0.956383633999849 ], [ 36.957670064000013, -0.95654112699998 ], [ 36.957675934000179, -0.956583856999885 ], [ 36.957687672000077, -0.956614184999978 ], [ 36.957775, -0.956839998999953 ], [ 36.95779889500011, -0.956919647999939 ], [ 36.957843880000041, -0.957069871999977 ], [ 36.957879591000051, -0.957091139999932 ], [ 36.957977296000081, -0.957149326999968 ], [ 36.958028127000091, -0.95718275299987 ], [ 36.95828600100009, -0.957352998999852 ], [ 36.958575999000118, -0.957608999999877 ], [ 36.958843000000115, -0.957855999999879 ], [ 36.959029999000052, -0.958042 ], [ 36.9591600010001, -0.958263000999978 ], [ 36.959184863000075, -0.958308078999892 ], [ 36.959266662000175, -0.958456932999979 ], [ 36.959392547000164, -0.958721994999962 ], [ 36.959444823000069, -0.958885211999871 ], [ 36.959480286000087, -0.958995937999873 ], [ 36.95956039500004, -0.959261000999959 ], [ 36.959655760000032, -0.959445023999933 ], [ 36.959674835000101, -0.959481834999963 ], [ 36.959681014000182, -0.959492169999919 ], [ 36.959743499000069, -0.95959669399997 ], [ 36.959930420000035, -0.959738075999837 ], [ 36.96015925800009, -0.959844090999979 ], [ 36.961105220000036, -0.960162118999904 ], [ 36.961123649000058, -0.960172137999962 ], [ 36.96129989700006, -0.960268197999824 ], [ 36.961403012000176, -0.960335692999877 ], [ 36.961474999000188, -0.960383 ], [ 36.96160900000018, -0.960515999999814 ], [ 36.961802999000156, -0.960762998999883 ], [ 36.961869498000056, -0.96087517899997 ], [ 36.961917878000122, -0.960957347999909 ], [ 36.962039049000111, -0.961162180999963 ], [ 36.962059, -0.961196 ], [ 36.962096110000118, -0.961272647999976 ], [ 36.962165832000039, -0.961416840999902 ], [ 36.962178651000158, -0.961479508999957 ], [ 36.962199997000141, -0.961584988999959 ], [ 36.962187463000134, -0.9616078009999 ], [ 36.962039947000051, -0.961876271999927 ], [ 36.962027943000123, -0.961909631999902 ], [ 36.961925506000057, -0.962194321999959 ], [ 36.961877218000154, -0.962418032999892 ], [ 36.961872101000154, -0.962441741999896 ], [ 36.96189145500017, -0.962561274999928 ], [ 36.961917878000122, -0.962724446999914 ], [ 36.961983141000132, -0.962888567999926 ], [ 36.962051391999978, -0.963060198999926 ], [ 36.962147014000095, -0.963175892999971 ], [ 36.962306975999979, -0.963369428999897 ], [ 36.962550683000188, -0.963567749999868 ], [ 36.962588999000161, -0.963598998999885 ], [ 36.962737999000069, -0.963785000999906 ], [ 36.962925001000087, -0.964006 ], [ 36.963005, -0.964147000999958 ], [ 36.96316500100005, -0.964491999999893 ], [ 36.963251516000184, -0.964638410999839 ], [ 36.963294983000139, -0.964712440999904 ], [ 36.963523866000173, -0.964889109999888 ], [ 36.963674832000038, -0.965046829999949 ], [ 36.963718, -0.965092 ], [ 36.963798502000145, -0.965198334999968 ], [ 36.963851929000043, -0.965269029999945 ], [ 36.963862233000157, -0.965301687999897 ], [ 36.963924001000123, -0.965498998999976 ], [ 36.963924001000123, -0.965773000999945 ], [ 36.963908662, -0.966064425999946 ], [ 36.963897706000182, -0.966267465999977 ], [ 36.963897706000182, -0.966444133999858 ], [ 36.963940090000108, -0.966577081999844 ], [ 36.96418, -0.966798000999916 ], [ 36.964710001000128, -0.967301 ], [ 36.964720605000139, -0.967310291999922 ], [ 36.965072631000112, -0.96761923999992 ], [ 36.965381623000098, -0.967875480999965 ], [ 36.965839387000131, -0.968149362999895 ], [ 36.965912822000121, -0.968186913999887 ], [ 36.966133000000184, -0.968299998999953 ], [ 36.966341421000152, -0.968414792999909 ], [ 36.966388703000121, -0.968440948999955 ], [ 36.96643790600001, -0.968453226999884 ], [ 36.966637001000095, -0.968503 ], [ 36.968375999000045, -0.968511998999873 ], [ 36.968445657000132, -0.968527748999861 ], [ 36.968490601000155, -0.968538164999927 ], [ 36.968584031000034, -0.968584514999918 ], [ 36.968597001000035, -0.968591 ], [ 36.968814833000124, -0.968789332999904 ], [ 36.96918869100017, -0.969130098999869 ], [ 36.969364167000094, -0.969271479999918 ], [ 36.969551086000024, -0.969395159999863 ], [ 36.969644693000077, -0.969443753999883 ], [ 36.969772339000144, -0.969510018999927 ], [ 36.970954894000045, -0.969907640999963 ], [ 36.971405030000142, -0.970057845999975 ], [ 36.971592365999982, -0.970111454999881 ], [ 36.971744538000166, -0.970155 ], [ 36.971866265000187, -0.970174941999971 ], [ 36.972122191000039, -0.97021687099982 ], [ 36.972373682000182, -0.970249958999887 ], [ 36.972457887000132, -0.97026103699983 ], [ 36.972663590000025, -0.970290301999853 ], [ 36.97289300000017, -0.970322998999961 ], [ 36.973262999000099, -0.970384998999975 ], [ 36.97357468000007, -0.9704532639999 ], [ 36.973609924000129, -0.970461009999951 ], [ 36.97372053100014, -0.970512640999971 ], [ 36.973854065000182, -0.970574974999977 ], [ 36.973949903000118, -0.970598086999928 ], [ 36.974231720000091, -0.970666050999967 ], [ 36.974448800000118, -0.970740554999963 ], [ 36.974851688000058, -0.970725100999857 ], [ 36.976245880000079, -0.970666050999967 ], [ 36.976367950000053, -0.97065847999994 ], [ 36.976488117000144, -0.970683680999969 ], [ 36.976512909000064, -0.970688878999965 ], [ 36.976951600000064, -0.97087871899987 ], [ 36.97710418700018, -0.970916686999885 ], [ 36.977230764000069, -0.970941854999921 ], [ 36.977256774000068, -0.970947026999909 ], [ 36.977901459000066, -0.971015393999892 ], [ 36.978097258000162, -0.971087770999929 ], [ 36.978168000000153, -0.971114000999876 ], [ 36.978251902000181, -0.971146768999915 ], [ 36.978401183000187, -0.971205233999967 ], [ 36.978927613000053, -0.971425473999886 ], [ 36.979347648000044, -0.971628306999889 ], [ 36.979572296000185, -0.971736788999976 ], [ 36.979811335000136, -0.971839053999929 ], [ 36.980033874000185, -0.971934259999898 ], [ 36.980426480000176, -0.97211858199995 ], [ 36.980437999000117, -0.972124 ], [ 36.980461788000071, -0.972139516999903 ], [ 36.98071670600018, -0.972306370999945 ], [ 36.980998992000082, -0.972511410999971 ], [ 36.98126602200017, -0.972716390999949 ], [ 36.981363204000047, -0.972811805999925 ], [ 36.981544, -0.97299 ], [ 36.981773001000079, -0.973247998999966 ], [ 36.981833592000044, -0.973328789999925 ], [ 36.981883982000113, -0.973396387999969 ], [ 36.982009887000174, -0.973566948999974 ], [ 36.982395173000043, -0.974128902999951 ], [ 36.98266220000005, -0.974569319999944 ], [ 36.982883453000113, -0.974933802999942 ], [ 36.98302078200004, -0.975222408999912 ], [ 36.983238220000089, -0.975746391999905 ], [ 36.983459473000039, -0.976148843999908 ], [ 36.983634948000031, -0.976505755999938 ], [ 36.983757019000109, -0.976688026999852 ], [ 36.983856201000151, -0.976817129999972 ], [ 36.983966827000074, -0.976908206999951 ], [ 36.984111786000085, -0.976969003999898 ], [ 36.98429489200015, -0.977014541999949 ], [ 36.985614776000091, -0.976976573999934 ], [ 36.985855102000073, -0.977056084999901 ], [ 36.986095429000159, -0.977204381999854 ], [ 36.986286163000102, -0.977401851999957 ], [ 36.986434937000183, -0.977576492999901 ], [ 36.986579896000194, -0.977804303999903 ], [ 36.986694336000085, -0.977986574999932 ], [ 36.986785888000156, -0.978214382999909 ], [ 36.986862182000095, -0.978442190999942 ], [ 36.986885071000131, -0.978624461999914 ], [ 36.986999511000192, -0.979209184999888 ], [ 36.987045288000161, -0.979361056999949 ], [ 36.987098693, -0.97945219199994 ], [ 36.987209321000137, -0.979581295999878 ], [ 36.987361908000025, -0.979687571999875 ], [ 36.987545014000091, -0.97978627699996 ], [ 36.987781525000059, -0.979915379999966 ], [ 36.988128661000189, -0.980082451999863 ], [ 36.988380433000032, -0.98023432399998 ], [ 36.988700866000158, -0.980424165999978 ], [ 36.988933564000035, -0.98062920599989 ], [ 36.989223480000078, -0.98087221399993 ], [ 36.98952102700008, -0.981191157999945 ], [ 36.989730834000113, -0.981502531999922 ], [ 36.989891052000075, -0.981798647999938 ], [ 36.990074158000084, -0.98221635799996 ], [ 36.990318299000137, -0.98270994499984 ], [ 36.990497590000132, -0.983120023999902 ], [ 36.990756989000033, -0.983507275999898 ], [ 36.990970612000012, -0.98384898799992 ], [ 36.991184235000048, -0.984054027999946 ], [ 36.991394042000081, -0.984236298999917 ], [ 36.991592406000166, -0.984335005999981 ], [ 36.991836548000094, -0.984426140999972 ], [ 36.992069244000163, -0.984524845999886 ], [ 36.992298127000026, -0.984646379999901 ], [ 36.992450714000086, -0.984798252999951 ], [ 36.993469239000092, -0.985694348999857 ], [ 36.993621826000037, -0.985777854999924 ], [ 36.99386215200019, -0.98583859199988 ], [ 36.99567794800015, -0.985861420999925 ], [ 36.995822907000161, -0.985861420999925 ], [ 36.99598312400019, -0.98589938899994 ], [ 36.996131896000065, -0.985975324999913 ], [ 36.996253967000087, -0.986051260999886 ], [ 36.998214721000181, -0.988177536999956 ], [ 36.999103546000072, -0.989073574999964 ], [ 36.999542236000138, -0.989589989999956 ], [ 36.999725341999977, -0.989719092999962 ], [ 37.000175476000095, -0.990276692999942 ], [ 37.000507354000035, -0.990474819999974 ], [ 37.000892639000028, -0.990709601999924 ], [ 37.001369477000082, -0.990929184999914 ], [ 37.00175857500011, -0.991042792999963 ], [ 37.002059937000183, -0.99114882899994 ], [ 37.002319336000028, -0.991239726999936 ], [ 37.002498627000023, -0.991322994999962 ], [ 37.002704620000145, -0.991459309999811 ], [ 37.003196717000094, -0.991890966999904 ], [ 37.003421783000022, -0.99204999199992 ], [ 37.003574372000173, -0.992171166999924 ], [ 37.003757476000033, -0.992284774999973 ], [ 37.003967286000147, -0.992405950999967 ], [ 37.004241944000114, -0.992564975999812 ], [ 37.004611969000109, -0.992754279999929 ], [ 37.005027771000073, -0.992973923999898 ], [ 37.005348206000178, -0.993148087999828 ], [ 37.005588532000161, -0.993352590999962 ], [ 37.006172180000135, -0.993852375999836 ], [ 37.006549835000044, -0.994231044999879 ], [ 37.006824493000011, -0.994533955999941 ], [ 37.007011414000146, -0.994738459999951 ], [ 37.007263183000077, -0.995094357999903 ], [ 37.007587433000083, -0.995526014999939 ], [ 37.007862091000106, -0.995851695999875 ], [ 37.008491516000049, -0.996044515999927 ], [ 37.008861543000194, -0.996143697999969 ], [ 37.009162902000185, -0.996294139999975 ], [ 37.009490967000033, -0.996637700999884 ], [ 37.009780883000019, -0.996885179999936 ], [ 37.010097503000111, -0.997215032999975 ], [ 37.010440827000139, -0.9975310559999 ], [ 37.01067352299998, -0.997737169999937 ], [ 37.010963439000193, -0.998135803999958 ], [ 37.01141739000019, -0.998561858999949 ], [ 37.011676787000056, -0.998905419999971 ], [ 37.012115478000055, -0.998946666999814 ], [ 37.012351989000138, -0.999056576999919 ], [ 37.012584687000015, -0.999345182999832 ], [ 37.012901307000106, -0.99952387899998 ], [ 37.013710022000168, -1.000101088999941 ], [ 37.014289857000108, -1.000211000999968 ], [ 37.014602662000129, -1.000348447999954 ], [ 37.015018464000036, -1.000609634999932 ], [ 37.015319825000063, -1.00100815299993 ], [ 37.015483856, -1.001310467999815 ], [ 37.015815734000114, -1.002052664999951 ], [ 37.016128541000171, -1.00262987699989 ], [ 37.016391753000107, -1.00294589899994 ], [ 37.016887664000194, -1.003468155999883 ], [ 37.017242431000113, -1.00378429899996 ], [ 37.017559051000035, -1.003935455999851 ], [ 37.017833711000037, -1.004004238999926 ], [ 37.019592286000147, -1.003949165999927 ], [ 37.019882202000133, -1.003990410999961 ], [ 37.020072938000112, -1.004031657999974 ], [ 37.02054214500015, -1.004224061999935 ], [ 37.020912170000088, -1.0044440019999 ], [ 37.022369386000037, -1.005722046999949 ], [ 37.022754669000051, -1.005969523999909 ], [ 37.023029327000017, -1.006120680999913 ], [ 37.023689270000034, -1.006876587999841 ], [ 37.02385330300018, -1.007165193999924 ], [ 37.023921966000103, -1.009528994999926 ], [ 37.024044037000124, -1.009819983999932 ], [ 37.024238585999967, -1.009966015999908 ], [ 37.024520874000075, -1.01011204699995 ], [ 37.024826051, -1.010343193999972 ], [ 37.025199891000057, -1.010525701999939 ], [ 37.025444030000074, -1.010647414999823 ], [ 37.025699615000178, -1.010732531999849 ], [ 37.026115417000142, -1.010805606999952 ], [ 37.026344300000119, -1.010890721999942 ], [ 37.026699066000162, -1.010975955999925 ], [ 37.026927947000047, -1.011097550999921 ], [ 37.027137757000162, -1.011243580999917 ], [ 37.027271271000188, -1.011426091999965 ], [ 37.027427673000147, -1.011681675999967 ], [ 37.027549744000055, -1.012107490999938 ], [ 37.027633667000146, -1.012460349999969 ], [ 37.027744293000069, -1.01280105099994 ], [ 37.02788925200008, -1.013178228999948 ], [ 37.02838897800001, -1.014066577999927 ], [ 37.028743744000053, -1.01468706199995 ], [ 37.028961182000103, -1.015161633999924 ], [ 37.02923965500014, -1.015684843999964 ], [ 37.029422759000056, -1.016244529999938 ], [ 37.029884338000102, -1.017096279999976 ], [ 37.030105591000051, -1.017351864999966 ], [ 37.030456542000024, -1.01800882799995 ], [ 37.030532836000134, -1.018142698999952 ], [ 37.030712127000129, -1.018544314999872 ], [ 37.030750274000184, -1.018811939999978 ], [ 37.030788423000047, -1.019955753999966 ], [ 37.030750274000184, -1.020357249999961 ], [ 37.030883790000019, -1.020637153999928 ], [ 37.031055450000053, -1.020904778999864 ], [ 37.031261445000098, -1.021148204999918 ], [ 37.031517029000099, -1.021537542999909 ], [ 37.032367707000162, -1.022596119999832 ], [ 37.032768250000174, -1.022790788999941 ], [ 37.03330612100018, -1.02300977699997 ], [ 37.033767700000112, -1.023155808999945 ], [ 37.037368774000129, -1.024907945999871 ], [ 37.038986207000107, -1.025589347999869 ], [ 37.039657593000072, -1.025808452999968 ], [ 37.040229798000098, -1.025869250999847 ], [ 37.040996551000035, -1.025869250999847 ], [ 37.041736603000118, -1.025820612999894 ], [ 37.042419433000134, -1.025698899999952 ], [ 37.043064118000132, -1.025625943999955 ], [ 37.043441772999984, -1.025735376999933 ], [ 37.043685912000058, -1.025942206999844 ], [ 37.043914795000092, -1.026112556999976 ], [ 37.044120788000157, -1.026453255999911 ], [ 37.044403076000037, -1.026806114999886 ], [ 37.044670106000126, -1.027195572999972 ], [ 37.045021057000099, -1.027256368999929 ], [ 37.045471191000047, -1.027280686999916 ], [ 37.045837403000178, -1.027317165999932 ], [ 37.045936585, -1.027597068999967 ], [ 37.046081542000024, -1.027657866999959 ], [ 37.046520232999967, -1.027633547999869 ], [ 37.046810151000159, -1.027657866999959 ], [ 37.047275543000126, -1.027755259999935 ], [ 37.047443391000172, -1.027730940999959 ], [ 37.047710418000122, -1.027499674999831 ], [ 37.048065185000098, -1.027268528999969 ], [ 37.048404693000123, -1.027098178999893 ], [ 37.048671723000041, -1.027110338999933 ], [ 37.048854827000071, -1.027207730999919 ], [ 37.049098968000123, -1.027365922999934 ], [ 37.049365998000155, -1.027536271999907 ], [ 37.049877167000091, -1.027852533999976 ], [ 37.050277711000035, -1.027925609999897 ], [ 37.050693513000169, -1.027925609999897 ], [ 37.051120758000081, -1.027876972999877 ], [ 37.051532745000145, -1.027670024999964 ], [ 37.051837922000061, -1.027475355999968 ], [ 37.052139283000031, -1.027244209999935 ], [ 37.052810670000099, -1.02650201299997 ], [ 37.053211211000075, -1.026161311999942 ], [ 37.053394317000141, -1.026039598999887 ], [ 37.053882600000122, -1.025771855999949 ], [ 37.054172516000165, -1.025686739999912 ], [ 37.054649353000059, -1.025601505999873 ], [ 37.054843903000176, -1.025406836999935 ], [ 37.054988862000187, -1.025078295999947 ], [ 37.055110932000161, -1.02454292699997 ], [ 37.055316925000056, -1.023825049999971 ], [ 37.055561066000109, -1.023472188999904 ], [ 37.055938721000189, -1.023289679999948 ], [ 37.056510926000158, -1.023241042999814 ], [ 37.056961059, -1.023241042999814 ], [ 37.057518005000077, -1.023241042999814 ], [ 37.057895661000089, -1.023167966999893 ], [ 37.058334351000155, -1.023143647999916 ], [ 37.05891799900013, -1.023095010999896 ], [ 37.059417724000184, -1.023034214999939 ], [ 37.059646607, -1.022705672999905 ], [ 37.059734344000049, -1.02236497399997 ], [ 37.059951782000098, -1.021951197999954 ], [ 37.060245512999984, -1.021476624999934 ], [ 37.061313628000164, -1.021586179999929 ], [ 37.061523438000108, -1.021306394999954 ], [ 37.061691284000176, -1.021111607999899 ], [ 37.062141419, -1.020673631999898 ], [ 37.061740875999988, -1.018678068999918 ], [ 37.061874390000014, -1.018580793999945 ], [ 37.062103272000172, -1.018393635999928 ], [ 37.062194824000073, -1.018315433999931 ], [ 37.062435151000159, -1.018118379999976 ], [ 37.062946320000094, -1.018081903999871 ], [ 37.06312942600016, -1.017510056999924 ], [ 37.063068390000069, -1.017376182999953 ], [ 37.062652588000105, -1.016804218999937 ], [ 37.062374115000068, -1.016487955999878 ], [ 37.06216812100007, -1.016122816999882 ], [ 37.062095642000031, -1.015915989999826 ], [ 37.062141419, -1.015478013999825 ], [ 37.06220245500009, -1.015064239999958 ], [ 37.062423705000128, -1.01468706199995 ], [ 37.062530518000131, -1.014480231999869 ], [ 37.062557221000134, -1.014163851999967 ], [ 37.062469482000097, -1.013847469999916 ], [ 37.062335968000014, -1.013543367999887 ], [ 37.062156678000122, -1.013312099999951 ], [ 37.061973572000056, -1.013129591999927 ], [ 37.061630248000085, -1.012825369999973 ], [ 37.061206818000073, -1.012496946999818 ], [ 37.061164856000119, -1.012465477999967 ], [ 37.060863495000149, -1.012249349999934 ], [ 37.060840606000113, -1.012233494999975 ], [ 37.06081771800018, -1.01221704399984 ], [ 37.060501098000088, -1.011949300999959 ], [ 37.060379029000046, -1.011815546999912 ], [ 37.060367584000062, -1.010805606999952 ], [ 37.060352326000043, -1.010513543999934 ], [ 37.060379029000046, -1.010306716999878 ], [ 37.060295105000193, -1.009941696999874 ], [ 37.060340880000183, -1.00962531499988 ], [ 37.060474396000188, -1.009406326999965 ], [ 37.060562133000076, -1.009138583999857 ], [ 37.06075668200009, -1.008688330999973 ], [ 37.060939788000155, -1.008116483999913 ], [ 37.06111907900015, -1.007678508999845 ], [ 37.06111907900015, -1.00704574599996 ], [ 37.061241150000058, -1.006388662999882 ], [ 37.062999725000168, -1.006358503999934 ], [ 37.063030243000185, -1.008647321999888 ], [ 37.063259124000012, -1.008977173999824 ], [ 37.063812255000073, -1.00957524699993 ], [ 37.06478118800004, -1.010668038999938 ], [ 37.066276551000044, -1.01248252399995 ], [ 37.066390991000105, -1.012523770999906 ], [ 37.06673049900013, -1.012575387999902 ], [ 37.067111970000155, -1.012513517999935 ], [ 37.067359924000073, -1.012400029999981 ], [ 37.067680359000178, -1.012255787999948 ], [ 37.068031311000084, -1.01219391799998 ], [ 37.068382262000114, -1.01215267099991 ], [ 37.068721771000185, -1.012121676999925 ], [ 37.069297790000178, -1.012235164999936 ], [ 37.069763184000124, -1.012554764999891 ], [ 37.070144654000046, -1.012853740999958 ], [ 37.070350647000168, -1.013059852999959 ], [ 37.067825318000189, -1.015719770999908 ], [ 37.067863465000073, -1.015874862999965 ], [ 37.067943574000026, -1.01618683199996 ], [ 37.067962647000115, -1.016265868999824 ], [ 37.067985536000151, -1.016355872999895 ], [ 37.068092346000071, -1.016781687999867 ], [ 37.068111419000161, -1.01931798399994 ], [ 37.068157196000129, -1.019354342999918 ], [ 37.068275452000137, -1.019450902999893 ], [ 37.06846618600008, -1.019606112999952 ], [ 37.068607330000077, -1.019719957999882 ], [ 37.068927765000183, -1.019884942999965 ], [ 37.069503784000176, -1.020111798999892 ], [ 37.069938660000105, -1.02020454299992 ], [ 37.070423125000104, -1.02017366899986 ], [ 37.070781707000094, -1.020101427999919 ], [ 37.071125030000189, -1.019967436999934 ], [ 37.071380615000123, -1.019812821999949 ], [ 37.071617126000035, -1.019668459999878 ], [ 37.071968078000111, -1.019627212999922 ], [ 37.072330475000172, -1.019699453999976 ], [ 37.072990418000188, -1.020060180999963 ], [ 37.073989867000193, -1.020854115999953 ], [ 37.074699403000068, -1.021359324999878 ], [ 37.075443268000072, -1.022153138999954 ], [ 37.07710266100014, -1.023833632999924 ], [ 37.07746505800003, -1.024050115999955 ], [ 37.077816009, -1.024204730999941 ], [ 37.078166961000079, -1.024307847999978 ], [ 37.078601838000111, -1.024388073999944 ], [ 37.080360413000051, -1.024328468999897 ], [ 37.081485748000148, -1.02441096299998 ], [ 37.081867219, -1.024565576999976 ], [ 37.085483551000095, -1.026235817999975 ], [ 37.086360932000105, -1.026648162999891 ], [ 37.087009430000137, -1.027122376999955 ], [ 37.087432862000185, -1.027576088999922 ], [ 37.087978363000104, -1.027905940999972 ], [ 37.08844375700005, -1.028122543999928 ], [ 37.088958741000056, -1.028194664999944 ], [ 37.089351654000154, -1.028163670999959 ], [ 37.089981079000097, -1.027864693999902 ], [ 37.090835572000174, -1.027390479999951 ], [ 37.091754912000056, -1.026823400999831 ], [ 37.092517853000174, -1.026710032999972 ], [ 37.093311310000047, -1.027340054999968 ], [ 37.093814849000012, -1.027823447999879 ], [ 37.094619751000039, -1.028473019999979 ], [ 37.097404480000137, -1.030266879999886 ], [ 37.097652436000033, -1.030442237999921 ], [ 37.097835540000062, -1.03054523499992 ], [ 37.098155975000054, -1.03062772699991 ], [ 37.098415374000069, -1.030617475999975 ], [ 37.098712921000129, -1.030514358999937 ], [ 37.100311278000106, -1.028380273999971 ], [ 37.100662232, -1.027957558999958 ], [ 37.100807189000193, -1.027854441999978 ], [ 37.101032257000156, -1.027782200999923 ], [ 37.101135254000098, -1.027730702999918 ], [ 37.101425170000084, -1.027782200999923 ], [ 37.101783752000074, -1.027988432999962 ], [ 37.102260589000025, -1.028277158999856 ], [ 37.102867126000035, -1.02864825599994 ], [ 37.103290558000083, -1.02883386499991 ], [ 37.103969574000132, -1.029050349999977 ], [ 37.104465485, -1.02917408899998 ], [ 37.105041505000088, -1.029297828999916 ], [ 37.105754853000121, -1.029390572999944 ], [ 37.106330872000058, -1.0294318199999 ], [ 37.106784821000076, -1.029462813999885 ], [ 37.107147216000101, -1.029596805999972 ], [ 37.107505798000147, -1.029761790999942 ], [ 37.107776643000079, -1.029967902999942 ], [ 37.107990265000183, -1.030174134999868 ], [ 37.108310700000118, -1.030906081999944 ], [ 37.108497619000048, -1.031359790999829 ], [ 37.108753204000152, -1.03170001399991 ], [ 37.108970642000031, -1.031792758999927 ], [ 37.109363555000073, -1.032184481999934 ], [ 37.109836579000159, -1.032308219999948 ], [ 37.110145569000167, -1.032483577999926 ], [ 37.111259461000088, -1.033401130999891 ], [ 37.111484527000073, -1.033617615999958 ], [ 37.113075256000172, -1.033648490999838 ], [ 37.114444733000028, -1.034328936999827 ], [ 37.114990234000174, -1.034483671999908 ], [ 37.115444182000033, -1.034658907999926 ], [ 37.115776063000055, -1.034823892999839 ], [ 37.116001128000107, -1.034947513999953 ], [ 37.11630249000018, -1.035359977999974 ], [ 37.116733550000163, -1.035782694999853 ], [ 37.116909026000087, -1.035957930999871 ], [ 37.117000580000024, -1.036184786999968 ], [ 37.117137909000121, -1.036741494999944 ], [ 37.117248534000112, -1.037071345999891 ], [ 37.117671967000092, -1.037617801999886 ], [ 37.117866516000106, -1.037834286999953 ], [ 37.118114472, -1.03806114199989 ], [ 37.118301391000102, -1.038525103999916 ], [ 37.118495940000116, -1.039617894999935 ], [ 37.118682861000082, -1.040102480999963 ], [ 37.11897277800017, -1.04049420399997 ], [ 37.119712830000083, -1.041236518999824 ], [ 37.119941711000138, -1.04144275099992 ], [ 37.120227814000089, -1.041865467999969 ], [ 37.12035370000018, -1.04237055699997 ], [ 37.120529175000058, -1.043401597999889 ], [ 37.12068176300005, -1.043917058999909 ], [ 37.120960236000087, -1.044566631999942 ], [ 37.121383668000135, -1.045267699999954 ], [ 37.121868133000191, -1.045834660999958 ], [ 37.122455596, -1.04645323799997 ], [ 37.122970580000185, -1.046875952999869 ], [ 37.12358856200018, -1.047236799999951 ], [ 37.124095917000147, -1.047473907999972 ], [ 37.124835967000081, -1.047556399999962 ], [ 37.125003815000127, -1.047381161999908 ], [ 37.1252594, -1.047009943999853 ], [ 37.125446319000105, -1.046680092999907 ], [ 37.125743865000061, -1.04612338499993 ], [ 37.125949860000105, -1.045576929999925 ], [ 37.126167297000109, -1.045205831999965 ], [ 37.126384735000158, -1.044886231999897 ], [ 37.126663208000025, -1.044628381999871 ], [ 37.127052306000053, -1.044422267999892 ], [ 37.127506255000014, -1.044298529999935 ], [ 37.128681183000083, -1.044267652999963 ], [ 37.129135131000169, -1.044226407999929 ], [ 37.129600525000114, -1.044112920999964 ], [ 37.129962919999969, -1.04397892999998 ], [ 37.130435944000055, -1.043834567999909 ], [ 37.130764008000028, -1.043648958999938 ], [ 37.132167816000162, -1.042257188999884 ], [ 37.132427216000167, -1.042185067999981 ], [ 37.132743835000156, -1.042143820999911 ], [ 37.133178711000085, -1.042205690999879 ], [ 37.133590698000148, -1.04237055699997 ], [ 37.133918763000167, -1.04255616599994 ], [ 37.134506225000109, -1.042978882999932 ], [ 37.135105133000138, -1.043494343999953 ], [ 37.135353088000102, -1.043793320999896 ], [ 37.135581971000136, -1.044154167999977 ], [ 37.135818482000047, -1.044453143999931 ], [ 37.136569977000192, -1.044546007999827 ], [ 37.138095856, -1.044535635999921 ], [ 37.138786316000164, -1.044422267999892 ], [ 37.139270782999972, -1.044267652999963 ], [ 37.140033722000169, -1.044092296999963 ], [ 37.142032623000091, -1.04338097599998 ], [ 37.142353058000026, -1.043298482999887 ], [ 37.142509460000156, -1.043246984999882 ], [ 37.142662048000034, -1.043133496999928 ], [ 37.1429100040001, -1.042968511999959 ], [ 37.143104553000114, -1.04286551499996 ], [ 37.143447877000085, -1.04281389699986 ], [ 37.143859863999978, -1.042917011999975 ], [ 37.144241334000128, -1.043246984999882 ], [ 37.144561767000084, -1.043648958999938 ], [ 37.144847870000035, -1.043855190999864 ], [ 37.145271302000083, -1.043917058999909 ], [ 37.145568849000085, -1.043927429999883 ], [ 37.145858765000071, -1.043690203999972 ], [ 37.14606475700009, -1.043576835999943 ], [ 37.146331787000179, -1.043504714999926 ], [ 37.146705627000188, -1.043535588999873 ], [ 37.147014619000174, -1.043618082999956 ], [ 37.147281647000057, -1.043793320999896 ], [ 37.147880555000029, -1.044298529999935 ], [ 37.148097992000032, -1.044515013999899 ], [ 37.148612976000152, -1.044731496999873 ], [ 37.149116515000173, -1.044989226999974 ], [ 37.149662018000072, -1.045391320999954 ], [ 37.150733948000152, -1.046319246999815 ], [ 37.150909424000076, -1.04642236199993 ], [ 37.152118683000083, -1.046546101999922 ], [ 37.152519227000141, -1.046700714999929 ], [ 37.152954101999967, -1.046917199999882 ], [ 37.153263092000145, -1.04705119099998 ], [ 37.153621674000135, -1.047154307999961 ], [ 37.153972625000165, -1.047226546999923 ], [ 37.154479981, -1.047257422999905 ], [ 37.154724121000186, -1.047226546999923 ], [ 37.154972077000082, -1.047102808999966 ], [ 37.155261993000067, -1.046906946999968 ], [ 37.155448913999976, -1.046628473999931 ], [ 37.155570985000054, -1.046401737999872 ], [ 37.155654907000098, -1.046195505999947 ], [ 37.155746461000035, -1.045917152999948 ], [ 37.155860901000096, -1.044504761999974 ], [ 37.155879974000129, -1.044288158999962 ], [ 37.155933380000135, -1.044082044999868 ], [ 37.15605545000011, -1.043824314999881 ], [ 37.156127929000149, -1.043638705999967 ], [ 37.156249999000124, -1.043473720999941 ], [ 37.156478882000158, -1.043339729999957 ], [ 37.156799317000093, -1.043370603999904 ], [ 37.157436370000141, -1.043566584999951 ], [ 37.157745362000128, -1.043772696999952 ], [ 37.157901764000087, -1.043968558999893 ], [ 37.158035278000114, -1.044123290999948 ], [ 37.158119202000137, -1.044370650999952 ], [ 37.158107757000153, -1.044721244999948 ], [ 37.158084870000152, -1.044950007999944 ], [ 37.158138275000056, -1.045205831999965 ], [ 37.158313751000151, -1.045442937999951 ], [ 37.15867233299997, -1.045556305999924 ], [ 37.158920287000058, -1.04559755299988 ], [ 37.15916061300004, -1.04560792399991 ], [ 37.159458160000099, -1.045504808999908 ], [ 37.159500122000168, -1.045267699999954 ], [ 37.159355163000157, -1.045102714999871 ], [ 37.159126282000159, -1.044927476999931 ], [ 37.15905380300012, -1.044772743999943 ], [ 37.15902328400017, -1.044649003999893 ], [ 37.159076692000156, -1.044298529999935 ], [ 37.159107208000194, -1.044040799999948 ], [ 37.159366608000141, -1.043679952999923 ], [ 37.159736633000136, -1.043411850999973 ], [ 37.160354614000028, -1.043051003999949 ], [ 37.160961150000105, -1.042844890999959 ], [ 37.161705017000088, -1.042721152999889 ], [ 37.162292480000133, -1.042607664999935 ], [ 37.162696839000091, -1.042659282999921 ], [ 37.163158416000158, -1.042762397999866 ], [ 37.163406372000111, -1.042824267999833 ], [ 37.163612367000155, -1.042803644999879 ], [ 37.163829804000102, -1.042710779999936 ], [ 37.163963318000185, -1.042628288999936 ], [ 37.164394379000044, -1.042504667999935 ], [ 37.164913178000063, -1.042257188999884 ], [ 37.165397643000063, -1.041999458999953 ], [ 37.165859222000165, -1.041710732999888 ], [ 37.166210174000071, -1.041473626999903 ], [ 37.166385652000031, -1.041226267999946 ], [ 37.16659164400005, -1.040896294999925 ], [ 37.166893006000066, -1.040566444999968 ], [ 37.167201994999971, -1.040267347999929 ], [ 37.167633058000035, -1.040030239999908 ], [ 37.168106080000086, -1.039793132999932 ], [ 37.169128418000128, -1.039391039999884 ], [ 37.17020034799998, -1.03894770099987 ], [ 37.170879365000133, -1.038638471999889 ], [ 37.171230316000162, -1.038535356999944 ], [ 37.171398162000173, -1.038463233999948 ], [ 37.171623230000137, -1.038360118999947 ], [ 37.1718482980001, -1.038226007999867 ], [ 37.172058105000133, -1.03814363399988 ], [ 37.172325135000051, -1.03814363399988 ], [ 37.172737122000115, -1.038215756999818 ], [ 37.173130035000042, -1.038298248999979 ], [ 37.173427582000045, -1.038329124999962 ], [ 37.173809051999967, -1.038329124999962 ], [ 37.174057006000055, -1.03810238899996 ], [ 37.174324036000144, -1.037617801999886 ], [ 37.174552917000142, -1.037174462999815 ], [ 37.174797058000024, -1.036607383999979 ], [ 37.175086975000113, -1.03611254599997 ], [ 37.175376893000134, -1.035648583999944 ], [ 37.175529480000023, -1.03540122499993 ], [ 37.175559997000164, -1.035143494999886 ], [ 37.175514222, -1.034258603999945 ], [ 37.175479888000041, -1.033509611999875 ], [ 37.175468445000035, -1.033308266999938 ], [ 37.175571442000148, -1.032658813999944 ], [ 37.175704956000175, -1.032297968999899 ], [ 37.175765991000162, -1.032029866999949 ], [ 37.175872804000051, -1.031813381999882 ], [ 37.176097869999978, -1.031627772999968 ], [ 37.176418304000038, -1.031442284999969 ], [ 37.176799775000063, -1.031236051999883 ], [ 37.176994324000077, -1.030978322999886 ], [ 37.177024841000048, -1.030833958999949 ], [ 37.176902772000176, -1.030638098999873 ], [ 37.176757813000165, -1.030493734999936 ], [ 37.176498413, -1.03036999699998 ], [ 37.176181793000126, -1.030318498999918 ], [ 37.175559997000164, -1.03033912099994 ], [ 37.17517852900005, -1.030380367999953 ], [ 37.174850463999974, -1.030359743999952 ], [ 37.174758912000073, -1.030174134999868 ], [ 37.174747465999985, -1.029967902999942 ], [ 37.17503738500011, -1.029308079999964 ], [ 37.175498962000177, -1.028732299999945 ], [ 37.175674439000034, -1.028473019999979 ], [ 37.175891877000083, -1.028174041999932 ], [ 37.176128388000052, -1.027905940999972 ], [ 37.176479340000128, -1.027565717999948 ], [ 37.176685334000126, -1.027472972999931 ], [ 37.176963805000128, -1.027431726999964 ], [ 37.177158356000177, -1.027472972999931 ], [ 37.177436829000044, -1.027689455999905 ], [ 37.17778778100012, -1.027988432999962 ], [ 37.178066254000157, -1.028246164999871 ], [ 37.178169251000043, -1.028431772999966 ], [ 37.178314208000074, -1.02857613499998 ], [ 37.178531646000124, -1.028813243999878 ], [ 37.178684235000048, -1.028939961999811 ], [ 37.179683685000157, -1.028905987999906 ], [ 37.179924011000139, -1.028988479999896 ], [ 37.180107116999977, -1.02912247099988 ], [ 37.180282593000129, -1.029339075999872 ], [ 37.180366517000152, -1.029607055999918 ], [ 37.180355072000168, -1.029906034999897 ], [ 37.180458069000053, -1.030215381999824 ], [ 37.180656433000138, -1.030380367999953 ], [ 37.180767058000129, -1.03054523499992 ], [ 37.181221009000126, -1.03062772699991 ], [ 37.181522369000049, -1.030679343999907 ], [ 37.181808472000171, -1.030895828999974 ], [ 37.182086945000037, -1.031205057999898 ], [ 37.182262421000132, -1.03153502899994 ], [ 37.182456969999976, -1.031792758999927 ], [ 37.182861329000161, -1.032040237999979 ], [ 37.183326721000128, -1.032143354999903 ], [ 37.184047699000075, -1.032215475999919 ], [ 37.184539795000092, -1.032297968999899 ], [ 37.184986114000026, -1.032431960999816 ], [ 37.18544006400009, -1.032607196999834 ], [ 37.186027527000135, -1.032741307999913 ], [ 37.186439514000028, -1.03281342899993 ], [ 37.186882020000041, -1.032803177999881 ], [ 37.187232971000185, -1.032844304999912 ], [ 37.187500001000103, -1.032895922999899 ], [ 37.187820434000059, -1.033122777999949 ], [ 37.188171387000011, -1.033401130999891 ], [ 37.18851089400016, -1.033730983999931 ], [ 37.18862533600003, -1.033937215999913 ], [ 37.188976288000106, -1.034205198999871 ], [ 37.18931579600013, -1.034648536999896 ], [ 37.189769745000149, -1.035091875999967 ], [ 37.190532684000118, -1.035865186999843 ], [ 37.190818787000069, -1.036091922999958 ], [ 37.191192627000078, -1.036463141999945 ], [ 37.191478730000028, -1.036720871999933 ], [ 37.191829682000105, -1.036751745999936 ], [ 37.192192078000062, -1.036720871999933 ], [ 37.192478180000137, -1.036555886999963 ], [ 37.192882538, -1.036267160999955 ], [ 37.193531036000024, -1.03587543999987 ], [ 37.19404602000003, -1.035566090999964 ], [ 37.194561005000082, -1.035267113999907 ], [ 37.195190429000093, -1.035061001999907 ], [ 37.195880889000193, -1.034947513999953 ], [ 37.196563721000018, -1.034957884999926 ], [ 37.197036743000126, -1.034947513999953 ], [ 37.197284699000193, -1.034916639999949 ], [ 37.197532653999986, -1.034854769999924 ], [ 37.197788238000044, -1.034782647999975 ], [ 37.198097228000165, -1.034555792999925 ], [ 37.198471070000039, -1.034246443999905 ], [ 37.198913574000073, -1.03389596999989 ], [ 37.199943542000028, -1.032751560999941 ], [ 37.200180053000111, -1.032421707999958 ], [ 37.200355529000092, -1.032122730999959 ], [ 37.200592042000039, -1.031895875999965 ], [ 37.200729371000079, -1.031751513999893 ], [ 37.200942994000116, -1.031565904999923 ], [ 37.201183320000098, -1.031411290999927 ], [ 37.201427459000115, -1.031297922999954 ], [ 37.20168685900012, -1.031236051999883 ], [ 37.201881408000133, -1.03113293499996 ], [ 37.202220916000158, -1.030895828999974 ], [ 37.202499389000025, -1.030638098999873 ], [ 37.202686310000104, -1.030400990999965 ], [ 37.202945710000051, -1.02999889899985 ], [ 37.203315735000047, -1.029668926999818 ], [ 37.203594208000084, -1.0294318199999 ], [ 37.203872681000121, -1.029235958999948 ], [ 37.20417022700002, -1.029060720999951 ], [ 37.204502105000131, -1.028905987999906 ], [ 37.204883575999986, -1.028782366999906 ], [ 37.205234527000187, -1.028782366999906 ], [ 37.205501557000048, -1.028802870999925 ], [ 37.205829620000145, -1.028854488999912 ], [ 37.206119536000131, -1.028926611999964 ], [ 37.206439971000066, -1.028998851999972 ], [ 37.206718444000103, -1.029050349999977 ], [ 37.206943512000066, -1.029081343999962 ], [ 37.207130431, -1.029029726999966 ], [ 37.207378388, -1.028885364999894 ], [ 37.207553863000044, -1.028699873999926 ], [ 37.20771789600002, -1.02852451799987 ], [ 37.208148956000173, -1.028215288999888 ], [ 37.208419799000126, -1.028040049999959 ], [ 37.208656310000038, -1.027916311999945 ], [ 37.209098816000051, -1.027751326999976 ], [ 37.20966720500013, -1.027627585999937 ], [ 37.210128784, -1.027596711999934 ], [ 37.210697173000085, -1.027617334999888 ], [ 37.211109162000128, -1.027627585999937 ], [ 37.211654663000047, -1.027771949999874 ], [ 37.212203979000037, -1.027998805999914 ], [ 37.212471009000126, -1.028184293999971 ], [ 37.212749482000163, -1.028483270999857 ], [ 37.213069917000098, -1.028885364999894 ], [ 37.213222504000044, -1.02912247099988 ], [ 37.213420868000128, -1.029235958999948 ], [ 37.213592528999982, -1.029112219999945 ], [ 37.213832855000192, -1.028875111999923 ], [ 37.214027404000035, -1.028607011999952 ], [ 37.214275361000034, -1.028246164999871 ], [ 37.214469910000048, -1.027823447999879 ], [ 37.214603424000074, -1.027493596999932 ], [ 37.214748383000085, -1.026761649999969 ], [ 37.214851380000141, -1.026400803999934 ], [ 37.214977264000083, -1.026112079999962 ], [ 37.215099335000161, -1.025627493999934 ], [ 37.215213775000052, -1.025039911999954 ], [ 37.215263367000034, -1.024761438999917 ], [ 37.215366364000147, -1.02441096299998 ], [ 37.215480805000084, -1.024132609999924 ], [ 37.215564729000107, -1.023854255999936 ], [ 37.215770721000126, -1.023534655999924 ], [ 37.216159821000133, -1.023287176999872 ], [ 37.216594697000062, -1.023153185999888 ], [ 37.216957092000143, -1.023070691999919 ], [ 37.217304230000082, -1.022977947999891 ], [ 37.217544556000064, -1.022864459999937 ], [ 37.218170166000107, -1.022039770999868 ], [ 37.218429566000111, -1.021833538999886 ], [ 37.21860504100016, -1.021699547999901 ], [ 37.218902588000162, -1.021534562999932 ], [ 37.219234466000103, -1.021452068999849 ], [ 37.219451904000152, -1.021431445999895 ], [ 37.220039368000073, -1.020915983999885 ], [ 37.220306396000126, -1.020730374999914 ], [ 37.220668793000186, -1.020627259999969 ], [ 37.220985413000108, -1.02068913099987 ], [ 37.221286774000077, -1.020750998999915 ], [ 37.221668243000124, -1.020565389999945 ], [ 37.222007751000149, -1.020390151999891 ], [ 37.222377778000123, -1.020256160999907 ], [ 37.222801208000135, -1.020153045999905 ], [ 37.223152162000076, -1.020256160999907 ], [ 37.223709106000115, -1.02069950099991 ], [ 37.224048614000139, -1.020946859999867 ], [ 37.224308014000144, -1.021049974999869 ], [ 37.224605560000043, -1.021049974999869 ], [ 37.22485351600011, -1.020977853999966 ], [ 37.225173949000066, -1.020617007999931 ], [ 37.225349427000026, -1.020338653999829 ], [ 37.225513458000194, -1.020019053999931 ], [ 37.22573089499997, -1.019142627999884 ], [ 37.225872039000137, -1.018307566999908 ], [ 37.226047515000062, -1.017503380999869 ], [ 37.226181031000124, -1.017225025999949 ], [ 37.226379394999981, -1.01690542599988 ], [ 37.22667694200004, -1.016606449999927 ], [ 37.227027893000184, -1.016451834999941 ], [ 37.227367402000141, -1.01627659899998 ], [ 37.227729797000165, -1.015956996999932 ], [ 37.228183745000081, -1.01545178799995 ], [ 37.228504180000016, -1.015173434999951 ], [ 37.228790283000194, -1.015080570999885 ], [ 37.229019164000192, -1.014967202999912 ], [ 37.229389191000166, -1.014534234999871 ], [ 37.229698181000174, -1.014224887999944 ], [ 37.229957581000122, -1.013668178999978 ], [ 37.230236054000159, -1.013008355999943 ], [ 37.230388641000104, -1.012616634999972 ], [ 37.230514527000025, -1.012369155999977 ], [ 37.230686187000174, -1.012286661999894 ], [ 37.230812073000095, -1.01219391799998 ], [ 37.230903625000053, -1.011946438999928 ], [ 37.23118209800009, -1.01180207699997 ], [ 37.231624604000103, -1.011822699999811 ], [ 37.231933593000178, -1.011905193999951 ], [ 37.232143403000123, -1.012101052999924 ], [ 37.232120514000087, -1.012606261999963 ], [ 37.232101441000054, -1.013059852999959 ], [ 37.232212066000045, -1.013266085999931 ], [ 37.232555390000016, -1.013565063999977 ], [ 37.23274993900003, -1.01375067299989 ], [ 37.232986450000169, -1.014101146999963 ], [ 37.233348847000059, -1.014389872999857 ], [ 37.233852386000081, -1.014544487999956 ], [ 37.23415374700005, -1.014623163999886 ], [ 37.234706878000054, -1.014893768999968 ], [ 37.235172272, -1.015202998999882 ], [ 37.235530854000046, -1.015525220999905 ], [ 37.235958099000129, -1.015911816999903 ], [ 37.236316681000119, -1.016195414999856 ], [ 37.23662948600014, -1.016414402999942 ], [ 37.236949921000132, -1.016646383999955 ], [ 37.237155915000073, -1.016672134999965 ], [ 37.237567902000194, -1.016749500999936 ], [ 37.237903595000148, -1.016942857999879 ], [ 37.23826599, -1.017252086999974 ], [ 37.238521577000142, -1.017522691999886 ], [ 37.23868942200005, -1.017896531999895 ], [ 37.238754272999984, -1.018064022999909 ], [ 37.239139556000168, -1.018244385999935 ], [ 37.239952087000177, -1.018540859999916 ], [ 37.240249633000076, -1.018682598999931 ], [ 37.240596772000117, -1.018824337999945 ], [ 37.241035462000184, -1.018953203999956 ], [ 37.241783142000088, -1.019069194999929 ], [ 37.242595673000039, -1.018991945999971 ], [ 37.243354798000098, -1.018953203999956 ], [ 37.244129180000186, -1.018914579999944 ], [ 37.24472046000011, -1.01888883099997 ], [ 37.245338439000136, -1.01897895299993 ], [ 37.245555877000186, -1.018958449999957 ], [ 37.245880127000191, -1.018927454999925 ], [ 37.247207641999978, -1.017664551999928 ], [ 37.247966767000037, -1.016968608999946 ], [ 37.248638153000172, -1.016517519999923 ], [ 37.24889755300012, -1.016350029999955 ], [ 37.249397277000071, -1.016053555999918 ], [ 37.249790192000148, -1.015844583999979 ], [ 37.250263215000132, -1.015758274999939 ], [ 37.250713348000147, -1.015740990999916 ], [ 37.251594544000056, -1.015706419999958 ], [ 37.252101898000149, -1.015335321999942 ], [ 37.25205230600011, -1.014877915999932 ], [ 37.25206756700004, -1.014601707999873 ], [ 37.252147675000117, -1.014420508999876 ], [ 37.252380371000186, -1.014135598999928 ], [ 37.252620698000044, -1.013980268999887 ], [ 37.252838135000047, -1.013876675999938 ], [ 37.253036500000178, -1.013842224999905 ], [ 37.253311157000098, -1.013997554999889 ], [ 37.254547118000119, -1.014860629999816 ], [ 37.255607605000193, -1.013462423999954 ], [ 37.255764008000085, -1.013350248999814 ], [ 37.255882263, -1.013307094999959 ], [ 37.256065369000055, -1.013289808999957 ], [ 37.256202698000152, -1.013332962999868 ], [ 37.257133484000065, -1.014083860999847 ], [ 37.257911683000032, -1.013393400999917 ], [ 37.260250091999978, -1.013056754999866 ], [ 37.260501862000069, -1.012918710999884 ], [ 37.260604859000125, -1.012823699999956 ], [ 37.260803223000039, -1.01274609599983 ], [ 37.260982514000034, -1.01269423899987 ], [ 37.261199952000084, -1.012676952999868 ], [ 37.261398316000168, -1.012702941999976 ], [ 37.261711121000189, -1.012840985999958 ], [ 37.262210847000119, -1.013143061999813 ], [ 37.262458801000037, -1.01297044699993 ], [ 37.262866973000087, -1.012530207999816 ], [ 37.263660430000073, -1.012064218999967 ], [ 37.264152528000125, -1.011839745999964 ], [ 37.264411925, -1.011718987999927 ], [ 37.264514922999979, -1.011693000999912 ], [ 37.264686585000163, -1.011796593999975 ], [ 37.264858246000074, -1.012021064999942 ], [ 37.265075684000124, -1.01243531699987 ], [ 37.265239716, -1.012866853999981 ], [ 37.265438081000184, -1.013177633999931 ], [ 37.265861511000026, -1.013626454999837 ], [ 37.266799927000079, -1.014549970999951 ], [ 37.267147064000085, -1.014921067999921 ], [ 37.267421722000108, -1.015369891999853 ], [ 37.267597199000136, -1.015671967999879 ], [ 37.267742156000111, -1.016051768999944 ], [ 37.267871857000102, -1.016301989999874 ], [ 37.268001556000115, -1.016491888999951 ], [ 37.268337249000069, -1.016819833999932 ], [ 37.268527985000048, -1.01705288799991 ], [ 37.268638611000142, -1.017251371999919 ], [ 37.268650054000091, -1.017441272999974 ], [ 37.268615722000106, -1.017631172999813 ], [ 37.268466950000061, -1.017967820999957 ], [ 37.268344879000153, -1.018235325999967 ], [ 37.268371581000054, -1.018451093999886 ], [ 37.268466950000061, -1.018684148999967 ], [ 37.268650054000091, -1.018908619999877 ], [ 37.268909454000095, -1.019089817999884 ], [ 37.269321443000138, -1.019201993999843 ], [ 37.269840240000178, -1.019288299999971 ], [ 37.270530700000108, -1.019348739999884 ], [ 37.270816803000059, -1.019357322999895 ], [ 37.271133423000151, -1.019417762999922 ], [ 37.271411896000188, -1.019452332999947 ], [ 37.271686554000155, -1.019616364999933 ], [ 37.272541046000185, -1.020436285999892 ], [ 37.273239136000029, -1.021031736999873 ], [ 37.274032593000015, -1.021955251999827 ], [ 37.275451660000101, -1.023491619999959 ], [ 37.27604675300006, -1.024104475999934 ], [ 37.276363373000152, -1.024553298999933 ], [ 37.276847840000187, -1.02498483699992 ], [ 37.277347564000138, -1.02551996699998 ], [ 37.277530670000033, -1.02579605499983 ], [ 37.277790070000151, -1.026141403999873 ], [ 37.278358459, -1.026780008999879 ], [ 37.278678894000166, -1.027151225999944 ], [ 37.278831481000111, -1.027358292999963 ], [ 37.278911590000064, -1.02753090899995 ], [ 37.279033661000142, -1.028022884999871 ], [ 37.279117584000062, -1.028333663999888 ], [ 37.279178620000096, -1.028532147999897 ], [ 37.279254913000102, -1.028696060999948 ], [ 37.279308318000176, -1.029127715999891 ], [ 37.279300690000071, -1.029826758999889 ], [ 37.279315949000193, -1.030059814999902 ], [ 37.279445647000102, -1.03037059199994 ], [ 37.27973938100007, -1.030815957999948 ], [ 37.280189514000085, -1.031293987999959 ], [ 37.280662537000069, -1.031725644999881 ], [ 37.28113937400019, -1.032070873999942 ], [ 37.281433105000076, -1.032243489999928 ], [ 37.281715393000127, -1.032303929999955 ], [ 37.282611848000158, -1.032277940999961 ], [ 37.282966614000031, -1.0323729509999 ], [ 37.283233642000084, -1.032519697999874 ], [ 37.283485412000118, -1.032692312999927 ], [ 37.283760072000121, -1.03298568699995 ], [ 37.284053803000177, -1.03341722499988 ], [ 37.284313203000124, -1.033874750999928 ], [ 37.284408570000153, -1.034254430999965 ], [ 37.284503937000125, -1.034608362999961 ], [ 37.284523009999987, -1.034875869999951 ], [ 37.284484863000159, -1.035100340999975 ], [ 37.284484863000159, -1.035290239999938 ], [ 37.284503937000125, -1.035471438999934 ], [ 37.284927369000172, -1.03609287699993 ], [ 37.284976959000176, -1.036222338999892 ], [ 37.285106660000167, -1.036973238999963 ], [ 37.285160065000071, -1.037085413999819 ], [ 37.285236359000123, -1.037180423999928 ], [ 37.285411834000172, -1.037292598999898 ], [ 37.285583497000061, -1.037422059999869 ], [ 37.286193848000039, -1.03766369899995 ], [ 37.2867469790001, -1.037819027999944 ], [ 37.28724670500003, -1.037914037999883 ], [ 37.287628173000144, -1.037974475999931 ], [ 37.288009644000169, -1.03807806999987 ], [ 37.288318633000074, -1.038224696999919 ], [ 37.288612367000042, -1.038449167999943 ], [ 37.288810731000126, -1.038733958999956 ], [ 37.288955688000101, -1.039105057999961 ], [ 37.289295196000126, -1.040425657999947 ], [ 37.289398194000171, -1.040650010999968 ], [ 37.289520264000146, -1.040891766999891 ], [ 37.289657593000186, -1.041064380999956 ], [ 37.289863586000081, -1.04121970999995 ], [ 37.290519714000027, -1.041772125999898 ], [ 37.291667937999989, -1.042764662999957 ], [ 37.291969299000186, -1.043153047999965 ], [ 37.292209625000169, -1.043437838999978 ], [ 37.293075561000194, -1.0441370019999 ], [ 37.293540954999969, -1.04450809899987 ], [ 37.293766021000124, -1.044646142999852 ], [ 37.293903350000051, -1.044698000999972 ], [ 37.294067382000094, -1.044698000999972 ], [ 37.294197083000086, -1.044646142999852 ], [ 37.294342040000117, -1.044551253999884 ], [ 37.294574738000165, -1.044395923999843 ], [ 37.294704437000178, -1.044283746999952 ], [ 37.294845581000118, -1.044240593999973 ], [ 37.295051574000183, -1.04424917699987 ], [ 37.295223236000027, -1.044335483999816 ], [ 37.295421601000157, -1.044447658999957 ], [ 37.2955245980001, -1.044594405999931 ], [ 37.295578003000116, -1.044775604999813 ], [ 37.2955245980001, -1.045440195999902 ], [ 37.29555130000017, -1.04562151399989 ], [ 37.295612335000158, -1.045794129999877 ], [ 37.295722962000127, -1.045966744999873 ], [ 37.295932770000093, -1.046182512999962 ], [ 37.296829224000192, -1.047054290999881 ], [ 37.296951295000099, -1.047166465999908 ], [ 37.297115325000163, -1.047235488999945 ], [ 37.29734802300004, -1.04727005899997 ], [ 37.298072815000126, -1.047347664999904 ], [ 37.298252106000177, -1.04738223399994 ], [ 37.298469544, -1.047485828999868 ], [ 37.29866027800017, -1.047580717999892 ], [ 37.298763275000056, -1.047692893999965 ], [ 37.298847199000079, -1.047856925999952 ], [ 37.298831940000184, -1.048521517999973 ], [ 37.298934936000137, -1.048668263999843 ], [ 37.299125672000116, -1.048858165999832 ], [ 37.30086135800002, -1.050178646999939 ], [ 37.301704408000148, -1.050920962999953 ], [ 37.302059174000192, -1.051283478999949 ], [ 37.302257538000106, -1.051585555999964 ], [ 37.302497865000191, -1.051991224999881 ], [ 37.30268096900005, -1.05224144399989 ], [ 37.302852631000064, -1.052534937999951 ], [ 37.30327606200018, -1.053001044999974 ], [ 37.303836823000097, -1.05346703399988 ], [ 37.304149627000072, -1.053760527999827 ], [ 37.304405212000177, -1.054071187999966 ], [ 37.30463028000014, -1.054373383999973 ], [ 37.304813385999978, -1.054537296999968 ], [ 37.305038452000133, -1.054684043999941 ], [ 37.305305481000119, -1.05482208799998 ], [ 37.305564881000123, -1.05492567999994 ], [ 37.305797577000192, -1.055081129999849 ], [ 37.306140900000059, -1.055434941999977 ], [ 37.306407928000112, -1.055771589999949 ], [ 37.306678771000065, -1.056108117999884 ], [ 37.306995391000157, -1.056565641999839 ], [ 37.30723953200004, -1.05700576299995 ], [ 37.307411193000121, -1.057325124999977 ], [ 37.307506562000071, -1.057497739999974 ], [ 37.307884217000151, -1.057851671999913 ], [ 37.30825805700016, -1.058162331999881 ], [ 37.308532715000183, -1.05840396799988 ], [ 37.308765411000081, -1.058680175999825 ], [ 37.309040069000048, -1.059180736999963 ], [ 37.309215544999972, -1.059431075999953 ], [ 37.309474945000147, -1.059638260999975 ], [ 37.309871673000089, -1.059923051999874 ], [ 37.310153961000026, -1.060233830999948 ], [ 37.310249328000168, -1.060518621999961 ], [ 37.310337067000091, -1.060777543999905 ], [ 37.310420991000058, -1.060993313999973 ], [ 37.310508728000173, -1.061183212999879 ], [ 37.310691834000181, -1.061407565999957 ], [ 37.310829163000108, -1.061528443999862 ], [ 37.311138152000183, -1.061606047999874 ], [ 37.311416625000049, -1.061537026999929 ], [ 37.311534881000057, -1.061519741999916 ], [ 37.311649323000097, -1.061312674999954 ], [ 37.311664582000049, -1.061036466999894 ], [ 37.311698914000033, -1.060786126999972 ], [ 37.311786652000194, -1.060596227999895 ], [ 37.311889648000033, -1.060406446999934 ], [ 37.312648773000035, -1.059759020999934 ], [ 37.313262939000026, -1.059362052999916 ], [ 37.313755035000099, -1.059042692999981 ], [ 37.314098358000138, -1.058766484999865 ], [ 37.314350128, -1.058593868999878 ], [ 37.314548492000085, -1.058481693999909 ], [ 37.314773560000049, -1.05847310899992 ], [ 37.314918517000081, -1.058498977999932 ], [ 37.315055848000156, -1.058576583999979 ], [ 37.31513595500013, -1.058732032999956 ], [ 37.315177917000028, -1.059241174999954 ], [ 37.315185547000112, -1.059491513999888 ], [ 37.315055848000156, -1.059759020999934 ], [ 37.315040588000102, -1.059948920999886 ], [ 37.315116881000108, -1.060156106999898 ], [ 37.315376281000113, -1.060458183999856 ], [ 37.31560897900016, -1.060639379999941 ], [ 37.315895080000132, -1.060803412999974 ], [ 37.316135406000114, -1.060863852999944 ], [ 37.316379548000043, -1.060786126999972 ], [ 37.316673279000099, -1.060682534999955 ], [ 37.316928864000033, -1.06055307399987 ], [ 37.317153931000121, -1.060518621999961 ], [ 37.317447663000053, -1.060570358999883 ], [ 37.317733764000025, -1.060699820999957 ], [ 37.317871093000122, -1.060803412999974 ], [ 37.318061829000101, -1.061191795999889 ], [ 37.31819915799997, -1.061502575999953 ], [ 37.318267822000166, -1.06193411299995 ], [ 37.318344115000173, -1.062356947999945 ], [ 37.318405151000093, -1.063582657999916 ], [ 37.318450928000061, -1.063763856999969 ], [ 37.318527221000068, -1.063884734999931 ], [ 37.31863784900014, -1.063971041999878 ], [ 37.318958282000096, -1.063971041999878 ], [ 37.319183349000127, -1.063945054999976 ], [ 37.31934738200016, -1.063988208999888 ], [ 37.319797516000051, -1.06441986499982 ], [ 37.320400239000094, -1.064885853999897 ], [ 37.320823669000163, -1.065239785999893 ], [ 37.321254731000124, -1.06565403999997 ], [ 37.321643830000085, -1.066163301999836 ], [ 37.321926118000135, -1.066551684999979 ], [ 37.32207489000001, -1.066888332999952 ], [ 37.322124482000049, -1.067112683999937 ], [ 37.322055816000045, -1.067337035999969 ], [ 37.321926118000135, -1.067587375999892 ], [ 37.321762085000159, -1.067803143999868 ], [ 37.321704865000072, -1.068036198999891 ], [ 37.321685791000107, -1.068251966999981 ], [ 37.321720123000091, -1.068510888999924 ], [ 37.321800232000044, -1.068649052999888 ], [ 37.322032928000112, -1.068881988999976 ], [ 37.322444915000176, -1.069140910999977 ], [ 37.322723388000043, -1.069279074999884 ], [ 37.322929382000041, -1.069477556999971 ], [ 37.323120115999984, -1.069771050999975 ], [ 37.323181152000075, -1.069995403999826 ], [ 37.32320404, -1.070271611999942 ], [ 37.323238372000048, -1.070556401999966 ], [ 37.323387146000073, -1.070746301999975 ], [ 37.323516845000086, -1.070944905999966 ], [ 37.323715209000113, -1.071195124999974 ], [ 37.324138641000161, -1.071523069999898 ], [ 37.324481965000132, -1.071747540999922 ], [ 37.324707031000116, -1.071963310999934 ], [ 37.32498168900014, -1.072265386999959 ], [ 37.325233460000049, -1.072515726999882 ], [ 37.325397491000047, -1.072636484999919 ], [ 37.325603485000045, -1.072731493999811 ], [ 37.325942993000069, -1.072774648999939 ], [ 37.326347350000049, -1.072800516999905 ], [ 37.326648712000122, -1.072748779999927 ], [ 37.326923370000088, -1.072671055999876 ], [ 37.327289582000049, -1.072489737999945 ], [ 37.327789307000046, -1.072118639999928 ], [ 37.328254699000013, -1.07172167199991 ], [ 37.328495026000098, -1.071574924999936 ], [ 37.328670501000147, -1.071445463999964 ], [ 37.328834534000123, -1.07139360899987 ], [ 37.329032898000037, -1.071402311999975 ], [ 37.329231263000167, -1.071471332999977 ], [ 37.329395295000097, -1.071523069999898 ], [ 37.329669953000064, -1.071773409999935 ], [ 37.329998016000104, -1.072368979999908 ], [ 37.330413818000068, -1.072860955999943 ], [ 37.33073043800016, -1.073352932999967 ], [ 37.331024169000045, -1.073698161999857 ], [ 37.331249237000179, -1.073974369999974 ], [ 37.331569672000114, -1.07414698599996 ], [ 37.331871034000187, -1.074259160999929 ], [ 37.332241059000182, -1.074362753999935 ], [ 37.33260345500014, -1.074561237999944 ], [ 37.332931519000113, -1.07487189699998 ], [ 37.333217622000063, -1.075251697999875 ], [ 37.333442688000048, -1.075683234999872 ], [ 37.333648682000046, -1.076080320999949 ], [ 37.333847046000074, -1.07640826699992 ], [ 37.334037780000074, -1.076649902999918 ], [ 37.334320069000057, -1.07667577199993 ], [ 37.334674835000101, -1.076693057999933 ], [ 37.334857941000166, -1.076684474999922 ], [ 37.335002898000141, -1.076520441999946 ], [ 37.335071564000145, -1.076192498999831 ], [ 37.335124969000049, -1.075726389999886 ], [ 37.335174561000088, -1.075415729999861 ], [ 37.335289001000092, -1.075234411999872 ], [ 37.335445403999984, -1.075044512999966 ], [ 37.3355979910001, -1.074897885999917 ], [ 37.335762024000076, -1.074785590999966 ], [ 37.336910248000038, -1.074578522999957 ], [ 37.33716964700011, -1.07446634799993 ], [ 37.337505340000064, -1.074267743999826 ], [ 37.337749482000049, -1.074069261999909 ], [ 37.337921142000027, -1.073948383999948 ], [ 37.338146210000161, -1.073801754999977 ], [ 37.338428496000063, -1.073732613999937 ], [ 37.338611602000128, -1.073732613999937 ], [ 37.338851929000043, -1.073784470999897 ], [ 37.339103697999974, -1.073948383999948 ], [ 37.339683532000038, -1.074811576999878 ], [ 37.34019851700009, -1.075648783999952 ], [ 37.340408326000102, -1.076209782999911 ], [ 37.340820313, -1.07744395799989 ], [ 37.340908050000053, -1.077651142999969 ], [ 37.341003417000081, -1.0778841959999 ], [ 37.341182708000076, -1.078004955999972 ], [ 37.341400146000126, -1.078039525999884 ], [ 37.342453002000184, -1.078030942999874 ], [ 37.342735290000121, -1.078108548999978 ], [ 37.342994690000069, -1.078376173999914 ], [ 37.343212128000118, -1.078721404999897 ], [ 37.343498231000069, -1.079282403999969 ], [ 37.343753815000071, -1.079843401999938 ], [ 37.343894958000135, -1.080257653999979 ], [ 37.344024658000194, -1.080723761999934 ], [ 37.344230653000125, -1.08103442099997 ], [ 37.344497681000178, -1.081258893999973 ], [ 37.344982148000042, -1.081500529999971 ], [ 37.34528350800008, -1.081655859999955 ], [ 37.345413208000139, -1.081914781999956 ], [ 37.346588136000037, -1.08367562199993 ], [ 37.347156525000059, -1.084555982999916 ], [ 37.34730148400007, -1.084866642999884 ], [ 37.347370148000095, -1.085039257999938 ], [ 37.347408294000047, -1.085272311999972 ], [ 37.347415925000064, -1.085531233999973 ], [ 37.347442626000031, -1.085729717999868 ], [ 37.347545623000087, -1.08597135499997 ], [ 37.347827912000128, -1.086230276999913 ], [ 37.348236083000018, -1.086489318999952 ], [ 37.348495483000193, -1.08665323199989 ], [ 37.348743439000089, -1.086730957999862 ], [ 37.349098206000065, -1.086730957999862 ], [ 37.349365234000118, -1.086739540999929 ], [ 37.349571228000116, -1.086713671999917 ], [ 37.34976959200003, -1.08665323199989 ], [ 37.350028992000148, -1.086549638999941 ], [ 37.350280762000182, -1.086480615999903 ], [ 37.35046005200013, -1.086420177999969 ], [ 37.350704194000059, -1.086446164999927 ], [ 37.351032257000099, -1.086566924999943 ], [ 37.351245879000032, -1.086713671999917 ], [ 37.351490021000131, -1.086998462999873 ], [ 37.351688385000045, -1.087171077999926 ], [ 37.352005005000137, -1.087231515999974 ], [ 37.35216903700001, -1.087222932999964 ], [ 37.352371217000041, -1.087197064999941 ], [ 37.35257720900006, -1.087127923999844 ], [ 37.352775573000145, -1.087007165999978 ], [ 37.353008270000089, -1.086825846999886 ], [ 37.353351593000184, -1.086722254999927 ], [ 37.353794098000094, -1.086618779999981 ], [ 37.354415893000123, -1.086515187999964 ], [ 37.355422973000145, -1.086497901999849 ], [ 37.35579681500019, -1.086403011999892 ], [ 37.356208802000083, -1.08627355099992 ], [ 37.356590272000176, -1.086118101999944 ], [ 37.35692596500013, -1.085980057999905 ], [ 37.357219697000119, -1.085850596999933 ], [ 37.357425689000138, -1.085772870999904 ], [ 37.357746124000073, -1.08568000799994 ], [ 37.357944488000157, -1.085652111999934 ], [ 37.358142852000014, -1.08568000799994 ], [ 37.358367919999978, -1.085764287999893 ], [ 37.358558654000149, -1.085893750999958 ], [ 37.358695983000075, -1.08619582599988 ], [ 37.358867646000135, -1.086446164999927 ], [ 37.359100342000033, -1.086696385999915 ], [ 37.359439851000161, -1.087007165999978 ], [ 37.359653473000037, -1.087309239999911 ], [ 37.359809876000099, -1.087568163999947 ], [ 37.36008453300019, -1.087904809999884 ], [ 37.360301971000069, -1.088060139999868 ], [ 37.36064529500004, -1.088146446999929 ], [ 37.360836029000041, -1.088163732999931 ], [ 37.361156464000146, -1.088146446999929 ], [ 37.361362458000144, -1.088189600999954 ], [ 37.361614228000178, -1.088258623999934 ], [ 37.361854554, -1.088448523999944 ], [ 37.362148285000046, -1.08880233699989 ], [ 37.362648011000033, -1.08935964099993 ], [ 37.364547730000083, -1.086621044999902 ], [ 37.369903564000026, -1.078936576999922 ], [ 37.376453400000173, -1.069526076999978 ], [ 37.381809234000116, -1.061892031999832 ], [ 37.386482238000042, -1.055051445999879 ], [ 37.387363434000122, -1.053892493999911 ], [ 37.387489320000043, -1.053565025999887 ], [ 37.387714386000027, -1.053300380999929 ], [ 37.393875122000168, -1.049004672999956 ], [ 37.402366637000114, -1.043071149999832 ], [ 37.402824401000146, -1.042741655999919 ], [ 37.402908325000169, -1.042680500999836 ], [ 37.409156800000119, -1.038183330999971 ], [ 37.418090821000135, -1.031922339999937 ], [ 37.419212342000094, -1.03116452699993 ], [ 37.420040130000189, -1.032373547999953 ], [ 37.420600892000039, -1.033204794999961 ], [ 37.420646667000028, -1.033273815999905 ], [ 37.420677185000045, -1.033319829999925 ], [ 37.420864106000181, -1.033597825999891 ], [ 37.42107391400009, -1.033910392999928 ], [ 37.418090821000135, -1.035926101999905 ], [ 37.415504455000189, -1.03773844199992 ], [ 37.409156800000119, -1.042187094999974 ], [ 37.40352630600006, -1.046239972999899 ], [ 37.402908325000169, -1.046684263999907 ], [ 37.402824401000146, -1.046745418999819 ], [ 37.402366637000114, -1.047074913999893 ], [ 37.394706726000038, -1.052427649999856 ], [ 37.393875122000168, -1.053008437999949 ], [ 37.387714386000027, -1.057304143999943 ], [ 37.387489320000043, -1.057568788999959 ], [ 37.387363434000122, -1.057896256999868 ], [ 37.386482238000042, -1.059055208999951 ], [ 37.381809234000116, -1.065895795999893 ], [ 37.376453400000173, -1.073529838999946 ], [ 37.373989105000135, -1.077068567999902 ], [ 37.369903564000026, -1.082940339999936 ], [ 37.367805480000186, -1.085951565999949 ], [ 37.364547730000083, -1.090624807999973 ], [ 37.364479064000079, -1.09072410999994 ], [ 37.362648011000033, -1.093362568999908 ], [ 37.36256027200011, -1.093483566999907 ], [ 37.35873413000013, -1.098035096999979 ], [ 37.358692168000175, -1.098082661999854 ], [ 37.358306885, -1.098525762999941 ], [ 37.354248047000112, -1.103195666999966 ], [ 37.353034973000092, -1.104588866999961 ], [ 37.352088929000161, -1.105678915999874 ], [ 37.349563598000032, -1.108613132999949 ], [ 37.345790863000047, -1.112998128999948 ], [ 37.345420837000177, -1.113423823999881 ], [ 37.34537124600007, -1.113480805999814 ], [ 37.342800141000055, -1.116445779999822 ], [ 37.342720032000102, -1.116538166999931 ], [ 37.342498779000152, -1.116793155999972 ], [ 37.342201233000026, -1.116741656999977 ], [ 37.341705322000166, -1.115744589999963 ], [ 37.341670990000125, -1.115677593999919 ], [ 37.341476441000111, -1.115323304999947 ], [ 37.340663911000036, -1.113844990999837 ], [ 37.340084076000096, -1.11296772999998 ], [ 37.339275361000091, -1.11174654999985 ], [ 37.338565826999968, -1.110682487999895 ], [ 37.337997436000137, -1.110068558999899 ], [ 37.337902069000165, -1.109964966999939 ], [ 37.337089538000157, -1.109086392999927 ], [ 37.335376740000186, -1.107431172999839 ], [ 37.333919525000113, -1.105911135999918 ], [ 37.333366394000109, -1.105332611999927 ], [ 37.333339690000059, -1.105312585999968 ], [ 37.332958222000116, -1.105037927999888 ], [ 37.332199097000057, -1.10448789499992 ], [ 37.33186340300017, -1.104244350999863 ], [ 37.331363678000116, -1.103882668999972 ], [ 37.331325531000118, -1.103854774999945 ], [ 37.33084487800005, -1.103534577999937 ], [ 37.33034896800001, -1.103204606999896 ], [ 37.330276489000141, -1.103135703999953 ], [ 37.330169677000185, -1.103031753999971 ], [ 37.329586029000041, -1.102467417999833 ], [ 37.329433442000152, -1.102317810999978 ], [ 37.329315186000088, -1.102172493999944 ], [ 37.329048157000159, -1.10184490599994 ], [ 37.329048157000159, -1.101638316999868 ], [ 37.329048157000159, -1.101578950999965 ], [ 37.329021453000053, -1.10154056499988 ], [ 37.32875442500017, -1.101135610999961 ], [ 37.328685760000099, -1.1010867359999 ], [ 37.32859420800014, -1.101019024999971 ], [ 37.328548431000172, -1.10098707599991 ], [ 37.328224182999975, -1.100751399999865 ], [ 37.328121186000089, -1.100705146999928 ], [ 37.327571870000099, -1.100455760999921 ], [ 37.327281951000032, -1.10020017599993 ], [ 37.327068329000099, -1.100012420999917 ], [ 37.32699585000006, -1.099929331999874 ], [ 37.326656342000035, -1.099539517999972 ], [ 37.326602937000132, -1.099059700999874 ], [ 37.326595307000048, -1.098977923999939 ], [ 37.326595307000048, -1.09841918799998 ], [ 37.326595307000048, -1.098248957999942 ], [ 37.326595307000048, -1.098061680999876 ], [ 37.32650375500009, -1.097724197999923 ], [ 37.326408386000139, -1.097367166999959 ], [ 37.326389312000117, -1.097293257999979 ], [ 37.326034545000027, -1.096849798999813 ], [ 37.32511901800018, -1.096350550999887 ], [ 37.32372665500003, -1.09559273799988 ], [ 37.322978972000044, -1.095185756999967 ], [ 37.322921752000127, -1.095154762999869 ], [ 37.322399140000016, -1.094869493999909 ], [ 37.322162629000104, -1.094706653999935 ], [ 37.321773528000165, -1.094442486999924 ], [ 37.321311951000041, -1.094125986999927 ], [ 37.320713043000069, -1.093716859999915 ], [ 37.320560456000123, -1.093710302999909 ], [ 37.32017898600003, -1.09369361399996 ], [ 37.32003402700019, -1.093687295999871 ], [ 37.319324493000124, -1.09365773199994 ], [ 37.318706512000063, -1.093243955999981 ], [ 37.318546295000033, -1.093000888999939 ], [ 37.318260193000128, -1.092564105999941 ], [ 37.318088531000171, -1.09228861299988 ], [ 37.317817688000048, -1.09185469099998 ], [ 37.317760468000131, -1.091440915999897 ], [ 37.31772613600009, -1.091147779999915 ], [ 37.317714691000162, -1.091037511999957 ], [ 37.31769943200004, -1.090918540999951 ], [ 37.317668916000173, -1.090642928999955 ], [ 37.317504883000026, -1.090274453999939 ], [ 37.317432404000158, -1.09011089899991 ], [ 37.316398621000133, -1.089460610999936 ], [ 37.315662384000063, -1.088914394999961 ], [ 37.315631866000047, -1.088891863999947 ], [ 37.315364838000107, -1.088692186999936 ], [ 37.315010071000188, -1.088366984999936 ], [ 37.314296723000155, -1.087179183999979 ], [ 37.314132690000122, -1.086960673999954 ], [ 37.313564301000099, -1.086194992999935 ], [ 37.313442230000021, -1.086032032999924 ], [ 37.31337738000019, -1.08593392299997 ], [ 37.312896729000101, -1.085218666999879 ], [ 37.312744140000177, -1.084991811999942 ], [ 37.312232971000071, -1.084229110999956 ], [ 37.311969756000053, -1.083906530999911 ], [ 37.310901641000044, -1.082603453999923 ], [ 37.310485839000137, -1.08229315199992 ], [ 37.309867858000075, -1.081835030999969 ], [ 37.308891297000173, -1.081391572999962 ], [ 37.308780670000147, -1.081359265999936 ], [ 37.30814743000019, -1.081172107999976 ], [ 37.307888030000186, -1.081096053999829 ], [ 37.307426453000119, -1.080973147999941 ], [ 37.306999206, -1.080859659999874 ], [ 37.306674958000031, -1.080584882999972 ], [ 37.305816650000054, -1.079854725999951 ], [ 37.304866791000052, -1.078952430999834 ], [ 37.304634094999983, -1.078731535999964 ], [ 37.304496766000113, -1.078619957999933 ], [ 37.303573608000079, -1.077874422999969 ], [ 37.303318022999974, -1.0775548229999 ], [ 37.303100586000028, -1.077283262999913 ], [ 37.302890778000062, -1.076603412999873 ], [ 37.302780151000093, -1.076267242999961 ], [ 37.302745819000108, -1.076168655999879 ], [ 37.302684784000121, -1.075982688999943 ], [ 37.302616120000096, -1.075810550999847 ], [ 37.302520751000088, -1.075564503999829 ], [ 37.302417756000011, -1.075302957999952 ], [ 37.301769256, -1.074534415999949 ], [ 37.301452636000135, -1.074276326999893 ], [ 37.300479888000098, -1.073480724999968 ], [ 37.299697876000039, -1.072842359999925 ], [ 37.299423218000072, -1.072616098999958 ], [ 37.299346925000066, -1.072554110999874 ], [ 37.298984528000176, -1.072208641999964 ], [ 37.298694611000087, -1.071933388999923 ], [ 37.298580169000047, -1.071846007999909 ], [ 37.298557281000114, -1.071827768999924 ], [ 37.298046111000076, -1.071430920999944 ], [ 37.297100067000144, -1.071105837999937 ], [ 37.296947480000028, -1.071046589999924 ], [ 37.296615602000088, -1.070918081999935 ], [ 37.296226501000149, -1.070767401999944 ], [ 37.296161651000091, -1.070740580999939 ], [ 37.296115876000158, -1.070716857999912 ], [ 37.295921327000144, -1.070620535999922 ], [ 37.295658112000126, -1.070488571999931 ], [ 37.295562745000097, -1.070440768999902 ], [ 37.295413971000073, -1.070366978999914 ], [ 37.294734954000091, -1.070189594999817 ], [ 37.294506073000093, -1.070175289999952 ], [ 37.29426193200004, -1.070160030999944 ], [ 37.29406356700008, -1.070165871999961 ], [ 37.293216705000191, -1.070190787999934 ], [ 37.293025971000191, -1.070196389999921 ], [ 37.292934417000083, -1.070199130999868 ], [ 37.292446136000081, -1.070213436999836 ], [ 37.292251587000067, -1.070219158999862 ], [ 37.291275024000186, -1.070219158999862 ], [ 37.28988647400007, -1.069953083999962 ], [ 37.288764954000158, -1.069657562999851 ], [ 37.28815841800008, -1.069547532999877 ], [ 37.287788391000106, -1.069480179999914 ], [ 37.287345887000072, -1.069243787999881 ], [ 37.286960602000079, -1.068800449999969 ], [ 37.2867469790001, -1.068625926999914 ], [ 37.286487580000028, -1.068416236999894 ], [ 37.285808563000046, -1.068179725999869 ], [ 37.285655976000157, -1.068145274999949 ], [ 37.284866334000185, -1.067964433999975 ], [ 37.284774780000077, -1.067943214999843 ], [ 37.284473420000154, -1.067775726999912 ], [ 37.283767700000055, -1.067381738999927 ], [ 37.283554077000019, -1.067076563999876 ], [ 37.283298493000189, -1.066714882999975 ], [ 37.283206939000081, -1.066583633999869 ], [ 37.283123017000094, -1.066472053999973 ], [ 37.283096313000158, -1.066436289999956 ], [ 37.282646180000143, -1.065844773999856 ], [ 37.282451630000025, -1.065668700999936 ], [ 37.282024383000135, -1.065283177999845 ], [ 37.281921386000022, -1.065247415999977 ], [ 37.281433105000076, -1.065076230999864 ], [ 37.280815124000185, -1.065076230999864 ], [ 37.28036880500008, -1.065076230999864 ], [ 37.280204773000037, -1.065080403999957 ], [ 37.279876710000167, -1.065088868999908 ], [ 37.279216766000104, -1.065105794999909 ], [ 37.278827668000019, -1.065167306999911 ], [ 37.278396606000058, -1.065235137999935 ], [ 37.278041839000139, -1.065290927999968 ], [ 37.277843475000054, -1.06532251699997 ], [ 37.277530670000033, -1.065371869999979 ], [ 37.277320862000067, -1.065404415999922 ], [ 37.27681732200017, -1.065482974999952 ], [ 37.275924681999982, -1.065622568999856 ], [ 37.275367736000135, -1.065708994999966 ], [ 37.275257111000087, -1.065726518999952 ], [ 37.274971008000136, -1.065755009999975 ], [ 37.274871826000094, -1.065786838999941 ], [ 37.274585724000076, -1.065885305999927 ], [ 37.274433135000152, -1.06593763799998 ], [ 37.274105072000111, -1.066051601999902 ], [ 37.274051667000037, -1.066075204999891 ], [ 37.273303985000155, -1.066406367999946 ], [ 37.272388459000069, -1.066524505999951 ], [ 37.270759583000142, -1.066524505999951 ], [ 37.270713806000174, -1.066524505999951 ], [ 37.270614624000132, -1.066524505999951 ], [ 37.268043518000184, -1.066524505999951 ], [ 37.267688751000037, -1.066524505999951 ], [ 37.266387940000186, -1.066524505999951 ], [ 37.265880584000115, -1.066579580999814 ], [ 37.265296937000073, -1.066642760999969 ], [ 37.265129089000027, -1.066694855999913 ], [ 37.26435089, -1.066938399999913 ], [ 37.264125824000075, -1.06701993899992 ], [ 37.26399993900003, -1.067064760999813 ], [ 37.263713837000182, -1.067168235999929 ], [ 37.263439179000159, -1.067267060999939 ], [ 37.26254654000013, -1.067588567999962 ], [ 37.261203765000118, -1.068288325999958 ], [ 37.260448457000166, -1.068682193999962 ], [ 37.259307861000138, -1.069465040999887 ], [ 37.259078980000083, -1.069621562999885 ], [ 37.258941650999986, -1.069716572999937 ], [ 37.258502961000147, -1.070014356999877 ], [ 37.25811385999998, -1.070278286999951 ], [ 37.257904053000118, -1.070495843999936 ], [ 37.257762909000178, -1.070639848999917 ], [ 37.257366180000133, -1.071051120999869 ], [ 37.25734329200003, -1.071076273999893 ], [ 37.257144927000013, -1.071243761999881 ], [ 37.256645204000165, -1.071663021999939 ], [ 37.255958557000099, -1.072236655999973 ], [ 37.255897521, -1.0722881559999 ], [ 37.255653382000162, -1.072515486999976 ], [ 37.255138397999986, -1.072992920999923 ], [ 37.255069733000084, -1.073056459999975 ], [ 37.254520417000151, -1.073580621999895 ], [ 37.254417419000106, -1.073677300999975 ], [ 37.254310606999979, -1.073728440999957 ], [ 37.253952026999968, -1.073897480999904 ], [ 37.253856658000188, -1.07394325599995 ], [ 37.253742218000127, -1.074038385999927 ], [ 37.253665924000018, -1.074102043999972 ], [ 37.253326416, -1.074386714999889 ], [ 37.253280639000025, -1.07442367099992 ], [ 37.252761842000041, -1.074859618999938 ], [ 37.252735138000105, -1.074874281999826 ], [ 37.252124787000128, -1.07520317999996 ], [ 37.252090453000164, -1.075222372999917 ], [ 37.252029420000156, -1.075255869999978 ], [ 37.251995086000193, -1.075273393999964 ], [ 37.251621246000127, -1.075490115999969 ], [ 37.251228332000153, -1.075716733999968 ], [ 37.251190186000031, -1.075731872999881 ], [ 37.25112533500004, -1.075757383999871 ], [ 37.251010894999979, -1.075839637999934 ], [ 37.25082397400007, -1.075971125999899 ], [ 37.250568389000136, -1.07622671099989 ], [ 37.250530242000139, -1.076286792999895 ], [ 37.250511169000049, -1.076315164999926 ], [ 37.250488280000184, -1.076356053999859 ], [ 37.250457764000146, -1.076404213999922 ], [ 37.250362397000174, -1.076559780999844 ], [ 37.250270843000067, -1.076807974999952 ], [ 37.250232696000182, -1.076921580999908 ], [ 37.250205994000112, -1.076990603999946 ], [ 37.250061035000101, -1.077349542999968 ], [ 37.249919891000161, -1.077564953999968 ], [ 37.249641418000124, -1.077653526999939 ], [ 37.249603271000069, -1.077665447999948 ], [ 37.249130249000189, -1.077665447999948 ], [ 37.249095917000034, -1.077653526999939 ], [ 37.248836518000132, -1.077558992999911 ], [ 37.248497009000175, -1.077435731999913 ], [ 37.248149871000066, -1.077177404999873 ], [ 37.248008729000105, -1.077070712999841 ], [ 37.247917175000168, -1.077002046999951 ], [ 37.247863770000095, -1.076961874999881 ], [ 37.24716186500001, -1.076502440999889 ], [ 37.246585845000141, -1.076243876999968 ], [ 37.246170043000063, -1.076229570999942 ], [ 37.245941162000179, -1.076308726999855 ], [ 37.245670319000055, -1.076401828999906 ], [ 37.245452882000109, -1.076542377999886 ], [ 37.24539565900011, -1.07657790199994 ], [ 37.245182037000177, -1.076717733999942 ], [ 37.244762420000029, -1.077004909999971 ], [ 37.244747161000078, -1.077029347999883 ], [ 37.244491577000076, -1.077392577999888 ], [ 37.244461060000106, -1.077449082999976 ], [ 37.244323731000065, -1.07769131699996 ], [ 37.244232177000129, -1.077852128999837 ], [ 37.244033813000044, -1.078069566999886 ], [ 37.243915557000037, -1.078196762999937 ], [ 37.243541716999971, -1.078239797999913 ], [ 37.243301390999989, -1.078107713999941 ], [ 37.243026733000193, -1.077954648999878 ], [ 37.242996217000155, -1.077938197999913 ], [ 37.242107392000094, -1.077277779999918 ], [ 37.241664887000127, -1.076919435999912 ], [ 37.241275788000166, -1.076602935999858 ], [ 37.240829468000186, -1.076330065999912 ], [ 37.240570068000068, -1.076230645999942 ], [ 37.24050903300008, -1.076206444999912 ], [ 37.24036788900014, -1.076154589999874 ], [ 37.240219117000038, -1.076125978999926 ], [ 37.239795684000114, -1.076042889999883 ], [ 37.239524841000161, -1.075965880999888 ], [ 37.23919296300005, -1.075870633999841 ], [ 37.238780974000179, -1.075711368999976 ], [ 37.238117218000127, -1.075454234999938 ], [ 37.237464905000081, -1.07515454299994 ], [ 37.236679078000179, -1.074793695999972 ], [ 37.236244203000183, -1.074613212999964 ], [ 37.23557662900015, -1.074335693999956 ], [ 37.234821319000048, -1.074022889999981 ], [ 37.234569549000128, -1.073917864999828 ], [ 37.233894348000149, -1.073616145999893 ], [ 37.233448029000101, -1.073482989999889 ], [ 37.233356475000164, -1.07345795599997 ], [ 37.233207703000119, -1.073451995999903 ], [ 37.232299805000139, -1.073415278999903 ], [ 37.230545043000063, -1.073557137999899 ], [ 37.228569031000177, -1.073716759999968 ], [ 37.228324889000191, -1.073800563999896 ], [ 37.228107452000074, -1.073874592999971 ], [ 37.228000641000051, -1.073943613999916 ], [ 37.227958679000096, -1.073971032999964 ], [ 37.227405548999968, -1.074333428999921 ], [ 37.227073670000152, -1.074549674999957 ], [ 37.226772309000182, -1.07478582799996 ], [ 37.226737975000162, -1.074814676999949 ], [ 37.225177764000136, -1.076042889999883 ], [ 37.224998474000074, -1.076193093999962 ], [ 37.224922180000135, -1.076258301999928 ], [ 37.224346160000096, -1.076401828999906 ], [ 37.224174500000061, -1.076453685999923 ], [ 37.223873138000044, -1.076545475999978 ], [ 37.222774506000064, -1.076711892999924 ], [ 37.222736360000113, -1.076717733999942 ], [ 37.222084045000031, -1.076769708999961 ], [ 37.219638825000061, -1.07696378299994 ], [ 37.219120025000109, -1.077004909999971 ], [ 37.214672089000146, -1.07712542999991 ], [ 37.213821412000186, -1.077148555999884 ], [ 37.213378906000173, -1.077188847999935 ], [ 37.213348388000156, -1.077191590999973 ], [ 37.213237762000063, -1.077228426999909 ], [ 37.213115692000088, -1.077268838999885 ], [ 37.213001251000094, -1.077306388999887 ], [ 37.212936401000093, -1.07733511999993 ], [ 37.212772370000096, -1.077407000999926 ], [ 37.212322235000045, -1.077578783999968 ], [ 37.212097169000117, -1.077665447999948 ], [ 37.211994171000072, -1.07770526499985 ], [ 37.211322785000164, -1.07796692699992 ], [ 37.21054840100004, -1.078512549999857 ], [ 37.209579468000072, -1.079478262999885 ], [ 37.209239960000048, -1.079819201999953 ], [ 37.207981109000059, -1.081055401999947 ], [ 37.20776367100018, -1.081269501999884 ], [ 37.206115723000096, -1.082617282999934 ], [ 37.205535889000089, -1.083093046999863 ], [ 37.204853057000037, -1.083857773999966 ], [ 37.204727173000094, -1.083998799999904 ], [ 37.204631806000123, -1.084106802999884 ], [ 37.203624725000054, -1.085232377999944 ], [ 37.203514099000131, -1.08540809099992 ], [ 37.203235626000094, -1.085857509999869 ], [ 37.203174591000106, -1.085957763999943 ], [ 37.203151702000071, -1.085993407999922 ], [ 37.202934265000124, -1.086282611999877 ], [ 37.202701569000055, -1.086594343999934 ], [ 37.202476501000035, -1.086898087999941 ], [ 37.202259062999985, -1.087226867999959 ], [ 37.202033997000058, -1.087572931999887 ], [ 37.201313019000054, -1.088333844999966 ], [ 37.200996399000189, -1.08846449899994 ], [ 37.200653075000162, -1.088606715999958 ], [ 37.200531007000052, -1.088653325999928 ], [ 37.20033645500007, -1.088729976999957 ], [ 37.200134278000178, -1.088807582999891 ], [ 37.200023651000151, -1.088850854999919 ], [ 37.199771881000117, -1.088947771999869 ], [ 37.199245454000163, -1.089044808999972 ], [ 37.199119568000015, -1.089067934999946 ], [ 37.198936462000177, -1.08910071899993 ], [ 37.198738098000092, -1.08913695799987 ], [ 37.198463440000126, -1.089245557999902 ], [ 37.198429108000084, -1.089259863999928 ], [ 37.198074342000041, -1.089402794999955 ], [ 37.197914124000135, -1.089466452999886 ], [ 37.197093963000043, -1.089816449999887 ], [ 37.195812226000101, -1.090363859999968 ], [ 37.19473266500006, -1.090975521999951 ], [ 37.194450379000159, -1.091135738999981 ], [ 37.193111419000047, -1.091955064999979 ], [ 37.19269180200007, -1.092212556999925 ], [ 37.19234466600011, -1.092576383999813 ], [ 37.192302703999985, -1.092618703999847 ], [ 37.191913605000025, -1.093024610999862 ], [ 37.190734863000046, -1.094581722999976 ], [ 37.190361023000037, -1.095257401999959 ], [ 37.190052033000029, -1.095820068999956 ], [ 37.190036773000031, -1.095863700999928 ], [ 37.190010071000131, -1.095928906999973 ], [ 37.189811707000047, -1.096441507999941 ], [ 37.189697266000053, -1.096738933999973 ], [ 37.189636231000065, -1.096899031999953 ], [ 37.189353943000185, -1.09763288399995 ], [ 37.189182282000104, -1.098250507999978 ], [ 37.188976288000106, -1.098978996999961 ], [ 37.188922883000032, -1.099635839999848 ], [ 37.188903809000067, -1.099858402999871 ], [ 37.188903809000067, -1.099953292999885 ], [ 37.188903809000067, -1.100280760999908 ], [ 37.188903809000067, -1.100684046999959 ], [ 37.188899994, -1.100849151999967 ], [ 37.188888549000069, -1.101367830999891 ], [ 37.188884735999977, -1.101653336999959 ], [ 37.18884658900015, -1.101818799999876 ], [ 37.188705445000153, -1.102425097999969 ], [ 37.188526154000158, -1.102980256999899 ], [ 37.188472747000105, -1.103142976999948 ], [ 37.187896728000112, -1.103950739999902 ], [ 37.18744277900015, -1.104247568999938 ], [ 37.187107085000093, -1.10446941899994 ], [ 37.18689727800006, -1.104607582999961 ], [ 37.18674850400015, -1.104704617999914 ], [ 37.186542511000084, -1.10480201199988 ], [ 37.186252593000063, -1.104938625999921 ], [ 37.186180114000024, -1.104972599999883 ], [ 37.185771943000077, -1.105277776999912 ], [ 37.185745239000028, -1.105296014999908 ], [ 37.185459138000056, -1.105512142999942 ], [ 37.184825898000099, -1.105801938999946 ], [ 37.184398651000151, -1.105996845999925 ], [ 37.183544158000075, -1.106189369999925 ], [ 37.183036804000039, -1.106303809999929 ], [ 37.182964326000047, -1.106319785999972 ], [ 37.18196487400013, -1.106621144999963 ], [ 37.181831360000103, -1.10666084199994 ], [ 37.181716918000063, -1.106722831999946 ], [ 37.180934906000175, -1.1071454289999 ], [ 37.180725099000142, -1.107320189999882 ], [ 37.180225372999985, -1.107733964999909 ], [ 37.180198669000106, -1.107755779999877 ], [ 37.18012619100017, -1.107818840999926 ], [ 37.18009567200005, -1.107846379999899 ], [ 37.180011750000176, -1.107917785999973 ], [ 37.179817199000183, -1.108085870999901 ], [ 37.179725647000055, -1.108165501999849 ], [ 37.179515839000089, -1.108348010999919 ], [ 37.17897796699998, -1.108976244999951 ], [ 37.178173064000134, -1.110001085999954 ], [ 37.177989960000048, -1.110232591999818 ], [ 37.176841737000188, -1.111614583999938 ], [ 37.175945282000157, -1.112440227999969 ], [ 37.175514222, -1.113086342999964 ], [ 37.175388336000083, -1.113373993999858 ], [ 37.175422668000067, -1.113479970999833 ], [ 37.175514222, -1.113633155999878 ], [ 37.175544739000145, -1.113683580999975 ], [ 37.175624847000051, -1.113825201999873 ], [ 37.175693513000056, -1.113949297999852 ], [ 37.175907135000102, -1.114323495999884 ], [ 37.176841737000188, -1.115885018999961 ], [ 37.177669525000113, -1.117141365999885 ], [ 37.178043366000054, -1.117949007999925 ], [ 37.178279877000136, -1.118595240999923 ], [ 37.178401947000111, -1.119367001999933 ], [ 37.178691864000029, -1.120748996999964 ], [ 37.179195404000154, -1.122489928999869 ], [ 37.179748535000158, -1.123243808999973 ], [ 37.180198669000106, -1.123513101999947 ], [ 37.18089675900012, -1.12365663099996 ], [ 37.181438447000176, -1.123782276999862 ], [ 37.181705475000058, -1.12396156799997 ], [ 37.181724548000147, -1.124428391999857 ], [ 37.181724548000147, -1.127156494999895 ], [ 37.182029725000064, -1.127784728999927 ], [ 37.182460785000046, -1.127874492999979 ], [ 37.183124541000097, -1.127928255999961 ], [ 37.183715821000135, -1.127910374999828 ], [ 37.184379578000119, -1.128071904999956 ], [ 37.184936524000193, -1.128394959999866 ], [ 37.186031342000149, -1.12968719099996 ], [ 37.186588288000053, -1.130728244999943 ], [ 37.186859131000176, -1.131410240999969 ], [ 37.186927794999974, -1.132056354999918 ], [ 37.186786653000013, -1.132702588999962 ], [ 37.186283112000012, -1.133276938999927 ], [ 37.186069489000033, -1.133599996999919 ], [ 37.186012269000116, -1.133670091999875 ], [ 37.186031342000149, -1.133690952999928 ], [ 37.186588288000053, -1.134732006999968 ], [ 37.186859131000176, -1.135414003999927 ], [ 37.186874389000025, -1.135553597999944 ], [ 37.186916351000093, -1.135937333999891 ], [ 37.186923981, -1.136037945999931 ], [ 37.186874389000025, -1.136302232999981 ], [ 37.186790466000105, -1.136692046999883 ], [ 37.186283112000012, -1.137280701999941 ], [ 37.186092378000069, -1.137568354999928 ], [ 37.186069489000033, -1.137603758999944 ], [ 37.186023712000065, -1.137660621999942 ], [ 37.185119629000155, -1.138794659999974 ], [ 37.185081482999976, -1.138842104999981 ], [ 37.184963227000139, -1.139030098999967 ], [ 37.184837341000048, -1.139223574999903 ], [ 37.184192656000107, -1.140238879999913 ], [ 37.18411255, -1.1403613089999 ], [ 37.184383393000132, -1.140588283999932 ], [ 37.184524537000073, -1.140707491999933 ], [ 37.18513488800005, -1.141102312999919 ], [ 37.18529510500008, -1.141515134999906 ], [ 37.185401916000103, -1.141999719999944 ], [ 37.185367584000119, -1.142663835999826 ], [ 37.184974670000145, -1.143776655999886 ], [ 37.184616089000031, -1.14432477899993 ], [ 37.184463501000039, -1.144555806999961 ], [ 37.184421539000084, -1.144623517999946 ], [ 37.183517457000107, -1.146002292999924 ], [ 37.182621002000076, -1.147438049999948 ], [ 37.181545257000153, -1.148981569999933 ], [ 37.180934906000175, -1.150076508999973 ], [ 37.180717468000125, -1.150614976999918 ], [ 37.180648803000054, -1.151476381999942 ], [ 37.18059539800015, -1.152050733999943 ], [ 37.180862427000136, -1.1531276689999 ], [ 37.181068420000031, -1.153815030999908 ], [ 37.181110382000156, -1.15395998799994 ], [ 37.181125640000175, -1.154011487999924 ], [ 37.181167602000073, -1.154150724999965 ], [ 37.181690216000163, -1.155030250999914 ], [ 37.18235397300009, -1.156071184999973 ], [ 37.18251419000012, -1.157040357999961 ], [ 37.182533264000085, -1.15858399799987 ], [ 37.182296753000173, -1.159750579999979 ], [ 37.182239532000153, -1.159857271999897 ], [ 37.18235397300009, -1.160074949999967 ], [ 37.182395934999988, -1.160321830999976 ], [ 37.182476043000065, -1.160820601999944 ], [ 37.18251419000012, -1.161044119999872 ], [ 37.182525635000104, -1.161949752999931 ], [ 37.182533264000085, -1.162587761999873 ], [ 37.182483674000082, -1.162833451999973 ], [ 37.182300568000187, -1.163729547999935 ], [ 37.182235717000083, -1.163866161999977 ], [ 37.18202209500015, -1.164267778999886 ], [ 37.18188476600011, -1.164526105999926 ], [ 37.181274414000029, -1.165423512999951 ], [ 37.181221009000126, -1.165482757999939 ], [ 37.180999756000062, -1.165728926999975 ], [ 37.180717468000125, -1.166044353999951 ], [ 37.180667876000143, -1.166101454999875 ], [ 37.180423737000069, -1.166317104999962 ], [ 37.180118560000153, -1.166586517999974 ], [ 37.179943085000104, -1.166738509999959 ], [ 37.179794312000126, -1.166871665999963 ], [ 37.179615022000064, -1.167028067999922 ], [ 37.17937851, -1.167236922999962 ], [ 37.179317475, -1.167290209999919 ], [ 37.179115296000077, -1.167419313999972 ], [ 37.178539276000038, -1.167784332999872 ], [ 37.177597045000141, -1.168385028999921 ], [ 37.176429748000089, -1.169155954999951 ], [ 37.175674439000034, -1.169856785999912 ], [ 37.174850463999974, -1.170556663999946 ], [ 37.174114227000075, -1.171382426999969 ], [ 37.173938751000151, -1.171648263999941 ], [ 37.173786164000035, -1.171875476999958 ], [ 37.173503875000051, -1.172297596999897 ], [ 37.173286438000105, -1.172640323999929 ], [ 37.173038483000084, -1.173033594999879 ], [ 37.172904967000079, -1.173263429999963 ], [ 37.172512054000151, -1.173937319999936 ], [ 37.17197799600018, -1.174936175999903 ], [ 37.171928406000177, -1.175049185999853 ], [ 37.171886444000052, -1.17514050099993 ], [ 37.171836852000069, -1.175252913999941 ], [ 37.171745300000111, -1.175456642999904 ], [ 37.171169281000175, -1.176228403999971 ], [ 37.17094040000012, -1.176509259999932 ], [ 37.170898438000052, -1.176560639999934 ], [ 37.170757294000055, -1.176730989999896 ], [ 37.170619965000185, -1.176965831999894 ], [ 37.170558930000027, -1.177071928999965 ], [ 37.170398712000065, -1.177433727999869 ], [ 37.170310973000028, -1.177628396999921 ], [ 37.170093536000024, -1.178256511999905 ], [ 37.170028687000126, -1.178542136999852 ], [ 37.169982910000158, -1.17874073899992 ], [ 37.169914245000029, -1.179028390999918 ], [ 37.16989898700001, -1.179120421999926 ], [ 37.169841766000161, -1.179477095999914 ], [ 37.169689179000102, -1.180152892999899 ], [ 37.169681549000131, -1.180194972999914 ], [ 37.16950988800005, -1.18049955399988 ], [ 37.169357301000161, -1.180769323999925 ], [ 37.169250488000102, -1.180874823999943 ], [ 37.168407439000077, -1.181720613999914 ], [ 37.168228150000061, -1.181907057999979 ], [ 37.167995452000184, -1.182153343999857 ], [ 37.167785645000151, -1.182371496999963 ], [ 37.167671204000158, -1.182492374999924 ], [ 37.167259215000115, -1.183138489999919 ], [ 37.167026519000046, -1.183497429999932 ], [ 37.16670227100019, -1.184305189999975 ], [ 37.166568756000061, -1.184819339999819 ], [ 37.166522981000128, -1.184987186999933 ], [ 37.166442872000175, -1.185322402999873 ], [ 37.166416168000069, -1.185435890999941 ], [ 37.166385652000031, -1.185524701999896 ], [ 37.166278838999972, -1.185844181999869 ], [ 37.166198731000122, -1.18597602799997 ], [ 37.165966034000121, -1.186333297999852 ], [ 37.165664673000151, -1.186665772999902 ], [ 37.165584564000028, -1.186753271999976 ], [ 37.165462494000053, -1.186889648999966 ], [ 37.164913178000063, -1.187337516999889 ], [ 37.164672852000081, -1.187534093999886 ], [ 37.164295196000069, -1.187840937999965 ], [ 37.163776397000049, -1.188415287999874 ], [ 37.163627625000174, -1.188549518999878 ], [ 37.163200378000113, -1.188935756999967 ], [ 37.163078309000014, -1.189108609999892 ], [ 37.163055421000081, -1.189137218999861 ], [ 37.162837983000031, -1.189442633999818 ], [ 37.162788391000049, -1.189513921999946 ], [ 37.162700654000162, -1.189635752999891 ], [ 37.16230392500006, -1.190263151999943 ], [ 37.161838531000114, -1.190796136999893 ], [ 37.161567688, -1.191103575999932 ], [ 37.161548615000129, -1.191125511999871 ], [ 37.161369324000134, -1.191236494999828 ], [ 37.16117477500012, -1.191358804999822 ], [ 37.160758973000156, -1.191484450999894 ], [ 37.160366057000147, -1.191538333999915 ], [ 37.160022736000087, -1.191561817999911 ], [ 37.159870147000163, -1.191572187999952 ], [ 37.159660339000027, -1.191586493999921 ], [ 37.159576415000174, -1.191592096999955 ], [ 37.158973694000167, -1.191592096999955 ], [ 37.158855439000035, -1.191592096999955 ], [ 37.158805847, -1.191592096999955 ], [ 37.157711028000108, -1.191743730999974 ], [ 37.157638550000172, -1.191753625999979 ], [ 37.157398223000087, -1.19183754799991 ], [ 37.156974793000018, -1.191987037999922 ], [ 37.156539918000192, -1.192168593999952 ], [ 37.156417847000171, -1.192220330999874 ], [ 37.156131744, -1.192463159999875 ], [ 37.156059265000124, -1.192525385999886 ], [ 37.155735015000118, -1.192956207999828 ], [ 37.155590058000143, -1.193168997999919 ], [ 37.155582428000059, -1.193253636999941 ], [ 37.155574798000089, -1.193340538999905 ], [ 37.155536651000091, -1.193781851999915 ], [ 37.155536651000091, -1.194446802999948 ], [ 37.155536651000091, -1.194481849999931 ], [ 37.155822754000042, -1.195420025999852 ], [ 37.155883790000075, -1.195614456999863 ], [ 37.155986787000188, -1.195940494999945 ], [ 37.15600586000005, -1.196007370999951 ], [ 37.156017303000056, -1.196044564999909 ], [ 37.15605545000011, -1.196192024999959 ], [ 37.156253815000071, -1.196905732999937 ], [ 37.156921386000135, -1.198245167999914 ], [ 37.157257079000146, -1.198948978999965 ], [ 37.157493590000058, -1.199447631999931 ], [ 37.158229827000127, -1.200668096999948 ], [ 37.159164428000111, -1.20197832599996 ], [ 37.159557342000141, -1.202678322999816 ], [ 37.159648896000078, -1.202929614999903 ], [ 37.159641266000108, -1.202990055999919 ], [ 37.159648896000078, -1.203252672999895 ], [ 37.159484863000046, -1.203575730999887 ], [ 37.159252166999977, -1.20371937699997 ], [ 37.15891265900018, -1.203737257999933 ], [ 37.158515930000078, -1.203755258999934 ], [ 37.15787124600007, -1.203862903999948 ], [ 37.15726470900006, -1.203970311999967 ], [ 37.156452179000155, -1.204114197999957 ], [ 37.156059265000124, -1.204257844999859 ], [ 37.155483246000188, -1.204437255999949 ], [ 37.154800414000192, -1.204939841999874 ], [ 37.15385055500019, -1.205819247999898 ], [ 37.153133393000189, -1.206591128999889 ], [ 37.152935029000105, -1.207021831999953 ], [ 37.152790070000094, -1.20745265499994 ], [ 37.152786255000024, -1.207529782999927 ], [ 37.152774810999972, -1.207653641999968 ], [ 37.152759551000145, -1.207919478999941 ], [ 37.152770996000129, -1.207959532999894 ], [ 37.152954101999967, -1.208493590999922 ], [ 37.153617859000121, -1.208762763999914 ], [ 37.154209136000077, -1.208762763999914 ], [ 37.154441834000181, -1.208833813999945 ], [ 37.154911042000094, -1.20897817599996 ], [ 37.155246735000048, -1.209198236999953 ], [ 37.155376434000061, -1.209283350999897 ], [ 37.155860901000096, -1.20976793799997 ], [ 37.155986787000188, -1.210396169999967 ], [ 37.155979157000104, -1.210437536999905 ], [ 37.155879974000129, -1.211006403999932 ], [ 37.155284882000103, -1.213160156999948 ], [ 37.155185699000185, -1.213362811999957 ], [ 37.155052186000034, -1.213626861999956 ], [ 37.154891968000129, -1.214093445999822 ], [ 37.154891968000129, -1.214171051999926 ], [ 37.154891968000129, -1.214739560999874 ], [ 37.154918670000029, -1.214971541999887 ], [ 37.154956819000063, -1.215321898999946 ], [ 37.155044555000188, -1.216176270999938 ], [ 37.15505981400014, -1.216214417999879 ], [ 37.155090332000157, -1.216431020999948 ], [ 37.155178069000044, -1.217019080999933 ], [ 37.155181884000115, -1.21709644699996 ], [ 37.155189515000131, -1.217208384999878 ], [ 37.155208588, -1.217483161999951 ], [ 37.155212403000064, -1.217571733999932 ], [ 37.155212403000064, -1.217608212999949 ], [ 37.155216216000099, -1.217657922999933 ], [ 37.155181884000115, -1.217786788999945 ], [ 37.155090332000157, -1.218119739999963 ], [ 37.154708862000064, -1.218790768999895 ], [ 37.154407501000094, -1.21932220399998 ], [ 37.15398788400006, -1.219956515999968 ], [ 37.15380478000003, -1.220229982999967 ], [ 37.153736114000026, -1.220333695999841 ], [ 37.153381347000106, -1.220867752999879 ], [ 37.153312684000184, -1.220973490999938 ], [ 37.152477265000073, -1.222029447999887 ], [ 37.152305602000183, -1.22224783799993 ], [ 37.151927947000104, -1.222668767999949 ], [ 37.151821137000127, -1.222786187999816 ], [ 37.151500702000192, -1.223037479999903 ], [ 37.150890351000044, -1.223287343999971 ], [ 37.150810242000091, -1.223319530999959 ], [ 37.150352478, -1.223373530999936 ], [ 37.149650573000145, -1.223450301999947 ], [ 37.146526336000193, -1.223460674999842 ], [ 37.144622802000072, -1.223466992999931 ], [ 37.144210815000179, -1.223468302999947 ], [ 37.143653869000104, -1.223487615999943 ], [ 37.142559051000092, -1.223525642999959 ], [ 37.142147064000028, -1.22354006799992 ], [ 37.141815185000041, -1.223565696999913 ], [ 37.141448976000163, -1.223593950999941 ], [ 37.140983581000114, -1.223749160999887 ], [ 37.140586853000173, -1.223881124999878 ], [ 37.140388489000088, -1.224101184999881 ], [ 37.140281676000029, -1.224222062999957 ], [ 37.140197754000042, -1.224325775999944 ], [ 37.140048980000188, -1.224510073999966 ], [ 37.139904023000156, -1.224688767999851 ], [ 37.139751434000061, -1.225032805999888 ], [ 37.139705659000072, -1.225281834999976 ], [ 37.139690399000074, -1.225401877999957 ], [ 37.139671325000108, -1.225514410999949 ], [ 37.139636993000067, -1.225703834999877 ], [ 37.139629363000154, -1.225748776999978 ], [ 37.139526368000077, -1.226357935999943 ], [ 37.139362335000101, -1.226702451999927 ], [ 37.139331817000084, -1.226770757999873 ], [ 37.139263153000059, -1.226858615999959 ], [ 37.139209747999985, -1.226928352999948 ], [ 37.13913345300017, -1.227023839999958 ], [ 37.138957977000018, -1.227247834999844 ], [ 37.138881683000136, -1.227345108999884 ], [ 37.138252258000193, -1.227937339999869 ], [ 37.137260437000123, -1.229197025999895 ], [ 37.137134551000145, -1.229397177999942 ], [ 37.137054443000125, -1.229527115999872 ], [ 37.136837005000075, -1.229875802999857 ], [ 37.136669159, -1.230098605999899 ], [ 37.136646271000075, -1.23012947999996 ], [ 37.136352539000143, -1.230521917999852 ], [ 37.135848999000189, -1.23093378499982 ], [ 37.134880066000051, -1.231275795999977 ], [ 37.134822845000031, -1.23128640699997 ], [ 37.134670258000085, -1.231313824999916 ], [ 37.133983611000019, -1.231437325999934 ], [ 37.133132934000116, -1.23154067899992 ], [ 37.132724762000066, -1.231589912999937 ], [ 37.132652283000027, -1.231598853999969 ], [ 37.132316590000073, -1.231598853999969 ], [ 37.13190078800011, -1.231598853999969 ], [ 37.131305695000151, -1.231598853999969 ], [ 37.131134033000194, -1.231569169999887 ], [ 37.130268097000112, -1.231419324999933 ], [ 37.130020142000092, -1.231368422999878 ], [ 37.129920960000049, -1.231348514999922 ], [ 37.129566192000027, -1.231275795999977 ], [ 37.129104615000131, -1.23115205799985 ], [ 37.129028321000192, -1.231132148999961 ], [ 37.12859725900006, -1.231024503999947 ], [ 37.127254486000083, -1.230677127999968 ], [ 37.127071380000189, -1.230629682999961 ], [ 37.127014160000101, -1.23062741799987 ], [ 37.126605988000051, -1.230611681999903 ], [ 37.12628936800013, -1.230611681999903 ], [ 37.126174927000193, -1.230611681999903 ], [ 37.126102447000051, -1.230611681999903 ], [ 37.12585449200003, -1.230642675999889 ], [ 37.12558365000001, -1.230676292999931 ], [ 37.125541688000112, -1.230681537999885 ], [ 37.125175475999981, -1.230890869999826 ], [ 37.125041962000125, -1.230970621999916 ], [ 37.124973296000178, -1.231061577999981 ], [ 37.124927521000188, -1.231123923999917 ], [ 37.124748231000069, -1.231356859999835 ], [ 37.124702454000101, -1.231419324999933 ], [ 37.124351502000025, -1.231844902999967 ], [ 37.124126434000061, -1.232119320999857 ], [ 37.124103546000129, -1.232143401999963 ], [ 37.123939515000131, -1.232307433999949 ], [ 37.123821260000057, -1.232424019999939 ], [ 37.123786926000037, -1.232460378999917 ], [ 37.123580933000142, -1.232544660999963 ], [ 37.123481751000099, -1.232586024999932 ], [ 37.12288665799997, -1.232627511999965 ], [ 37.122787476000155, -1.232634424999844 ], [ 37.122711183000149, -1.232639789999951 ], [ 37.122421264000025, -1.232580184999961 ], [ 37.12227249200015, -1.232550143999958 ], [ 37.122009277000132, -1.232496260999937 ], [ 37.121810913000047, -1.232489704999864 ], [ 37.121700288000056, -1.232486009999889 ], [ 37.121471405000023, -1.23247825999988 ], [ 37.12139129600007, -1.23247825999988 ], [ 37.121067048000043, -1.23247825999988 ], [ 37.120983124000077, -1.23247825999988 ], [ 37.120952606000174, -1.23247825999988 ], [ 37.120769502000144, -1.232570171999953 ], [ 37.120567322000113, -1.232669828999917 ], [ 37.118717193000066, -1.235213160999933 ], [ 37.11864471500013, -1.235311745999923 ], [ 37.118618011000194, -1.235350011999913 ], [ 37.118549348000101, -1.235716103999891 ], [ 37.118549348000101, -1.235811948999924 ], [ 37.118553161000193, -1.235889434999933 ], [ 37.118560791000107, -1.236259579999853 ], [ 37.11856460600012, -1.236337185999957 ], [ 37.118675231000168, -1.236844301999895 ], [ 37.118789674000084, -1.237358450999977 ], [ 37.118797302000189, -1.237396120999904 ], [ 37.118804932000103, -1.237465143999941 ], [ 37.118835449000073, -1.237678765999931 ], [ 37.118854522000163, -1.237830757999916 ], [ 37.118885041000112, -1.238007425999967 ], [ 37.118892669, -1.238085627999965 ], [ 37.118896484000061, -1.238162755999952 ], [ 37.11891174200008, -1.238220928999965 ], [ 37.11891555700015, -1.23825216299997 ], [ 37.1189460760001, -1.238592146999849 ], [ 37.118988038000168, -1.238868951999905 ], [ 37.119014740000068, -1.239095449999922 ], [ 37.119018555000139, -1.239172935999932 ], [ 37.119068145000142, -1.240441679999947 ], [ 37.119068145000142, -1.2404843569999 ], [ 37.119064332000107, -1.240519046999964 ], [ 37.119064332000107, -1.240581869999971 ], [ 37.11905288600002, -1.241033910999931 ], [ 37.118896484000061, -1.241495251999879 ], [ 37.118743897000115, -1.242074846999969 ], [ 37.118740082000102, -1.242151975999946 ], [ 37.118717193000066, -1.242541788999972 ], [ 37.118713378, -1.242577910999955 ], [ 37.118717193000066, -1.2426053289999 ], [ 37.118721008000136, -1.242773412999952 ], [ 37.118755340000121, -1.243188261999819 ], [ 37.118797302000189, -1.243347643999925 ], [ 37.118896484000061, -1.243793367999956 ], [ 37.118942261000029, -1.243996857999946 ], [ 37.118976593000014, -1.244156836999935 ], [ 37.118976593000014, -1.244232653999973 ], [ 37.118976593000014, -1.24437260499991 ], [ 37.118976593000014, -1.24444615799996 ], [ 37.11897277800017, -1.244894146999911 ], [ 37.11897277800017, -1.244971752999959 ], [ 37.118900299000131, -1.245042560999934 ], [ 37.118492127000081, -1.245440601999917 ], [ 37.118457794000165, -1.245472908999943 ], [ 37.118053437000015, -1.245665549999956 ], [ 37.11798477100001, -1.245698213999901 ], [ 37.117218018000074, -1.246065138999882 ], [ 37.117179871000076, -1.246068358999821 ], [ 37.116397856999981, -1.246134519999941 ], [ 37.116149903000121, -1.246154070999978 ], [ 37.115573883000025, -1.246071338999968 ], [ 37.11531066900011, -1.246033907999902 ], [ 37.115280151999968, -1.246029257999965 ], [ 37.115112304000149, -1.245989322999947 ], [ 37.114109040000073, -1.245749116999946 ], [ 37.114078521000124, -1.245742081999822 ], [ 37.113410950000059, -1.245521903999816 ], [ 37.112998963000166, -1.245386241999938 ], [ 37.112442017000092, -1.245202778999953 ], [ 37.112388611000085, -1.245185732999971 ], [ 37.111988068000073, -1.245013712999935 ], [ 37.111755372, -1.244913457999928 ], [ 37.111431122, -1.24477469899989 ], [ 37.111385345000031, -1.244754909999926 ], [ 37.11121368400012, -1.244699714999911 ], [ 37.110721588000104, -1.244539499999973 ], [ 37.110164642000029, -1.244485734999955 ], [ 37.109996795000086, -1.244534014999942 ], [ 37.109806061000143, -1.24459004299996 ], [ 37.109622955000077, -1.244643091999933 ], [ 37.109508514000083, -1.244722245999981 ], [ 37.109256745000152, -1.244909524999969 ], [ 37.108997344999977, -1.24538314199998 ], [ 37.108989715000064, -1.24554204999987 ], [ 37.108982087000129, -1.245715497999925 ], [ 37.108970642000031, -1.245928167999921 ], [ 37.108966826000028, -1.246041535999893 ], [ 37.108963013000164, -1.246119021999903 ], [ 37.108928680000076, -1.247092007999868 ], [ 37.108928680000076, -1.247208 ], [ 37.108924867000042, -1.247283695999897 ], [ 37.108928680000076, -1.247336386999905 ], [ 37.108989715000064, -1.247946857999978 ], [ 37.109001160000048, -1.248057841999923 ], [ 37.109062195000035, -1.248725890999879 ], [ 37.109191894, -1.250198602999944 ], [ 37.109207153000114, -1.250367640999912 ], [ 37.109214783000027, -1.25044453199996 ], [ 37.109272003000171, -1.250599026999964 ], [ 37.10942459000006, -1.251014113999929 ], [ 37.109493256000064, -1.251194238999915 ], [ 37.10960006800002, -1.25147652499993 ], [ 37.109611511000026, -1.251639842999907 ], [ 37.109622955000077, -1.251813290999962 ], [ 37.109622955000077, -1.25184309499997 ], [ 37.109626770000091, -1.251925825999876 ], [ 37.109630585000161, -1.251964449999946 ], [ 37.109634400000061, -1.252073287999906 ], [ 37.109638215000075, -1.252140163999911 ], [ 37.10964965800008, -1.25220143699994 ], [ 37.109756470000036, -1.252671240999916 ], [ 37.109828949000075, -1.252998470999898 ], [ 37.109897613000044, -1.253507255999978 ], [ 37.109916688000112, -1.253659247999963 ], [ 37.109924316000047, -1.253702401999874 ], [ 37.109924316000047, -1.253730535999978 ], [ 37.109924316000047, -1.253798245999974 ], [ 37.109924316000047, -1.253828047999946 ], [ 37.109870911000144, -1.255213497999932 ], [ 37.10986709600013, -1.255290983999942 ], [ 37.109832764000089, -1.255840181999929 ], [ 37.109832764000089, -1.25592613099991 ], [ 37.109828949000075, -1.256003736999958 ], [ 37.109699248000084, -1.256654262999973 ], [ 37.109481811000137, -1.257068036999897 ], [ 37.109443664000082, -1.257140397999933 ], [ 37.109313965000069, -1.257271408999941 ], [ 37.10915756300011, -1.257429361999868 ], [ 37.109001160000048, -1.257529496999894 ], [ 37.108615875000055, -1.257776022999963 ], [ 37.107837676000031, -1.257889032999969 ], [ 37.107654572000172, -1.25791573499987 ], [ 37.107421874000124, -1.257949590999942 ], [ 37.107288360000098, -1.257936237999957 ], [ 37.106651305000014, -1.257872461999852 ], [ 37.106056212999988, -1.257872461999852 ], [ 37.105670929000098, -1.257872461999852 ], [ 37.105602264000026, -1.257872461999852 ], [ 37.1055336, -1.257872461999852 ], [ 37.105503082000155, -1.257873772999972 ], [ 37.105178834000128, -1.257886647999953 ], [ 37.105052948000036, -1.257891773999916 ], [ 37.104991913000049, -1.257891773999916 ], [ 37.104534149000187, -1.257891773999916 ], [ 37.104461670000148, -1.25789487399993 ], [ 37.104137420000143, -1.257908938999947 ], [ 37.10408783000014, -1.257911086999854 ], [ 37.103683471000124, -1.257891773999916 ], [ 37.103317261000029, -1.257891773999916 ], [ 37.102893828999981, -1.257872461999852 ], [ 37.102565766000112, -1.257853268999952 ], [ 37.102313994999975, -1.257998585999871 ], [ 37.102218628000173, -1.258053420999886 ], [ 37.102127076000045, -1.258228421999888 ], [ 37.101894379999976, -1.258739470999899 ], [ 37.101707459000068, -1.259165644999825 ], [ 37.101661682000099, -1.259299873999908 ], [ 37.101570129999971, -1.259575009999935 ], [ 37.101314545000093, -1.259348153999895 ], [ 37.098640442000089, -1.256975769999826 ], [ 37.096668243000067, -1.255226610999955 ], [ 37.095211029000097, -1.253937600999961 ], [ 37.094245910999973, -1.253080724999961 ], [ 37.093708039000092, -1.252603292999879 ], [ 37.093555451000043, -1.25247251899998 ], [ 37.093524933000026, -1.252446532999954 ], [ 37.093017579000161, -1.252016662999949 ], [ 37.092987060000041, -1.251991509999868 ], [ 37.092571258000078, -1.251640795999833 ], [ 37.091480254000032, -1.250716446999888 ], [ 37.09119415300006, -1.250471232999871 ], [ 37.088676453000119, -1.248339413999872 ], [ 37.087409973000149, -1.247264504999919 ], [ 37.086265565000133, -1.246264337999946 ], [ 37.086296081000171, -1.246242522999921 ], [ 37.086242676000097, -1.246196864999945 ], [ 37.094841004000102, -1.242333411999937 ], [ 37.094463349000023, -1.241672277999953 ], [ 37.09353256300011, -1.240039586999956 ], [ 37.09236907900015, -1.238000988999943 ], [ 37.091350556000123, -1.236213564999957 ], [ 37.091148376000092, -1.23586153899987 ], [ 37.091072083000086, -1.235738037999965 ], [ 37.090995789000033, -1.235613821999891 ], [ 37.090847015000122, -1.235380290999842 ], [ 37.090637206999986, -1.235039829999891 ], [ 37.09060668900014, -1.234992145999968 ], [ 37.09055328300019, -1.234909056999925 ], [ 37.089576720000082, -1.233344077999959 ], [ 37.089260100000047, -1.232832788999929 ], [ 37.088203431000068, -1.231142639999973 ], [ 37.08810424800015, -1.231193421999876 ], [ 37.088066101999971, -1.231210587999897 ], [ 37.087841034, -1.231317400999956 ], [ 37.087413789000095, -1.231518982999944 ], [ 37.085792541000103, -1.232283233999908 ], [ 37.08533477900005, -1.232499955999913 ], [ 37.083744049000074, -1.233248828999876 ], [ 37.083225250000055, -1.233493924999891 ], [ 37.080287933000079, -1.234879969999838 ], [ 37.078105927000024, -1.230854033999947 ], [ 37.077285767000035, -1.229344725999965 ], [ 37.076591492000034, -1.228067635999821 ], [ 37.075115205000031, -1.225341319999927 ], [ 37.072952271000133, -1.221318839999981 ], [ 37.070774078999989, -1.217270849999977 ], [ 37.070049285000096, -1.215924858999927 ], [ 37.069717407000155, -1.215309737999917 ], [ 37.069683075000171, -1.215244054999971 ], [ 37.069622040000183, -1.215135454999881 ], [ 37.069561005000025, -1.215025781999941 ], [ 37.069488526000157, -1.214891910999881 ], [ 37.069461823000154, -1.214845298999933 ], [ 37.069446564000032, -1.214819907999868 ], [ 37.069133759000181, -1.21425390099995 ], [ 37.068347930000073, -1.212843179999936 ], [ 37.064514161000034, -1.205940603999977 ], [ 37.063190461000147, -1.203558086999976 ], [ 37.062713624000025, -1.202703356999848 ], [ 37.062522888000046, -1.202833412999951 ], [ 37.062171936000141, -1.203076599999974 ], [ 37.062091827000188, -1.203131674999952 ], [ 37.061847686000135, -1.203302502999861 ], [ 37.061767577000182, -1.203356742999972 ], [ 37.061584473000096, -1.203464984999869 ], [ 37.061321259000181, -1.203623294999943 ], [ 37.061283112000126, -1.203712701999962 ], [ 37.06126022300009, -1.20377302199995 ], [ 37.061237335000158, -1.203838109999936 ], [ 37.061191560000054, -1.203960418999941 ], [ 37.06118011500007, -1.203988074999927 ], [ 37.060894013, -1.204147457999966 ], [ 37.060852051000097, -1.204172015999859 ], [ 37.06081771800018, -1.204191088999949 ], [ 37.06064987200017, -1.204287170999976 ], [ 37.060558320000041, -1.204341530999955 ], [ 37.060508728, -1.204368947999967 ], [ 37.060474396000188, -1.204380153999921 ], [ 37.060386657000151, -1.204406736999829 ], [ 37.060325622000164, -1.204425810999965 ], [ 37.060279847000174, -1.204439162999847 ], [ 37.060245512999984, -1.204454301999931 ], [ 37.060115814000028, -1.204509973999848 ], [ 37.059997559000067, -1.204559326999913 ], [ 37.059963227000082, -1.204574464999951 ], [ 37.059597015000179, -1.204854367999928 ], [ 37.059516907000102, -1.204916238999886 ], [ 37.059490203000053, -1.204935311999975 ], [ 37.059467316000166, -1.204953549999971 ], [ 37.059143066000161, -1.205216287999917 ], [ 37.058879852000075, -1.205431459999886 ], [ 37.058795928000052, -1.205518721999908 ], [ 37.058467865000182, -1.205866335999872 ], [ 37.058425903000057, -1.205914972999835 ], [ 37.058406830000024, -1.205940365999879 ], [ 37.058185577000074, -1.206213831999946 ], [ 37.058090210000103, -1.206333636999943 ], [ 37.058052063000048, -1.206355095999925 ], [ 37.057941437000125, -1.206415770999968 ], [ 37.05764770400009, -1.206577061999894 ], [ 37.057468415000073, -1.206552862999956 ], [ 37.05730056800013, -1.206524848999948 ], [ 37.057193755000071, -1.206506847999947 ], [ 37.056964874000073, -1.20646798599995 ], [ 37.056915282000034, -1.206431388999931 ], [ 37.056888581000067, -1.206408738999926 ], [ 37.056541442000025, -1.206142067999963 ], [ 37.056461334000176, -1.20608031799992 ], [ 37.055969238000102, -1.205702065999958 ], [ 37.05592346300017, -1.205652594999947 ], [ 37.055755615000123, -1.205474018999951 ], [ 37.055618286000026, -1.205327390999969 ], [ 37.055091859000072, -1.204760550999879 ], [ 37.055000305000135, -1.204673886999899 ], [ 37.054882049000128, -1.204598783999927 ], [ 37.054416657000161, -1.204303859999925 ], [ 37.054126738999969, -1.204202651999822 ], [ 37.053897858000141, -1.204123376999917 ], [ 37.053741456000182, -1.204123376999917 ], [ 37.053524018000132, -1.204123376999917 ], [ 37.053489684000112, -1.204123376999917 ], [ 37.05292129500009, -1.204412101999935 ], [ 37.052894590999983, -1.204427122999903 ], [ 37.052745819000108, -1.204501508999954 ], [ 37.052661895000142, -1.20454454399993 ], [ 37.051399231000119, -1.205188273999909 ], [ 37.051334381000061, -1.20522165299991 ], [ 37.050876617000029, -1.205454110999881 ], [ 37.049999238000169, -1.205901264999852 ], [ 37.049865722000106, -1.205968617999929 ], [ 37.049499512000011, -1.205921530999944 ], [ 37.04940414500004, -1.205907582999941 ], [ 37.049228669000115, -1.205882428999871 ], [ 37.049057006000169, -1.205864190999876 ], [ 37.048595428000169, -1.205814837999981 ], [ 37.048408508000193, -1.205866692999905 ], [ 37.048374177000085, -1.205876230999934 ], [ 37.048282623000148, -1.205902218999938 ], [ 37.048210144000109, -1.205922007999959 ], [ 37.048065185000098, -1.206083177999972 ], [ 37.047966003000056, -1.206202983999958 ], [ 37.047901154000101, -1.206284284999924 ], [ 37.047790527000132, -1.206549404999919 ], [ 37.04767227200017, -1.206829547999916 ], [ 37.047550201000149, -1.20709323799997 ], [ 37.047519684000179, -1.207166075999965 ], [ 37.047424317000036, -1.207370400999821 ], [ 37.047332763000099, -1.207413434999978 ], [ 37.047134399000186, -1.207505464999883 ], [ 37.047107697000115, -1.20751702799987 ], [ 37.046913146000065, -1.207606911999846 ], [ 37.046840668000129, -1.20763981399989 ], [ 37.046741484999984, -1.207649826999955 ], [ 37.046516418000124, -1.207669257999953 ], [ 37.046478271000069, -1.207672594999963 ], [ 37.046409607000101, -1.207678674999897 ], [ 37.046306610000158, -1.207685827999967 ], [ 37.046138764000148, -1.207675932999962 ], [ 37.046081542000024, -1.207672594999963 ], [ 37.045928955000079, -1.20765972199996 ], [ 37.045898438000165, -1.207640408999964 ], [ 37.045841218000191, -1.207606314999964 ], [ 37.045730591000051, -1.207540868999956 ], [ 37.045703887000116, -1.207527397999911 ], [ 37.045501710000167, -1.207482575999961 ], [ 37.045364381000127, -1.207451581999976 ], [ 37.045303345000036, -1.207438468999953 ], [ 37.045185090000075, -1.207481622999978 ], [ 37.045097351000038, -1.207513927999969 ], [ 37.04505538900014, -1.207528710999952 ], [ 37.044929505000027, -1.207601784999952 ], [ 37.044860840000069, -1.207641958999886 ], [ 37.044635772000106, -1.207773446999965 ], [ 37.04447555400003, -1.207816481999942 ], [ 37.0442886350001, -1.207866668999941 ], [ 37.04420089700011, -1.207889317999957 ], [ 37.043975831000125, -1.207856058999937 ], [ 37.043697358000088, -1.207815168999957 ], [ 37.043666839000139, -1.207810758999926 ], [ 37.043590545000086, -1.207799315999978 ], [ 37.043556214000148, -1.207797883999945 ], [ 37.043525695000028, -1.207796572999882 ], [ 37.043395996000015, -1.20779085099997 ], [ 37.043231964000142, -1.207783817999939 ], [ 37.043140412000014, -1.207779764999941 ], [ 37.04307174600001, -1.207776784999965 ], [ 37.042751313000053, -1.207791447999909 ], [ 37.042598724000129, -1.207798360999959 ], [ 37.042434693000189, -1.207881569999927 ], [ 37.041996003000122, -1.208138703999964 ], [ 37.041709900000171, -1.208306549999918 ], [ 37.041629791, -1.208354234999945 ], [ 37.039600373000155, -1.209545134999814 ], [ 37.039497376000043, -1.2096064079999 ], [ 37.039382935000106, -1.209672688999888 ], [ 37.039024354000162, -1.209882855999865 ], [ 37.038810728999977, -1.210009336999917 ], [ 37.038711549000141, -1.21001541499993 ], [ 37.038639068000066, -1.210019944999942 ], [ 37.038505554000039, -1.210028290999901 ], [ 37.038448334000122, -1.210031865999952 ], [ 37.038063049000129, -1.210031865999952 ], [ 37.037906646000067, -1.210031865999952 ], [ 37.037857056000064, -1.210112928999877 ], [ 37.037754059000122, -1.210279941999943 ], [ 37.03770446700014, -1.210482001999878 ], [ 37.037693024000134, -1.210534928999891 ], [ 37.03768539400005, -1.210568905999878 ], [ 37.03765869200015, -1.210675715999912 ], [ 37.037647247000166, -1.210732100999962 ], [ 37.037635804000047, -1.210776090999957 ], [ 37.037609100000111, -1.210823415999869 ], [ 37.037563322999972, -1.210894107999934 ], [ 37.037513733000139, -1.210979102999886 ], [ 37.037479401000155, -1.211038349999967 ], [ 37.037460328000066, -1.211069821999843 ], [ 37.03743743900003, -1.211106180999934 ], [ 37.037353515000063, -1.211210727999969 ], [ 37.037185670000099, -1.211405992999858 ], [ 37.037021637000123, -1.211450694999826 ], [ 37.036846162000074, -1.211496233999867 ], [ 37.036670686000093, -1.211542128999952 ], [ 37.036643982000044, -1.211555361999956 ], [ 37.036487580000085, -1.21163749599998 ], [ 37.036403656000061, -1.211681722999913 ], [ 37.035854340000071, -1.211971281999979 ], [ 37.034973144000162, -1.21246969699996 ], [ 37.03429794200008, -1.212850807999928 ], [ 37.034221649000074, -1.212901949999889 ], [ 37.03411102300015, -1.212974785999961 ], [ 37.034004211000024, -1.213047266999922 ], [ 37.033489227000075, -1.213390110999967 ], [ 37.033435822000172, -1.213520526999844 ], [ 37.033424377000188, -1.2135493749999 ], [ 37.033317566000164, -1.213818787999912 ], [ 37.033290863000161, -1.213882923999961 ], [ 37.033237458000087, -1.214023469999972 ], [ 37.033206939000138, -1.214087007999979 ], [ 37.033164979000048, -1.214184282999952 ], [ 37.032966615000134, -1.214609742999926 ], [ 37.032951354000033, -1.214663147999886 ], [ 37.032848359000127, -1.215037107999933 ], [ 37.032810210000093, -1.215173601999936 ], [ 37.032722473000035, -1.215263127999947 ], [ 37.032699585000103, -1.215285181999946 ], [ 37.032451631000185, -1.215534328999922 ], [ 37.032169341999975, -1.21581447199992 ], [ 37.032112122000058, -1.215872644999934 ], [ 37.032081604000041, -1.215911505999941 ], [ 37.032020568000121, -1.215983866999977 ], [ 37.031894684000179, -1.21614015199998 ], [ 37.031856538000056, -1.216187596999873 ], [ 37.031833649000191, -1.216213702999937 ], [ 37.031753540000068, -1.21631133499983 ], [ 37.031616211000141, -1.21648156599997 ], [ 37.031471252000131, -1.216686486999947 ], [ 37.031208038000045, -1.217067479999969 ], [ 37.031177521000075, -1.217167972999903 ], [ 37.031105042000036, -1.217390417999923 ], [ 37.031082154000103, -1.217464326999902 ], [ 37.031040192000034, -1.217591404999951 ], [ 37.031032562000064, -1.217619418999959 ], [ 37.030990600000166, -1.217702269999961 ], [ 37.030929565000179, -1.217813132999936 ], [ 37.030895233000024, -1.217876910999962 ], [ 37.030757904000097, -1.218127727999843 ], [ 37.030735015000062, -1.218145607999872 ], [ 37.030685425000058, -1.218181967999953 ], [ 37.030422211000143, -1.218373416999896 ], [ 37.030143738000106, -1.218447446999903 ], [ 37.029903411000191, -1.21851122299995 ], [ 37.029563903000167, -1.21854865499995 ], [ 37.029293060000043, -1.218578815999933 ], [ 37.029186248000087, -1.218589901999962 ], [ 37.029083253000181, -1.218600629999969 ], [ 37.028976440000122, -1.2186114779999 ], [ 37.028900147000115, -1.218619227999909 ], [ 37.028728486000034, -1.218636868999965 ], [ 37.028640747000168, -1.218646048999915 ], [ 37.028533935000041, -1.218687175999946 ], [ 37.028469086000086, -1.218712567999887 ], [ 37.028118133000078, -1.218849420999959 ], [ 37.027706146000185, -1.219120025999871 ], [ 37.027683257000149, -1.219136236999873 ], [ 37.027278901000102, -1.219400881999945 ], [ 37.027191162000065, -1.219460367999943 ], [ 37.027099610000107, -1.219519494999872 ], [ 37.026630401000091, -1.219829677999883 ], [ 37.026576996000188, -1.219862818999957 ], [ 37.026473998000029, -1.219931839999902 ], [ 37.025863647000051, -1.220203994999963 ], [ 37.025833130000137, -1.220218419999981 ], [ 37.02546691900011, -1.220381140999962 ], [ 37.025390625000171, -1.220416069999885 ], [ 37.025012970000091, -1.220584392999967 ], [ 37.024955750000174, -1.220609663999937 ], [ 37.024871826000151, -1.220647334999967 ], [ 37.024719238000159, -1.220716118999974 ], [ 37.024574279000149, -1.220780371999922 ], [ 37.02384948800011, -1.22110319199993 ], [ 37.023773194000057, -1.221137285999873 ], [ 37.023746490000121, -1.221149681999918 ], [ 37.023658751000085, -1.221200703999898 ], [ 37.023277283000141, -1.221429109999974 ], [ 37.023223876000031, -1.221459865999918 ], [ 37.02316284300008, -1.22149503299994 ], [ 37.022972107000101, -1.221608995999929 ], [ 37.022808074000125, -1.221706152999957 ], [ 37.022781372000054, -1.221791386999939 ], [ 37.022697449000134, -1.222217558999944 ], [ 37.022632598000143, -1.222542404999956 ], [ 37.022457122000048, -1.223434208999947 ], [ 37.022415161000026, -1.223637700999916 ], [ 37.022373199000128, -1.223859310999956 ], [ 37.022167206, -1.224892496999928 ], [ 37.022113799000124, -1.224828361999926 ], [ 37.021903992000091, -1.22458183699996 ], [ 37.021705627000131, -1.224351881999951 ], [ 37.021602630000189, -1.224351881999951 ], [ 37.021392822000053, -1.224351881999951 ], [ 37.021129608000138, -1.224351881999951 ], [ 37.020816803000116, -1.224351881999951 ], [ 37.020706178000125, -1.224351881999951 ], [ 37.020565034000128, -1.224351881999951 ], [ 37.020511625999973, -1.224351881999951 ], [ 37.020244599000193, -1.224351881999951 ], [ 37.019954680000126, -1.224351881999951 ], [ 37.019359590000079, -1.224405763999869 ], [ 37.019210815000122, -1.224419474999934 ], [ 37.019054413000106, -1.224428057999944 ], [ 37.018962861000034, -1.224433062999935 ], [ 37.018779755000139, -1.22444295899993 ], [ 37.018379211000024, -1.224464654999963 ], [ 37.018184662000181, -1.224480269999901 ], [ 37.017772675000117, -1.224512933999961 ], [ 37.017250061000027, -1.224554895999972 ], [ 37.01718902600004, -1.224580884999966 ], [ 37.017028808000134, -1.224649070999931 ], [ 37.016941071000076, -1.224687099999869 ], [ 37.016933441000162, -1.224815367999952 ], [ 37.016933441000162, -1.224905609999951 ], [ 37.016925811000021, -1.224960327999952 ], [ 37.016921998000157, -1.225038170999881 ], [ 37.016914368000073, -1.225133180999933 ], [ 37.016902924000192, -1.225209831999962 ], [ 37.016876221000189, -1.225490092999962 ], [ 37.016868591000105, -1.22554719499982 ], [ 37.016792297, -1.225876569999969 ], [ 37.016761780000081, -1.226020096999946 ], [ 37.016754150000168, -1.226050615999895 ], [ 37.016742707000162, -1.226102233999825 ], [ 37.016731262, -1.226155995999932 ], [ 37.016487122000058, -1.226534246999961 ], [ 37.016418457000157, -1.226550816999975 ], [ 37.016326905000028, -1.226566552999941 ], [ 37.016242981000062, -1.226581095999904 ], [ 37.016212463000159, -1.226586340999916 ], [ 37.01614379900019, -1.226597904999892 ], [ 37.016033172000164, -1.226616859999865 ], [ 37.015850068000134, -1.226648806999947 ], [ 37.015705109000123, -1.226633548999928 ], [ 37.015586853000116, -1.226616262999812 ], [ 37.015251160000105, -1.226566672999979 ], [ 37.015171051000152, -1.22655534699993 ], [ 37.015094757000043, -1.226543783999944 ], [ 37.015064239000026, -1.226539373999913 ], [ 37.014842988000112, -1.226530193999963 ], [ 37.014595032000045, -1.226519822999933 ], [ 37.014522553000177, -1.226516842999956 ], [ 37.013771058000032, -1.227282523999975 ], [ 37.013607025000056, -1.227450608999902 ], [ 37.013439178000112, -1.22762191299995 ], [ 37.013416291000112, -1.227654098999949 ], [ 37.01331710900007, -1.227798102999884 ], [ 37.013206482000044, -1.227959155999883 ], [ 37.013092041000107, -1.228122710999912 ], [ 37.012878418000071, -1.228428004999955 ], [ 37.012729644000046, -1.229333637999957 ], [ 37.012687682000148, -1.229578493999952 ], [ 37.012668609000059, -1.229714512999919 ], [ 37.012645722, -1.229859946999966 ], [ 37.012630462000175, -1.229935407999903 ], [ 37.012634277000075, -1.22996663999993 ], [ 37.012641907000159, -1.23009121299998 ], [ 37.01265335100004, -1.230316280999887 ], [ 37.012660981000124, -1.23044466999994 ], [ 37.012664796000024, -1.230494379999868 ], [ 37.012664796000024, -1.230531453999902 ], [ 37.012668609000059, -1.23057162799995 ], [ 37.012676239000143, -1.230680942999925 ], [ 37.012695312000062, -1.23093879299995 ], [ 37.012737274000131, -1.231491088999917 ], [ 37.012744905000147, -1.231568096999979 ], [ 37.012756348000096, -1.231725096999924 ], [ 37.012763978000066, -1.231870053999842 ], [ 37.012779236000085, -1.232065319999833 ], [ 37.012783051000099, -1.232167362999917 ], [ 37.012786864000134, -1.232244848999926 ], [ 37.012760163000166, -1.232406258999958 ], [ 37.012752533000082, -1.232451558999969 ], [ 37.012699128000179, -1.232756137999957 ], [ 37.01226425200008, -1.233020424999893 ], [ 37.012199402000022, -1.233056783999871 ], [ 37.012161255000194, -1.233061431999829 ], [ 37.011768341000163, -1.233110426999872 ], [ 37.011657714000194, -1.233124374999875 ], [ 37.011619567000139, -1.233139872999914 ], [ 37.011341094000102, -1.233259676999978 ], [ 37.011238099000025, -1.233466623999959 ], [ 37.011222839000141, -1.233501075999868 ], [ 37.011161803000107, -1.233620523999889 ], [ 37.011116028000117, -1.233689188999961 ], [ 37.0110855100001, -1.233734725999909 ], [ 37.010936737000122, -1.2339588399999 ], [ 37.010665893000066, -1.234048843999972 ], [ 37.010364533000029, -1.23384344599998 ], [ 37.010135650000166, -1.233689068999979 ], [ 37.009967805000031, -1.233575463999898 ], [ 37.00981521500006, -1.233515023999871 ], [ 37.009582519000162, -1.233420728999874 ], [ 37.009513856000069, -1.233394025999814 ], [ 37.00946426400003, -1.233374118999961 ], [ 37.009403228000167, -1.233349918999977 ], [ 37.009346008000193, -1.233349918999977 ], [ 37.009311676000038, -1.233349918999977 ], [ 37.009201049000012, -1.233349918999977 ], [ 37.00871658300008, -1.233349918999977 ], [ 37.008682252000028, -1.233349918999977 ], [ 37.008312225000054, -1.23340475599997 ], [ 37.00808334400017, -1.23343837199991 ], [ 37.007816314000138, -1.233440159999873 ], [ 37.007732392000094, -1.233440159999873 ], [ 37.007633210000051, -1.23345637299991 ], [ 37.007602691000102, -1.233460902999923 ], [ 37.007171631000176, -1.23353028199989 ], [ 37.007133484000121, -1.233542799999952 ], [ 37.0068206790001, -1.233647226999892 ], [ 37.006641389000151, -1.233706712999947 ], [ 37.006557465000128, -1.233805656999948 ], [ 37.006488799000124, -1.233897088999868 ], [ 37.00637435900012, -1.234051108999893 ], [ 37.006233215000123, -1.234071491999885 ], [ 37.005657195000083, -1.234071491999885 ], [ 37.004890442000146, -1.234071491999885 ], [ 37.004806518000123, -1.234067201999892 ], [ 37.004402161000144, -1.234046340999953 ], [ 37.00431823700012, -1.234042167999974 ], [ 37.004184724000027, -1.234035252999945 ], [ 37.004013061000137, -1.234026431999894 ], [ 37.003868104000105, -1.233971714999825 ], [ 37.003807068000015, -1.23394942199991 ], [ 37.003765106000117, -1.233933805999868 ], [ 37.003646851000042, -1.233887075999917 ], [ 37.003509522000115, -1.233759521999957 ], [ 37.003337859000055, -1.233597992999876 ], [ 37.003257751000149, -1.233577846999935 ], [ 37.003097535000052, -1.233538389999921 ], [ 37.002979279000044, -1.233508705999952 ], [ 37.002922057000092, -1.233494399999927 ], [ 37.002883910000037, -1.233485221999899 ], [ 37.002815247000115, -1.233479976999888 ], [ 37.002590179000151, -1.233462690999886 ], [ 37.00242233300014, -1.23340213299997 ], [ 37.002254486000027, -1.233341812999925 ], [ 37.002010345000144, -1.233255148999945 ], [ 37.001857757000153, -1.233220339999832 ], [ 37.001544952000074, -1.233148098999891 ], [ 37.001441955000189, -1.233124374999875 ], [ 37.001281738000159, -1.232919692999928 ], [ 37.001186371000188, -1.232795237999937 ], [ 37.00106430000011, -1.232640384999968 ], [ 37.001018525000177, -1.232588409999948 ], [ 37.000888824000185, -1.232479094999974 ], [ 37.00072097900005, -1.232335090999925 ], [ 37.000473022000051, -1.232177257999922 ], [ 37.000110625000161, -1.232047437999938 ], [ 36.999649048000094, -1.231882451999979 ], [ 36.999595641000042, -1.23186337899989 ], [ 36.999275208000086, -1.231748700999901 ], [ 36.999156953000124, -1.231707691999816 ], [ 36.998764037000115, -1.231570719999922 ], [ 36.998641969000175, -1.231528757999911 ], [ 36.997745514000144, -1.231216668999934 ], [ 36.997066498000095, -1.230979799999886 ], [ 36.996013641000104, -1.230613112999947 ], [ 36.99581909200009, -1.230545519999851 ], [ 36.995399475000113, -1.23039936999993 ], [ 36.995124817000089, -1.230302690999906 ], [ 36.9948349, -1.229967236999869 ], [ 36.994773865000013, -1.229850886999941 ], [ 36.994659425000179, -1.229631066999957 ], [ 36.994586944000105, -1.229493617999935 ], [ 36.994472504000044, -1.229245900999956 ], [ 36.994445800000165, -1.229187250999928 ], [ 36.994338990000188, -1.228952406999838 ], [ 36.994281769000168, -1.228609918999837 ], [ 36.99424743600008, -1.228388665999887 ], [ 36.994155884000122, -1.228226185999972 ], [ 36.994071960000156, -1.228077053999868 ], [ 36.993988036000133, -1.227930544999936 ], [ 36.993888856000069, -1.227757215999873 ], [ 36.993759155000077, -1.227502941999887 ], [ 36.993663788000106, -1.227317810999864 ], [ 36.993347168000184, -1.226697325999965 ], [ 36.99311828499998, -1.226233244999833 ], [ 36.992717744000174, -1.225423693999971 ], [ 36.992626190000067, -1.225237487999948 ], [ 36.992530823000095, -1.225041865999913 ], [ 36.992507934000059, -1.22499847399996 ], [ 36.99248886100014, -1.224960802999874 ], [ 36.992370605000133, -1.224694369999952 ], [ 36.992080689000147, -1.224037288999966 ], [ 36.99201965400016, -1.223896502999935 ], [ 36.991970062000121, -1.223788142999922 ], [ 36.991920471000185, -1.223664283999881 ], [ 36.991718292000087, -1.223153232999891 ], [ 36.991592406000166, -1.222959756999956 ], [ 36.991474151000034, -1.2227852339999 ], [ 36.991451264000034, -1.222750781999878 ], [ 36.991359710000097, -1.222688435999885 ], [ 36.991291047000175, -1.222644806999938 ], [ 36.991046906000122, -1.222480176999966 ], [ 36.990932465000185, -1.222454427999878 ], [ 36.990436554000098, -1.222344874999976 ], [ 36.989360809000175, -1.222103595999897 ], [ 36.989128113000106, -1.22205173899988 ], [ 36.988761901000146, -1.221940158999871 ], [ 36.988525390000063, -1.221868394999888 ], [ 36.987911224000186, -1.221680640999978 ], [ 36.987796783000078, -1.221645831999979 ], [ 36.98756408700018, -1.221536396999966 ], [ 36.987461090000068, -1.221487521999904 ], [ 36.987426758000083, -1.221471786999928 ], [ 36.987075805000075, -1.221307515999968 ], [ 36.98701095600012, -1.221281407999925 ], [ 36.986732483000083, -1.221165299999882 ], [ 36.986618043000078, -1.22111773499995 ], [ 36.986408233000077, -1.221036195999943 ], [ 36.986110687000178, -1.221022725999831 ], [ 36.985927581000112, -1.221014379999929 ], [ 36.985778809000067, -1.221092581999926 ], [ 36.985626221000075, -1.221173882999892 ], [ 36.985599518000072, -1.22118902099993 ], [ 36.985557556000174, -1.221221564999951 ], [ 36.985324860000105, -1.22142183699998 ], [ 36.985290528000064, -1.221453070999928 ], [ 36.985252381, -1.221485971999869 ], [ 36.985179901000095, -1.221497654999951 ], [ 36.985092164000037, -1.22151041099994 ], [ 36.984935761000145, -1.221532821999915 ], [ 36.984832764000032, -1.221435904999908 ], [ 36.984573365000188, -1.221192835999943 ], [ 36.984550476000152, -1.221158861999925 ], [ 36.984527588, -1.221124409999959 ], [ 36.984481811000023, -1.221059441999955 ], [ 36.984462737000058, -1.220925688999955 ], [ 36.984458924000194, -1.220896481999944 ], [ 36.98445129400011, -1.22083663899997 ], [ 36.984439851000104, -1.220766305999916 ], [ 36.984382629000038, -1.22077667699989 ], [ 36.98429489200015, -1.22079300799993 ], [ 36.984256745000096, -1.220799684999918 ], [ 36.984203340000192, -1.220809100999929 ], [ 36.984123231000069, -1.220883131999926 ], [ 36.98406982400013, -1.220942258999912 ], [ 36.984050750000165, -1.220964192999872 ], [ 36.983940125000174, -1.221080660999917 ], [ 36.983692169000108, -1.221180915999867 ], [ 36.98366546699998, -1.221188067999833 ], [ 36.983592986000133, -1.221192358999929 ], [ 36.983509065000192, -1.22119748599988 ], [ 36.983291627000142, -1.221210479999911 ], [ 36.983177184, -1.221217274999958 ], [ 36.983081817000027, -1.221228002999851 ], [ 36.98302459700011, -1.22123432099994 ], [ 36.982822418000126, -1.221256493999874 ], [ 36.982769013000109, -1.22126245499993 ], [ 36.98261642500006, -1.22131681399992 ], [ 36.982463836000136, -1.221371411999883 ], [ 36.982395173000043, -1.221427559999938 ], [ 36.982200623000153, -1.221605537999892 ], [ 36.982162476000099, -1.221661567999945 ], [ 36.982151031000114, -1.221687673999952 ], [ 36.982109068999989, -1.221765279999886 ], [ 36.982044221000137, -1.221901893999927 ], [ 36.981979371000136, -1.222029207999981 ], [ 36.981842042000039, -1.222029207999981 ], [ 36.981754303000173, -1.222029207999981 ], [ 36.981575012000121, -1.221910356999899 ], [ 36.981445313000165, -1.221822500999906 ], [ 36.981349946000194, -1.221758484999953 ], [ 36.981178283000077, -1.221827505999897 ], [ 36.981052399000134, -1.22187674099996 ], [ 36.981010438000169, -1.221893786999942 ], [ 36.980777740000065, -1.221993803999965 ], [ 36.980693818000077, -1.222029207999981 ], [ 36.980567932000156, -1.222054600999854 ], [ 36.980365753000171, -1.222094655999967 ], [ 36.98024368200015, -1.222119331999977 ], [ 36.979980469000111, -1.222131967999928 ], [ 36.979915619000053, -1.222134947999905 ], [ 36.979843140000185, -1.222138404999953 ], [ 36.979770660000042, -1.222141860999955 ], [ 36.979568482000047, -1.222141860999955 ], [ 36.97953033400006, -1.222141860999955 ], [ 36.979457855000192, -1.222141860999955 ], [ 36.979320526000151, -1.222141860999955 ], [ 36.979167939000035, -1.222229004999974 ], [ 36.979080200000112, -1.222278951999954 ], [ 36.979003906000059, -1.222322343999963 ], [ 36.978942871000072, -1.222339034999948 ], [ 36.978893281000012, -1.222351907999951 ], [ 36.978664398000035, -1.22241246599998 ], [ 36.978469849000192, -1.222367881999844 ], [ 36.978427887000066, -1.222358702999884 ], [ 36.978401183000187, -1.222352384999965 ], [ 36.978343963000043, -1.222339629999965 ], [ 36.978168487000119, -1.222299812999893 ], [ 36.977993011000137, -1.222268938999889 ], [ 36.977890014000081, -1.222250460999874 ], [ 36.977787016999969, -1.222232102999953 ], [ 36.977729797000052, -1.22223889799983 ], [ 36.977626801000042, -1.222250937999945 ], [ 36.977405549000025, -1.222276806999957 ], [ 36.977310182000053, -1.222389816999964 ], [ 36.977237701000035, -1.22247469399997 ], [ 36.976989747000118, -1.222777007999923 ], [ 36.976879118999989, -1.222911118999946 ], [ 36.976730347000114, -1.223093269999822 ], [ 36.976657866999972, -1.223179221999828 ], [ 36.97636032000014, -1.223344326999893 ], [ 36.976253510000049, -1.223404764999941 ], [ 36.976150513000107, -1.223440288999939 ], [ 36.97603607200017, -1.223480938999899 ], [ 36.975799561000031, -1.223562596999841 ], [ 36.975749969, -1.223571537999931 ], [ 36.975585938000052, -1.223602533999951 ], [ 36.975193023000145, -1.223675249999928 ], [ 36.974651337000068, -1.223787902999902 ], [ 36.974201201000142, -1.223953962999872 ], [ 36.974052429000096, -1.224009155999909 ], [ 36.973960877000138, -1.224052904999894 ], [ 36.973911285000099, -1.224076985999943 ], [ 36.973781586000143, -1.224139688999969 ], [ 36.973674774000187, -1.224191903999952 ], [ 36.973518372, -1.224266169999964 ], [ 36.973453521000067, -1.224297283999874 ], [ 36.97320556700015, -1.224484682999901 ], [ 36.972938537000118, -1.224690197999962 ], [ 36.972682953000117, -1.224897741999882 ], [ 36.972633363000057, -1.224936008999975 ], [ 36.972576142000037, -1.224983333999887 ], [ 36.972335816000054, -1.22509288699996 ], [ 36.972301482000034, -1.225108979999959 ], [ 36.972034455000085, -1.225230574999898 ], [ 36.971866607000038, -1.225293873999931 ], [ 36.97179412800017, -1.225322006999932 ], [ 36.97163772600004, -1.225379346999944 ], [ 36.971492767000029, -1.225434421999978 ], [ 36.971366883000087, -1.225475429999904 ], [ 36.971298218000186, -1.22549748299997 ], [ 36.971187592000092, -1.225532649999934 ], [ 36.970863342000087, -1.225637316999894 ], [ 36.97080612200017, -1.225660442999867 ], [ 36.970748902000025, -1.225681661999943 ], [ 36.970703125000057, -1.225700974999938 ], [ 36.970630646000188, -1.225729465999962 ], [ 36.970600128000171, -1.225741028999948 ], [ 36.970355988000051, -1.22583687399981 ], [ 36.970123290000117, -1.225928782999972 ], [ 36.970043182000097, -1.226012824999884 ], [ 36.969905853000171, -1.226164458999904 ], [ 36.969871521000186, -1.226200340999924 ], [ 36.969642640000131, -1.226449249999916 ], [ 36.969467162, -1.226693510999894 ], [ 36.969402314000149, -1.226781129999949 ], [ 36.969352722000167, -1.226853131999974 ], [ 36.968219756, -1.22683095799988 ], [ 36.967433929000094, -1.226801036999916 ], [ 36.967025757000101, -1.226785420999931 ], [ 36.966457366000043, -1.226763962999939 ], [ 36.965515137000125, -1.226728080999919 ], [ 36.964706421000187, -1.226697325999965 ], [ 36.964672089000032, -1.226692198999956 ], [ 36.964488983000138, -1.226664184999947 ], [ 36.964118958000029, -1.226607084999955 ], [ 36.963901519000046, -1.226461410999946 ], [ 36.963821412000073, -1.226408480999851 ], [ 36.963676453000062, -1.226310848999958 ], [ 36.963420868000128, -1.226142644999868 ], [ 36.963130950000163, -1.225947140999949 ], [ 36.963104249000139, -1.225930570999935 ], [ 36.962760925000168, -1.225755929999934 ], [ 36.962680816000045, -1.225713967999923 ], [ 36.962158204000104, -1.225447415999895 ], [ 36.962089539000033, -1.225411890999908 ], [ 36.961963653000112, -1.225387214999898 ], [ 36.961837769000169, -1.225362418999964 ], [ 36.961555481000062, -1.225307225999927 ], [ 36.961219788000108, -1.225241660999927 ], [ 36.961166383000034, -1.225231407999956 ], [ 36.960819244, -1.225253103999933 ], [ 36.960544586000026, -1.225270271999932 ], [ 36.960445404000154, -1.225276469999869 ], [ 36.960205078000172, -1.225320219999958 ], [ 36.960056306000126, -1.225346802999923 ], [ 36.959945678000054, -1.225366711999811 ], [ 36.959648132000098, -1.225429414999951 ], [ 36.959453583000084, -1.225469708999981 ], [ 36.959419251000099, -1.225477456999897 ], [ 36.959373474000131, -1.225500105999913 ], [ 36.959129333000078, -1.225648641999953 ], [ 36.959087373000159, -1.225674508999873 ], [ 36.958999634000065, -1.225727558999893 ], [ 36.958702087000063, -1.225948690999928 ], [ 36.958599090000178, -1.22602629499994 ], [ 36.958530427000085, -1.226075409999908 ], [ 36.958335876000035, -1.226220963999879 ], [ 36.958259582000153, -1.226278423999929 ], [ 36.958122253000056, -1.226381538999931 ], [ 36.95796966600011, -1.226475118999929 ], [ 36.957725524000182, -1.226623892999896 ], [ 36.957458497, -1.226786612999945 ], [ 36.957374573000038, -1.226837515999932 ], [ 36.957309722000048, -1.226877689999924 ], [ 36.957195281999986, -1.226938247999897 ], [ 36.957153320000089, -1.226959465999869 ], [ 36.956943512000123, -1.227067708999925 ], [ 36.956817627000135, -1.227134346999947 ], [ 36.956790923000028, -1.22714805499993 ], [ 36.955402375000062, -1.226044177999881 ], [ 36.954933166000046, -1.225669263999976 ], [ 36.95480346700009, -1.225566267999966 ], [ 36.954315184999984, -1.22517669299998 ], [ 36.953704833000131, -1.224692462999883 ], [ 36.953136444000108, -1.224239228999977 ], [ 36.952743531000181, -1.224309681999898 ], [ 36.952526093000131, -1.224349140999891 ], [ 36.952259063000042, -1.224397063999959 ], [ 36.95198059, -1.224493980999966 ], [ 36.951740264000193, -1.224577426999872 ], [ 36.951568603000112, -1.224609373999954 ], [ 36.951427459000172, -1.224635361999958 ], [ 36.951210021000122, -1.224675178999973 ], [ 36.951129913000045, -1.224690197999962 ], [ 36.950691222000103, -1.224748967999858 ], [ 36.950450898000099, -1.224781036999843 ], [ 36.950393675999976, -1.224788546999946 ], [ 36.950115205000145, -1.224825500999884 ], [ 36.950054169000055, -1.224815963999959 ], [ 36.949718476000101, -1.224761962999935 ], [ 36.949184419000062, -1.224677084999939 ], [ 36.948986054000045, -1.224645137999971 ], [ 36.948169709000126, -1.224271535999947 ], [ 36.947463989000141, -1.223948954999912 ], [ 36.946220398000037, -1.223381280999945 ], [ 36.946125031, -1.223337173999937 ], [ 36.944927215000064, -1.222775577999926 ], [ 36.94363784900014, -1.222169041999905 ], [ 36.941612244000112, -1.221218466999971 ], [ 36.940967559000171, -1.220917105999888 ], [ 36.939971925, -1.2204495659999 ], [ 36.939495087000182, -1.220225095999979 ], [ 36.939289093000184, -1.220107674999952 ], [ 36.93922424200008, -1.220070957999951 ], [ 36.939128875000108, -1.220017313999961 ], [ 36.93835449200003, -1.219579219999957 ], [ 36.938198088999968, -1.219490765999979 ], [ 36.938030244000061, -1.219395159999976 ], [ 36.937622070000032, -1.219165085999975 ], [ 36.937389374000134, -1.219165085999975 ], [ 36.937229156, -1.219165085999975 ], [ 36.936889647999976, -1.219165085999975 ], [ 36.936763764000034, -1.219165085999975 ], [ 36.93570709200003, -1.219145534999939 ], [ 36.935512543000186, -1.219141959999888 ], [ 36.934417724000127, -1.219121693999909 ], [ 36.934329986000137, -1.219120025999871 ], [ 36.933689118000018, -1.219093322999868 ], [ 36.933246612000175, -1.219074963999958 ], [ 36.933170319000169, -1.219142317999854 ], [ 36.932884215000115, -1.219390629999964 ], [ 36.932857514000148, -1.219411252999976 ], [ 36.932823182000163, -1.219438193999906 ], [ 36.932796478000057, -1.219459652999888 ], [ 36.932582856000181, -1.21962499499989 ], [ 36.932388307000167, -1.219774006999899 ], [ 36.932136535000097, -1.219910382999899 ], [ 36.931854247, -1.220065115999887 ], [ 36.931819915000176, -1.220068810999862 ], [ 36.931762695000089, -1.220071673999939 ], [ 36.931396485000164, -1.220089791999897 ], [ 36.931369782000161, -1.220071673999939 ], [ 36.931217194000169, -1.219973205999963 ], [ 36.931095124000194, -1.21989369299996 ], [ 36.931015015000185, -1.219841717999884 ], [ 36.930377960000158, -1.219243644999892 ], [ 36.92995452800011, -1.218845248999969 ], [ 36.929042815000116, -1.217992423999931 ], [ 36.928760528999987, -1.217992423999931 ], [ 36.928466798000102, -1.217980742999941 ], [ 36.928424836000033, -1.217979072999981 ], [ 36.928375244, -1.217977045999874 ], [ 36.928241730000138, -1.217971682999973 ], [ 36.92819595300017, -1.21796989499984 ], [ 36.928043366000111, -1.217921137999951 ], [ 36.927783966000106, -1.21783852599998 ], [ 36.927631379, -1.217789530999937 ], [ 36.927413941000168, -1.217543004999868 ], [ 36.927314759000126, -1.217428684999902 ], [ 36.927196503000118, -1.217226982999932 ], [ 36.927066803, -1.217000244999895 ], [ 36.92699050900012, -1.216902612999888 ], [ 36.926795960000106, -1.216661928999883 ], [ 36.926555634000067, -1.216503380999825 ], [ 36.92648696800012, -1.216457366999919 ], [ 36.926212310000096, -1.216278552999938 ], [ 36.925933837000059, -1.216156601999899 ], [ 36.925567627000135, -1.215997694999885 ], [ 36.925331116000052, -1.215895175999947 ], [ 36.924995423000041, -1.215768456999854 ], [ 36.924892426000156, -1.21573006999995 ], [ 36.924674988000106, -1.215646863999893 ], [ 36.924495697000111, -1.215579509999941 ], [ 36.924205781000069, -1.21555054199996 ], [ 36.924171447000106, -1.215547203999847 ], [ 36.923595428000112, -1.215489268999931 ], [ 36.923175812000068, -1.215489268999931 ], [ 36.922912598000096, -1.215489268999931 ], [ 36.922534943000016, -1.215489268999931 ], [ 36.922504426000103, -1.215465664999954 ], [ 36.922233581000171, -1.215256570999941 ], [ 36.922157287000061, -1.215199469999959 ], [ 36.921947480000028, -1.215038299999947 ], [ 36.921691895000095, -1.214918969999928 ], [ 36.921417235000092, -1.214789865999876 ], [ 36.921272278000117, -1.214722512999913 ], [ 36.92121124300013, -1.214685438999936 ], [ 36.921142578000058, -1.214642761999869 ], [ 36.920940400000177, -1.214516042999946 ], [ 36.920799256000066, -1.214429378999967 ], [ 36.920673370000088, -1.214206575999924 ], [ 36.920597077000082, -1.214068531999885 ], [ 36.920570373000032, -1.21398925799997 ], [ 36.920413971000073, -1.213547705999872 ], [ 36.920372009000118, -1.213423728999828 ], [ 36.920280457000047, -1.213166474999923 ], [ 36.920078278000062, -1.213015794999933 ], [ 36.920047761000149, -1.212992548999921 ], [ 36.919910432000052, -1.212890624999943 ], [ 36.919738769000162, -1.212760567999851 ], [ 36.919609070000149, -1.212715625999863 ], [ 36.919563293000181, -1.212700127999824 ], [ 36.9194335950001, -1.212655543999972 ], [ 36.919200897000053, -1.212574124999946 ], [ 36.919147491000047, -1.21255421599983 ], [ 36.919025421000072, -1.21247386999994 ], [ 36.918972016000055, -1.212436795999963 ], [ 36.918815613000163, -1.212332128999947 ], [ 36.918769836000024, -1.212281583999925 ], [ 36.918743133000191, -1.21225345199997 ], [ 36.918693543000188, -1.212195276999978 ], [ 36.918579102000024, -1.212070463999964 ], [ 36.91843032800017, -1.21190357099988 ], [ 36.918407439000134, -1.21188187499996 ], [ 36.918266297000173, -1.211760043999845 ], [ 36.918155670000147, -1.211659906999898 ], [ 36.918056488000104, -1.211573242999918 ], [ 36.918010711000136, -1.211533783999926 ], [ 36.917930602000183, -1.211460947999967 ], [ 36.917842865000125, -1.211384891999955 ], [ 36.917774200000053, -1.211342571999921 ], [ 36.917747498000153, -1.211324810999884 ], [ 36.917594909000059, -1.211229443999969 ], [ 36.91733551100009, -1.211066841999866 ], [ 36.917263031000118, -1.211022019999973 ], [ 36.917213441000115, -1.210992215999909 ], [ 36.917121887000178, -1.21093392299997 ], [ 36.917095185000107, -1.210923314999889 ], [ 36.917068481000172, -1.210914371999934 ], [ 36.916870117000087, -1.210838793999926 ], [ 36.916507720000084, -1.210699914999964 ], [ 36.916469574000075, -1.210685848999958 ], [ 36.916370391000157, -1.210657357999821 ], [ 36.915927888000056, -1.210528015999955 ], [ 36.915683747000173, -1.210386751999977 ], [ 36.91560363800005, -1.210340617999975 ], [ 36.915515899000127, -1.21028911999997 ], [ 36.915493012000127, -1.210257290999948 ], [ 36.915443420000088, -1.210118054999953 ], [ 36.91541290400005, -1.210032342999966 ], [ 36.9153823850001, -1.209952353999938 ], [ 36.91527176000011, -1.209648489999836 ], [ 36.915172577000192, -1.209506868999938 ], [ 36.915000915000178, -1.209257244999947 ], [ 36.914974213000107, -1.209218859999908 ], [ 36.914909363000049, -1.209127663999823 ], [ 36.914783477000128, -1.209055184999954 ], [ 36.914756775000058, -1.209040878999929 ], [ 36.914672852000137, -1.208993553999903 ], [ 36.914588928000114, -1.208944796999958 ], [ 36.914443969000104, -1.208863138999959 ], [ 36.914279938000107, -1.208768963999887 ], [ 36.914230346000124, -1.208657740999911 ], [ 36.914173126000151, -1.208526729999903 ], [ 36.914100647000112, -1.208360314999936 ], [ 36.913959503000171, -1.207841752999911 ], [ 36.913871764000078, -1.207525132999933 ], [ 36.913806916000055, -1.207253694999906 ], [ 36.913803100999985, -1.207203149999941 ], [ 36.91378402700019, -1.206759929999919 ], [ 36.913787843000193, -1.206694126999821 ], [ 36.913646699000026, -1.206399559999966 ], [ 36.913589478000176, -1.206282494999869 ], [ 36.913574218000178, -1.206256985999971 ], [ 36.913513183000191, -1.206173539999895 ], [ 36.91348648100012, -1.20613336599996 ], [ 36.913185120000151, -1.205726741999968 ], [ 36.913085937000176, -1.205589294999868 ], [ 36.913063049000073, -1.205569028999889 ], [ 36.91276168700017, -1.205319164999935 ], [ 36.912509918000012, -1.205111264999857 ], [ 36.912471771000185, -1.205080270999872 ], [ 36.912418366000111, -1.205064892999928 ], [ 36.912475586000028, -1.205004691999932 ], [ 36.914131164000082, -1.203268408999975 ], [ 36.914440156000069, -1.202944397999886 ], [ 36.914463044000172, -1.202923892999877 ], [ 36.914611816000047, -1.202785490999872 ], [ 36.914997102000143, -1.202428341999905 ], [ 36.915180206000173, -1.202261088999933 ], [ 36.915328980000027, -1.202122807999956 ], [ 36.915447235000158, -1.202012896999918 ], [ 36.915500641000108, -1.201956391999943 ], [ 36.915660858000138, -1.201794861999815 ], [ 36.915710450000176, -1.201742529999933 ], [ 36.91593170100009, -1.201513648999821 ], [ 36.915988921, -1.201455473999886 ], [ 36.916034697999976, -1.201390862999972 ], [ 36.916118622, -1.201277374999961 ], [ 36.916217804000041, -1.201146841999844 ], [ 36.91630935600017, -1.201021312999956 ], [ 36.916339875000119, -1.200978040999928 ], [ 36.916496277000078, -1.200770973999909 ], [ 36.916545867000082, -1.200701117999927 ], [ 36.916744231000166, -1.200437305999912 ], [ 36.916759492000097, -1.200414419999902 ], [ 36.917125702000192, -1.199918866999951 ], [ 36.917194367000093, -1.199828027999956 ], [ 36.917407990000129, -1.199600456999974 ], [ 36.917434691000096, -1.199571727999967 ], [ 36.917613982000091, -1.199365615999966 ], [ 36.919715881, -1.19712746099998 ], [ 36.919963837000125, -1.196860670999854 ], [ 36.919986726000161, -1.196838377999939 ], [ 36.920864105000192, -1.195897460999902 ], [ 36.921230316, -1.195507287999874 ], [ 36.92176055900012, -1.194938777999823 ], [ 36.922515869000051, -1.194128870999975 ], [ 36.924175262000119, -1.192354559999956 ], [ 36.92522811900011, -1.191228866999893 ], [ 36.925350189000085, -1.191098093999926 ], [ 36.925453187000073, -1.190985320999914 ], [ 36.92591857900004, -1.190488219999907 ], [ 36.926879884000073, -1.189491627999871 ], [ 36.927211762000184, -1.189149141999962 ], [ 36.928394317000084, -1.18792295499992 ], [ 36.928962707000039, -1.187333821999857 ], [ 36.92926788300008, -1.187018631999877 ], [ 36.930328370000154, -1.185917377999886 ], [ 36.930637360000105, -1.185597895999933 ], [ 36.931278230000032, -1.184909462999883 ], [ 36.931373597, -1.184806585999922 ], [ 36.931659698000146, -1.184500813999932 ], [ 36.931701660000101, -1.184456944999965 ], [ 36.932750701000089, -1.18333101199994 ], [ 36.933052063000162, -1.183010816999911 ], [ 36.933780670000147, -1.18222701499991 ], [ 36.935520171000121, -1.180364727999915 ], [ 36.936588286000131, -1.179219841999952 ], [ 36.938461303999986, -1.177214622999941 ], [ 36.938694, -1.176959990999933 ], [ 36.939205169000161, -1.176417350999884 ], [ 36.939281465000079, -1.176335213999948 ], [ 36.939338685000052, -1.176238296999941 ], [ 36.939373017000037, -1.176185011999962 ], [ 36.939449310000043, -1.176063178999925 ], [ 36.939739227000132, -1.175670265999884 ], [ 36.939914704000159, -1.175431369999956 ], [ 36.940010071000188, -1.175302265999903 ], [ 36.940029145000153, -1.175280331999886 ], [ 36.940151215000128, -1.175136922999911 ], [ 36.94022750900001, -1.175047158999973 ], [ 36.9402465820001, -1.175021169999923 ], [ 36.940265656000065, -1.175000190999867 ], [ 36.940288544, -1.174972652999827 ], [ 36.940353393000123, -1.17489886199985 ], [ 36.940719605000083, -1.174368499999844 ], [ 36.940837860000158, -1.174194335999914 ], [ 36.941047668000124, -1.173954129999913 ], [ 36.941074371000127, -1.17392241899995 ], [ 36.941116333000025, -1.173875450999901 ], [ 36.941146850000166, -1.1738420719999 ], [ 36.941165923000028, -1.173820613999965 ], [ 36.941272736000087, -1.173696637999853 ], [ 36.941291809000177, -1.173674463999873 ], [ 36.941410065000184, -1.173536419999834 ], [ 36.941459657, -1.173481462999973 ], [ 36.94151306200007, -1.173425434999956 ], [ 36.941581725000162, -1.173357128999896 ], [ 36.941654206000067, -1.17328357599996 ], [ 36.941776277000088, -1.173120260999951 ], [ 36.941753388000052, -1.173100352999882 ], [ 36.941669464000086, -1.173025248999977 ], [ 36.941547394000111, -1.172919273999923 ], [ 36.941471100000172, -1.17285108599998 ], [ 36.941371918000129, -1.172766208999974 ], [ 36.941341400999988, -1.172739505999971 ], [ 36.941272736000087, -1.172676919999958 ], [ 36.941196441999978, -1.172611831999973 ], [ 36.941146850000166, -1.172567367999932 ], [ 36.94085311900011, -1.172312140999964 ], [ 36.940536499000189, -1.172036884999841 ], [ 36.940513610000153, -1.172016738999957 ], [ 36.940479279000101, -1.171985744999972 ], [ 36.940425873000095, -1.171939610999971 ], [ 36.940391540000178, -1.171909808999885 ], [ 36.940315246000125, -1.171842215999959 ], [ 36.940113069000176, -1.171607017999975 ], [ 36.940071107000051, -1.171558975999972 ], [ 36.940002441000047, -1.171481488999973 ], [ 36.939975738000101, -1.171451329999968 ], [ 36.939952851000044, -1.171425103999923 ], [ 36.939903259, -1.171367643999872 ], [ 36.939876555000126, -1.171336649999887 ], [ 36.939857482000036, -1.171315908999873 ], [ 36.939819335000038, -1.171271561999845 ], [ 36.939781188000154, -1.171230196999886 ], [ 36.939758300000051, -1.171202182999878 ], [ 36.939720153000167, -1.171161293999944 ], [ 36.939693451999972, -1.171128987999964 ], [ 36.939674378000177, -1.171105741999952 ], [ 36.939651490000074, -1.171080827999958 ], [ 36.939620971000124, -1.171046733999958 ], [ 36.939594269000054, -1.171015499999953 ], [ 36.93953704900008, -1.170938253999964 ], [ 36.939517976000047, -1.170909164999955 ], [ 36.939483642000027, -1.170862077999971 ], [ 36.93944168000013, -1.170807002999936 ], [ 36.939418794000176, -1.17077672399995 ], [ 36.939350128000171, -1.170679926999981 ], [ 36.939254761000029, -1.170548200999917 ], [ 36.93922424200008, -1.17050766899996 ], [ 36.939151764000087, -1.17040622199994 ], [ 36.939128875000108, -1.170376776999944 ], [ 36.93909835900007, -1.170334219999916 ], [ 36.939052582000102, -1.17027306499989 ], [ 36.939014435000047, -1.17022049499991 ], [ 36.938980103, -1.170170664999944 ], [ 36.938949584000056, -1.170129417999931 ], [ 36.938758850000113, -1.170009017999917 ], [ 36.938690185000041, -1.169965742999977 ], [ 36.938339233000136, -1.169744847999823 ], [ 36.938217163000161, -1.16971421199986 ], [ 36.93804550200008, -1.169671296999866 ], [ 36.937812806000181, -1.169613003999928 ], [ 36.937759399000129, -1.169600248999927 ], [ 36.937709809000069, -1.169586895999885 ], [ 36.937675477000084, -1.169573544999935 ], [ 36.937358857000163, -1.169444083999963 ], [ 36.93716430600017, -1.169364332999976 ], [ 36.937133789000029, -1.169350981999912 ], [ 36.937072754000042, -1.169326423999905 ], [ 36.937019349000138, -1.169304369999963 ], [ 36.936935425000115, -1.169269799999938 ], [ 36.936817169000108, -1.169221400999959 ], [ 36.936725617000036, -1.169182658999944 ], [ 36.936660767000149, -1.169150471999956 ], [ 36.936592101000144, -1.169114588999889 ], [ 36.936523438000052, -1.169079303999979 ], [ 36.936473846000069, -1.169051765999939 ], [ 36.936359405000076, -1.168992399999979 ], [ 36.936313628000107, -1.168968558999893 ], [ 36.936275482000156, -1.168949722999912 ], [ 36.936225892000152, -1.168923138999958 ], [ 36.936107636000145, -1.168863058999932 ], [ 36.93606948900009, -1.168843030999881 ], [ 36.935958862000064, -1.168785094999976 ], [ 36.935813905000089, -1.168710708999868 ], [ 36.935642241999972, -1.168620704999967 ], [ 36.935546875000171, -1.168571947999851 ], [ 36.935237885, -1.168410777999839 ], [ 36.935165405000077, -1.168373465999935 ], [ 36.935066223000035, -1.168320535999896 ], [ 36.93486023000014, -1.168215035999879 ], [ 36.934703828000124, -1.16813337699989 ], [ 36.934539795000148, -1.168047427999966 ], [ 36.934467317000042, -1.168008683999972 ], [ 36.934406281000122, -1.167973874999916 ], [ 36.934074401000032, -1.167778610999846 ], [ 36.934032441000113, -1.167753814999912 ], [ 36.933830262000185, -1.167633293999813 ], [ 36.933689118000018, -1.167550086999938 ], [ 36.933162687999982, -1.16723906999988 ], [ 36.933109283000135, -1.167208671999958 ], [ 36.933048248000148, -1.167189120999922 ], [ 36.932712555000137, -1.167077064999887 ], [ 36.932258606000175, -1.166927217999898 ], [ 36.931877136000026, -1.16680157199994 ], [ 36.931823730000076, -1.166783570999939 ], [ 36.931659698000146, -1.166729806999911 ], [ 36.93094634900001, -1.16649341599998 ], [ 36.930881501000158, -1.16646945399998 ], [ 36.930580140000188, -1.166358588999969 ], [ 36.930412292000142, -1.166296363999948 ], [ 36.930236816000047, -1.166232107999974 ], [ 36.930141449000018, -1.166196226999944 ], [ 36.930034637000063, -1.166235685999879 ], [ 36.929916381000055, -1.166279910999833 ], [ 36.929721832000041, -1.166352868999923 ], [ 36.929592133000085, -1.166424154999959 ], [ 36.929557799000065, -1.16644418299984 ], [ 36.929508209000062, -1.166469691999907 ], [ 36.929447174000074, -1.166505335999943 ], [ 36.92940902700019, -1.166525124999964 ], [ 36.929359434999981, -1.16650617099998 ], [ 36.929325103000167, -1.166488407999964 ], [ 36.929252625000061, -1.166452168999967 ], [ 36.929153443000189, -1.16640174399987 ], [ 36.929119111000034, -1.166386127999829 ], [ 36.92904663000013, -1.166349648999926 ], [ 36.929019929000162, -1.166336057999956 ], [ 36.928947448000088, -1.166331529999923 ], [ 36.928806304000148, -1.1663225879999 ], [ 36.928741456000125, -1.166318654999941 ], [ 36.928680420000035, -1.166372894999881 ], [ 36.928607940000063, -1.166434167999967 ], [ 36.928585053000063, -1.166452288999949 ], [ 36.928478241000107, -1.166544674999955 ], [ 36.928451538000104, -1.166551827999967 ], [ 36.928421021000133, -1.166557430999944 ], [ 36.928386689000149, -1.166565178999974 ], [ 36.928184510000051, -1.166607020999891 ], [ 36.928096771000128, -1.166625618999944 ], [ 36.92805862400013, -1.166633246999936 ], [ 36.927852632000111, -1.166633246999936 ], [ 36.927692413999978, -1.166633246999936 ], [ 36.927257539000152, -1.166633246999936 ], [ 36.926963805000184, -1.166504978999967 ], [ 36.926921845000095, -1.166486262999854 ], [ 36.926818848000039, -1.166440485999885 ], [ 36.926704406000169, -1.1663184169999 ], [ 36.926681519000113, -1.166294693999816 ], [ 36.926540375000172, -1.166144488999976 ], [ 36.926391601000091, -1.165981173999967 ], [ 36.926326753000069, -1.165914177999923 ], [ 36.92627716100003, -1.165874718999873 ], [ 36.926239014000032, -1.165848254999901 ], [ 36.926181793000183, -1.165803907999873 ], [ 36.926113128000054, -1.16575098099986 ], [ 36.925952911000024, -1.16562914799988 ], [ 36.925876617000142, -1.165574429999879 ], [ 36.925842285000158, -1.165553450999937 ], [ 36.925804138000103, -1.16553103799987 ], [ 36.9257774350001, -1.165513276999889 ], [ 36.925666809000177, -1.165444493999814 ], [ 36.925628663000055, -1.165444493999814 ], [ 36.925518035000152, -1.165444493999814 ], [ 36.925281524000184, -1.165427327999964 ], [ 36.925254822000113, -1.165402531999973 ], [ 36.925209045000145, -1.165355204999969 ], [ 36.925140380000073, -1.165287255999942 ], [ 36.925121307000154, -1.165177820999929 ], [ 36.925102233000189, -1.165059207999889 ], [ 36.925083160000099, -1.164965390999953 ], [ 36.925064086000134, -1.16485619599996 ], [ 36.925056458000029, -1.164801478999891 ], [ 36.925045013000044, -1.164757370999894 ], [ 36.925037385000167, -1.164719819999959 ], [ 36.925022124000066, -1.164662718999978 ], [ 36.924980164000146, -1.164484380999966 ], [ 36.924964904000092, -1.164430618999859 ], [ 36.924930572000108, -1.164355754999974 ], [ 36.924915314000089, -1.164325475999931 ], [ 36.924880982000104, -1.164253352999935 ], [ 36.924846649000187, -1.16417908699998 ], [ 36.924823760000152, -1.164133547999882 ], [ 36.924808502000133, -1.164098500999899 ], [ 36.924774170000148, -1.164054630999942 ], [ 36.92472839300018, -1.163995503999899 ], [ 36.924602509000067, -1.163837908999938 ], [ 36.92454147400008, -1.163762449999979 ], [ 36.924522401000161, -1.163737295999965 ], [ 36.924468993000175, -1.163668512999948 ], [ 36.924430847000053, -1.163620947999902 ], [ 36.924354553000114, -1.163521645999879 ], [ 36.924308775999975, -1.163482306999924 ], [ 36.924236297000107, -1.163416265999956 ], [ 36.924037933000079, -1.163241982999921 ], [ 36.923995971000124, -1.163225769999883 ], [ 36.923912047000101, -1.163193702999934 ], [ 36.923774718000061, -1.163141250999843 ], [ 36.923748017000037, -1.163131474999943 ], [ 36.923645020000151, -1.16310203099988 ], [ 36.923118592000094, -1.163102148999883 ], [ 36.923027038000157, -1.163102148999883 ], [ 36.922828674000073, -1.163131237999892 ], [ 36.922519684000122, -1.163176774999954 ], [ 36.922431945000028, -1.163189410999905 ], [ 36.922157287000061, -1.163057684999956 ], [ 36.922126771000194, -1.163043140999889 ], [ 36.922027589000152, -1.162994383999944 ], [ 36.92190170300006, -1.162930010999958 ], [ 36.921825409000121, -1.162879465999936 ], [ 36.921783447000053, -1.162850974999969 ], [ 36.921623230000193, -1.162745594999876 ], [ 36.921401977000073, -1.162600517999977 ], [ 36.921367645000089, -1.162579178999977 ], [ 36.921260833000133, -1.162507770999923 ], [ 36.921127319000107, -1.162461638999901 ], [ 36.921047210000154, -1.162434577999818 ], [ 36.920967102000077, -1.162407636999887 ], [ 36.920883178000054, -1.162377952999918 ], [ 36.920856476000154, -1.162369489999946 ], [ 36.920787811000082, -1.162345408999897 ], [ 36.920700074000024, -1.162315486999887 ], [ 36.920673370000088, -1.162267564999922 ], [ 36.920585632000154, -1.162124155999891 ], [ 36.920543672000065, -1.162047624999957 ], [ 36.920524596000064, -1.162018297999907 ], [ 36.920494080000026, -1.16185700799997 ], [ 36.92049026400008, -1.161826013999928 ], [ 36.920482636000145, -1.161793112999931 ], [ 36.920471191000161, -1.16174721799996 ], [ 36.920463563000055, -1.161718963999931 ], [ 36.92044448900009, -1.16162979499984 ], [ 36.920429229000092, -1.161566851999964 ], [ 36.920383454000103, -1.161359189999928 ], [ 36.920318604000045, -1.161102889999938 ], [ 36.920295715000066, -1.161017775999937 ], [ 36.920257568000181, -1.160857795999902 ], [ 36.920230865000178, -1.160758376999922 ], [ 36.920223237000073, -1.160723804999918 ], [ 36.920185090000018, -1.160575507999908 ], [ 36.92014312800012, -1.160410045999924 ], [ 36.920089721000068, -1.16031169799993 ], [ 36.920070647000045, -1.160274863999973 ], [ 36.920055389000026, -1.160245299999929 ], [ 36.92000198400018, -1.160147547999941 ], [ 36.91997146500006, -1.160132289999922 ], [ 36.919887543000186, -1.160091757999965 ], [ 36.919750214000089, -1.16002333199998 ], [ 36.919715881, -1.160004615999924 ], [ 36.919628144000114, -1.159968851999906 ], [ 36.919578552000132, -1.159960031999958 ], [ 36.919170380000082, -1.159885763999966 ], [ 36.919059753000113, -1.159863114999951 ], [ 36.918983459000174, -1.159837245999938 ], [ 36.91885376, -1.159794330999944 ], [ 36.918769836000024, -1.159766314999843 ], [ 36.918418885000165, -1.159649371999933 ], [ 36.918270110000037, -1.159599661999891 ], [ 36.918235779000156, -1.159588336999946 ], [ 36.918159485000047, -1.159572720999904 ], [ 36.917865754000161, -1.159511207999969 ], [ 36.917789460000051, -1.159495591999928 ], [ 36.917732238000099, -1.159483671999908 ], [ 36.917469025000116, -1.159428953999907 ], [ 36.917438506000167, -1.159422516999882 ], [ 36.917396545000145, -1.159413575999963 ], [ 36.91735839800009, -1.159402130999979 ], [ 36.917308808000087, -1.159387349999918 ], [ 36.917243957000153, -1.159368276999942 ], [ 36.91721725400015, -1.15935981299998 ], [ 36.91716003300013, -1.159342645999971 ], [ 36.916915894000056, -1.159270404999916 ], [ 36.916778565000186, -1.159229277999884 ], [ 36.916603087000055, -1.159176944999842 ], [ 36.916576386000031, -1.15916883999995 ], [ 36.916530609000063, -1.159158943999955 ], [ 36.916477204000046, -1.159148095999853 ], [ 36.916374206, -1.159126042999958 ], [ 36.916175842000143, -1.159083722999924 ], [ 36.915996551000148, -1.159046530999888 ], [ 36.915935516000161, -1.159046530999888 ], [ 36.915874481000174, -1.159046530999888 ], [ 36.915596008000136, -1.159046530999888 ], [ 36.915557861000082, -1.159050106999928 ], [ 36.915428162000069, -1.159062861999814 ], [ 36.915325165000183, -1.159072637999827 ], [ 36.915065765, -1.159097790999965 ], [ 36.915027618000181, -1.159098981999875 ], [ 36.914829254000097, -1.159098981999875 ], [ 36.914707183000189, -1.159098981999875 ], [ 36.914459229000101, -1.159098981999875 ], [ 36.914276123000093, -1.159098981999875 ], [ 36.91382980200018, -1.159098981999875 ], [ 36.913722992000032, -1.159098981999875 ], [ 36.913501739000139, -1.159098981999875 ], [ 36.913436889000081, -1.159098981999875 ], [ 36.913314818, -1.159098981999875 ], [ 36.913219451000032, -1.159098981999875 ], [ 36.913051606000067, -1.159129142999973 ], [ 36.912956239000096, -1.159145830999933 ], [ 36.912872315000072, -1.159161089999941 ], [ 36.912837983000088, -1.159167169999932 ], [ 36.912731171000132, -1.15918636299989 ], [ 36.912677766000058, -1.159192203999964 ], [ 36.912342072000172, -1.159227847999944 ], [ 36.912223817000097, -1.159234522999895 ], [ 36.912124635000055, -1.159205673999907 ], [ 36.912071227000069, -1.159191488999966 ], [ 36.911861420000037, -1.159131049999928 ], [ 36.911613464000141, -1.159061549999876 ], [ 36.911457061000078, -1.159032225999965 ], [ 36.911380768000072, -1.159017799999901 ], [ 36.911346436000031, -1.15901112499995 ], [ 36.911182403000055, -1.158980368999892 ], [ 36.911067963, -1.15895914999993 ], [ 36.911037444000044, -1.15896391799987 ], [ 36.910572052000077, -1.159041165999952 ], [ 36.910377503000063, -1.159072994999917 ], [ 36.910301209000181, -1.159085630999925 ], [ 36.909618377000129, -1.159198163999974 ], [ 36.909374236000133, -1.159238695999875 ], [ 36.909282684000175, -1.159247993999941 ], [ 36.908905029000096, -1.159286139999892 ], [ 36.908420564000096, -1.159335374999955 ], [ 36.907993316000102, -1.159378526999888 ], [ 36.907569886000033, -1.159338949999835 ], [ 36.90740203900009, -1.159323334999954 ], [ 36.906681060000039, -1.15925633899991 ], [ 36.906242371000076, -1.159158943999955 ], [ 36.905811309000114, -1.159062981999909 ], [ 36.905448914000033, -1.158982872999957 ], [ 36.905422211000086, -1.158976555999971 ], [ 36.903766633000032, -1.158155916999931 ], [ 36.90349197300003, -1.158026933999963 ], [ 36.903423310000164, -1.158013582999956 ], [ 36.903232575000061, -1.157975315999977 ], [ 36.903076171000123, -1.157944439999824 ], [ 36.902904510000042, -1.157910345999937 ], [ 36.902851105000138, -1.157910345999937 ], [ 36.90273285, -1.157910345999937 ], [ 36.902568817000031, -1.157910227999935 ], [ 36.902484893, -1.157910227999935 ], [ 36.90209961000005, -1.157966970999894 ], [ 36.901950835999969, -1.157988546999832 ], [ 36.90189361500012, -1.157997369999919 ], [ 36.901496887000178, -1.158010720999869 ], [ 36.901367188, -1.1580151309999 ], [ 36.900993348000156, -1.158045291999883 ], [ 36.900928498000155, -1.158050536999895 ], [ 36.900859832000151, -1.158056139999928 ], [ 36.900775910000107, -1.158062814999937 ], [ 36.900730133000138, -1.158066510999959 ], [ 36.90052795400004, -1.158154606999972 ], [ 36.900501250000104, -1.158167122999942 ], [ 36.90033722000004, -1.158242343999973 ], [ 36.899986266000155, -1.158438562999947 ], [ 36.899898529000097, -1.158487080999976 ], [ 36.89980697500016, -1.158549905999905 ], [ 36.899726869000119, -1.158604620999824 ], [ 36.899532317000137, -1.158735989999968 ], [ 36.899471281999979, -1.158778666999922 ], [ 36.899032594000118, -1.158894181999869 ], [ 36.89898681700015, -1.158905862999973 ], [ 36.898941040000182, -1.158917902999974 ], [ 36.898757934000116, -1.158837793999908 ], [ 36.89862442000009, -1.158778666999922 ], [ 36.898517609000066, -1.158731816999932 ], [ 36.89840698200004, -1.158687234999888 ], [ 36.898223875999975, -1.158614515999943 ], [ 36.897975922000057, -1.158516286999884 ], [ 36.897773742000027, -1.158435224999948 ], [ 36.897640229000103, -1.158713817999967 ], [ 36.897480010999971, -1.159054756999922 ], [ 36.897090913000113, -1.159880757999872 ], [ 36.897037506000061, -1.159991978999926 ], [ 36.896984100000111, -1.160103797999966 ], [ 36.896930695000037, -1.160213588999966 ], [ 36.896598815000118, -1.16088914799991 ], [ 36.895496368000067, -1.163140772999895 ], [ 36.895019531000173, -1.164110660999938 ], [ 36.894485473000032, -1.165199994999909 ], [ 36.894317628000067, -1.165498613999944 ], [ 36.894050598000035, -1.165968417999977 ], [ 36.893947601000093, -1.166146158999936 ], [ 36.893852234000121, -1.166319489999978 ], [ 36.893627166000158, -1.166714428999967 ], [ 36.893482209000126, -1.166933535999931 ], [ 36.893463135000161, -1.166974542999924 ], [ 36.893424988000106, -1.167025922999926 ], [ 36.893356323000035, -1.167091965999873 ], [ 36.893341065000186, -1.167122482999901 ], [ 36.89331817600015, -1.167145370999947 ], [ 36.893268586000147, -1.167195438999897 ], [ 36.893108369000117, -1.167365550999932 ], [ 36.893005371000129, -1.167472718999932 ], [ 36.892883301000154, -1.167600154999889 ], [ 36.892864227000189, -1.167630790999965 ], [ 36.892032623000091, -1.168200492999915 ], [ 36.891757965000124, -1.168388603999972 ], [ 36.891586305000146, -1.168505906999883 ], [ 36.891529082000091, -1.168545126999959 ], [ 36.89139175300005, -1.168640850999964 ], [ 36.891345978000061, -1.168672679999929 ], [ 36.890857696000182, -1.169006942999943 ], [ 36.890522003000171, -1.169237493999958 ], [ 36.889724732000047, -1.169785499999875 ], [ 36.889312744000051, -1.170068024999978 ], [ 36.889171599000179, -1.170164942999918 ], [ 36.888534547000063, -1.170603035999932 ], [ 36.888370514000087, -1.170715570999846 ], [ 36.888065338000047, -1.170925497999974 ], [ 36.887981416, -1.170982955999932 ], [ 36.887798310000164, -1.171108246999893 ], [ 36.887718171000188, -1.171163099999944 ], [ 36.887783000000127, -1.171206 ], [ 36.887924, -1.171301 ], [ 36.887967894000155, -1.171330548999947 ], [ 36.888077000000123, -1.171404 ], [ 36.888142000000187, -1.171447 ], [ 36.888287000000105, -1.171543 ], [ 36.888305000000173, -1.171572 ], [ 36.888393403000123, -1.171713827999952 ], [ 36.888439178000056, -1.171783565999931 ], [ 36.88846417200017, -1.171823621999977 ], [ 36.888492885000176, -1.171868821999965 ], [ 36.888527, -1.171919 ], [ 36.888638000000185, -1.172053999999832 ], [ 36.888783000000103, -1.172221 ], [ 36.888836, -1.172285 ], [ 36.888911, -1.172406 ], [ 36.888965326000061, -1.172494896999979 ], [ 36.888988496000024, -1.172532438999895 ], [ 36.889000632000148, -1.172551649999889 ], [ 36.889015, -1.172574 ], [ 36.889088000000129, -1.172688999999878 ], [ 36.889168000000154, -1.172822 ], [ 36.889351, -1.173142999999868 ], [ 36.889396, -1.173222999999837 ], [ 36.889427, -1.173279 ], [ 36.889580000000137, -1.173552 ], [ 36.889594930000101, -1.173578873999872 ], [ 36.889683000000105, -1.17372399899989 ], [ 36.889715000000137, -1.173776 ], [ 36.889896000000192, -1.174072 ], [ 36.889977335000083, -1.174205368999935 ], [ 36.890056559000016, -1.174335277999944 ], [ 36.890118, -1.174438999999893 ], [ 36.890132000000165, -1.174461 ], [ 36.89049148600003, -1.17506885499995 ], [ 36.890575325000157, -1.175210334999974 ], [ 36.890632540000183, -1.175306230999979 ], [ 36.89069000000012, -1.175397 ], [ 36.890774002000171, -1.175526003999948 ], [ 36.890858, -1.17565499899996 ], [ 36.890933713000152, -1.175772553999934 ], [ 36.890972138000052, -1.175832032999949 ], [ 36.891315460000044, -1.176362275999963 ], [ 36.891487123000104, -1.176624654999898 ], [ 36.891617265000036, -1.176805305999949 ], [ 36.891651, -1.176851999999883 ], [ 36.892042904000164, -1.17739770299994 ], [ 36.892417909000187, -1.17791974599993 ], [ 36.892466416000048, -1.177986713999815 ], [ 36.892590000000155, -1.178156998999953 ], [ 36.89264926300018, -1.17824121599989 ], [ 36.892761230000076, -1.178399680999973 ], [ 36.893089295000152, -1.178853511999932 ], [ 36.893424073000119, -1.179318713999976 ], [ 36.893475225000088, -1.179391305999957 ], [ 36.893578000000161, -1.179533 ], [ 36.893917000000158, -1.180005999999821 ], [ 36.893944, -1.180043 ], [ 36.893980155000122, -1.180093800999884 ], [ 36.894217431000072, -1.180427200999929 ], [ 36.894274682000059, -1.180500987999835 ], [ 36.894291001000113, -1.180522000999872 ], [ 36.894329000000141, -1.180568 ], [ 36.89433200000019, -1.180586 ], [ 36.894333000000131, -1.180596 ], [ 36.894341, -1.180649 ], [ 36.89434717000006, -1.180690433999871 ], [ 36.894371033000141, -1.180824636999944 ], [ 36.894611359000123, -1.181112050999957 ], [ 36.894637232000036, -1.181141904999947 ], [ 36.894661, -1.181169 ], [ 36.894694000000129, -1.18125 ], [ 36.894733298000176, -1.181348879999973 ], [ 36.894756316000155, -1.181406021999919 ], [ 36.894779205000191, -1.181439875999956 ], [ 36.8947900820001, -1.181457126999874 ], [ 36.894801, -1.181474 ], [ 36.894825000000139, -1.181511999999884 ], [ 36.894868317000089, -1.181582300999935 ], [ 36.894886017000147, -1.181610821999925 ], [ 36.894897460000095, -1.181865690999928 ], [ 36.894924163999974, -1.182027220999885 ], [ 36.894940034000058, -1.182121486999961 ], [ 36.89495200000016, -1.182192 ], [ 36.89497, -1.18229899999983 ], [ 36.894978, -1.182337 ], [ 36.894988213000033, -1.182456764999927 ], [ 36.895008088, -1.182715652999946 ], [ 36.895164490000184, -1.183062911999968 ], [ 36.89519476300012, -1.183111623999935 ], [ 36.89520440299998, -1.183126967999954 ], [ 36.895271300000104, -1.183233379999933 ], [ 36.895328237000115, -1.183319841999833 ], [ 36.895346164000102, -1.183348725999906 ], [ 36.895355224000127, -1.18336272099998 ], [ 36.895393371000182, -1.18341517399989 ], [ 36.89539913700014, -1.183423820999906 ], [ 36.895409001000075, -1.183437998999921 ], [ 36.895518327000048, -1.183588324999903 ], [ 36.895568847000163, -1.18365752699998 ], [ 36.895606996000026, -1.183709859999965 ], [ 36.895629882000151, -1.183727620999889 ], [ 36.895649164000133, -1.183742706999908 ], [ 36.895673000000158, -1.18376099999989 ], [ 36.895737000000111, -1.183810999999878 ], [ 36.895908, -1.183946 ], [ 36.895966, -1.183970999999872 ], [ 36.895986307000044, -1.18398037299994 ], [ 36.896095276000096, -1.184027551999918 ], [ 36.896155856000121, -1.184053929999891 ], [ 36.896202350000067, -1.184073741999953 ], [ 36.896221952000076, -1.184082514999943 ], [ 36.896236, -1.184089 ], [ 36.896259000000157, -1.184107 ], [ 36.89629495700018, -1.184138530999974 ], [ 36.896324000000163, -1.184163998999963 ], [ 36.896355, -1.184191 ], [ 36.89631, -1.184242 ], [ 36.896259000000157, -1.184299 ], [ 36.896167315000071, -1.184386799999913 ], [ 36.896141000000114, -1.184412000999941 ], [ 36.896058400000072, -1.184492366999962 ], [ 36.896029861999978, -1.184520129999953 ], [ 36.895909418000144, -1.184634431999882 ], [ 36.895481, -1.185041000999945 ], [ 36.895123000000126, -1.185383999999885 ], [ 36.895016001000045, -1.185486998999977 ], [ 36.89507900000018, -1.185621 ], [ 36.895088547000171, -1.18564156299982 ], [ 36.895098207000103, -1.185660671999869 ], [ 36.895142, -1.185743 ], [ 36.895273, -1.185987 ], [ 36.895412, -1.186248 ], [ 36.895962, -1.187279 ], [ 36.895990498000117, -1.187332496999943 ], [ 36.896019005000085, -1.187386009999898 ], [ 36.896025000000122, -1.187397 ], [ 36.896061, -1.187467 ], [ 36.896111000000133, -1.18756 ], [ 36.896313001000067, -1.187846000999969 ], [ 36.896441, -1.188026 ], [ 36.896563767000032, -1.188199670999893 ], [ 36.896596000000102, -1.188245 ], [ 36.896603, -1.188255 ], [ 36.896667491000073, -1.18832698999995 ], [ 36.896732, -1.188399 ], [ 36.896809000000189, -1.188486 ], [ 36.896878000000186, -1.188563 ], [ 36.896927000000176, -1.188618 ], [ 36.896965, -1.18866 ], [ 36.897010912000155, -1.18871190099992 ], [ 36.897042, -1.188735 ], [ 36.89705853300012, -1.188747717999945 ], [ 36.897068024000077, -1.188754795999898 ], [ 36.897098030000109, -1.18877617499993 ], [ 36.897146000000134, -1.188809999999876 ], [ 36.897316, -1.188931 ], [ 36.897376000000179, -1.188975 ], [ 36.897418224000148, -1.189006667999877 ], [ 36.897472381000057, -1.189046501999883 ], [ 36.89755856, -1.189107672999967 ], [ 36.897579001, -1.189122 ], [ 36.897614000000146, -1.189152 ], [ 36.897724, -1.189247 ], [ 36.897772559000032, -1.189289210999902 ], [ 36.897877001000154, -1.189379998999868 ], [ 36.89807100000013, -1.189546 ], [ 36.898147916000084, -1.189611927999977 ], [ 36.898302845000046, -1.189804563999928 ], [ 36.898324907000074, -1.189833507999936 ], [ 36.898361205000072, -1.189880848999906 ], [ 36.898502434000136, -1.19005746199997 ], [ 36.898575000999983, -1.190148 ], [ 36.898611415000175, -1.190195124999889 ], [ 36.898643, -1.190236 ], [ 36.898778, -1.190413 ], [ 36.899023607000174, -1.190736166999898 ], [ 36.899077, -1.190805999999895 ], [ 36.899123817000088, -1.19086875499994 ], [ 36.899067000000116, -1.190904 ], [ 36.898971000000188, -1.190963 ], [ 36.89894900000013, -1.190976 ], [ 36.898896719000163, -1.190978442999949 ], [ 36.898842001000048, -1.190981000999898 ], [ 36.89874646300018, -1.190975228999946 ], [ 36.898693008000066, -1.190971999999874 ], [ 36.898677000000191, -1.190958 ], [ 36.89865899900019, -1.190942 ], [ 36.898618605000081, -1.190905207999947 ], [ 36.898502009000026, -1.190799007999942 ], [ 36.89838555100016, -1.190696550999917 ], [ 36.898361205000072, -1.190672397999947 ], [ 36.898323846000096, -1.19063934899998 ], [ 36.898262008000131, -1.190585006999925 ], [ 36.897603000000117, -1.190343999999868 ], [ 36.897567799000171, -1.190331 ], [ 36.89694600100006, -1.190331 ], [ 36.896763001000181, -1.190331 ], [ 36.896053000000165, -1.190331 ], [ 36.896023000000127, -1.190331 ], [ 36.896005, -1.190336 ], [ 36.895995339000081, -1.19033865699987 ], [ 36.895885467000028, -1.190369366999846 ], [ 36.895717621000188, -1.190415143999815 ], [ 36.895668028999978, -1.190429329999915 ], [ 36.895355224000127, -1.190515398999935 ], [ 36.895267487000069, -1.190561293999906 ], [ 36.894939422, -1.190735100999973 ], [ 36.894860661000166, -1.190777000999901 ], [ 36.8947730000001, -1.190824 ], [ 36.894615000000158, -1.190908 ], [ 36.894602897000141, -1.190912898999954 ], [ 36.894573, -1.190925000999812 ], [ 36.894423888000176, -1.190988396999899 ], [ 36.894279481000012, -1.191050050999934 ], [ 36.89426291000018, -1.191057197999896 ], [ 36.894241000000136, -1.191067 ], [ 36.894206000000111, -1.191082 ], [ 36.894184, -1.191091 ], [ 36.89407281300015, -1.191138457999955 ], [ 36.893856, -1.191231 ], [ 36.893822000000114, -1.191236 ], [ 36.893710999000064, -1.191254000999947 ], [ 36.893660005000129, -1.191262359999939 ], [ 36.89365, -1.191263999999876 ], [ 36.893630988000098, -1.19126696099994 ], [ 36.893527999000014, -1.191283000999931 ], [ 36.893138998999973, -1.191346000999829 ], [ 36.893114914000023, -1.191344082999933 ], [ 36.893051148000097, -1.191339491999884 ], [ 36.893026000000134, -1.191338 ], [ 36.893013000000167, -1.191337 ], [ 36.892662, -1.191312 ], [ 36.89249400000017, -1.191299999999842 ], [ 36.892147, -1.191153 ], [ 36.891858967000132, -1.191030485999931 ], [ 36.891570999000123, -1.190908 ], [ 36.89151201300001, -1.190892002999931 ], [ 36.891453, -1.190876 ], [ 36.89091, -1.190733 ], [ 36.89088519000012, -1.190726354999867 ], [ 36.890853881000112, -1.190718412999956 ], [ 36.890801, -1.190705 ], [ 36.890781, -1.1907 ], [ 36.890736001000107, -1.1907 ], [ 36.890358, -1.1907 ], [ 36.890263000000175, -1.1907 ], [ 36.890226, -1.190703 ], [ 36.890180082000029, -1.190722749999964 ], [ 36.890132904000041, -1.190743446999875 ], [ 36.890018463999979, -1.190793871999972 ], [ 36.889979488000165, -1.190810989999875 ], [ 36.88995, -1.190824 ], [ 36.889916, -1.190838999999869 ], [ 36.889866214, -1.190860511999972 ], [ 36.889835358000141, -1.190873979999935 ], [ 36.889766628000132, -1.190904898999918 ], [ 36.889731, -1.190920999999832 ], [ 36.889671230000033, -1.190947896999944 ], [ 36.889648437, -1.190978049999956 ], [ 36.889614105000192, -1.191094160999967 ], [ 36.889603704000137, -1.19112231399987 ], [ 36.889598, -1.191138 ], [ 36.889565000000118, -1.191228 ], [ 36.88947300000018, -1.191301999999894 ], [ 36.889308605000167, -1.191432296999949 ], [ 36.889264766000167, -1.191465369999946 ], [ 36.889243029000056, -1.191479012999821 ], [ 36.889214, -1.191492 ], [ 36.889191, -1.191499 ], [ 36.889091000000178, -1.191529000999935 ], [ 36.88899610600015, -1.191556222999964 ], [ 36.888969422000059, -1.191563962999908 ], [ 36.888870240000188, -1.19159400399991 ], [ 36.888690949000193, -1.191743493999923 ], [ 36.888583288000063, -1.191839757999901 ], [ 36.888572465000152, -1.19184947399998 ], [ 36.888528765000103, -1.191888289999952 ], [ 36.888412476000155, -1.191991685999938 ], [ 36.888385136000011, -1.192019905999871 ], [ 36.888283000000115, -1.192126 ], [ 36.888265360000048, -1.192143639999927 ], [ 36.888248444000112, -1.192161202999955 ], [ 36.888131728000189, -1.19228228399993 ], [ 36.888016001000153, -1.192403000999889 ], [ 36.887982555, -1.192437113999972 ], [ 36.887966000000176, -1.192454 ], [ 36.887932, -1.19249 ], [ 36.887859, -1.192565 ], [ 36.887842668000076, -1.192581331999975 ], [ 36.88781, -1.192614 ], [ 36.887764000000175, -1.192652 ], [ 36.887718, -1.192691 ], [ 36.887601936000067, -1.192787947999932 ], [ 36.887462368000058, -1.192904526999882 ], [ 36.88745077599998, -1.192914204999909 ], [ 36.887265613000068, -1.193068807999907 ], [ 36.887256994000154, -1.193076001999884 ], [ 36.887235751000048, -1.193081482999958 ], [ 36.887226105000138, -1.193084120999913 ], [ 36.886898040000119, -1.193355083999961 ], [ 36.886344909000059, -1.193516491999901 ], [ 36.885746001000086, -1.193747162999898 ], [ 36.885101318000125, -1.193770288999929 ], [ 36.884384155000191, -1.193770288999929 ], [ 36.883716584000126, -1.193770288999929 ], [ 36.883071899000129, -1.193770288999929 ], [ 36.882633000000169, -1.194024 ], [ 36.882556000000193, -1.194031 ], [ 36.881317, -1.194138999999893 ], [ 36.879447908000088, -1.194185003999962 ], [ 36.87866652200006, -1.194220406999875 ], [ 36.877903000000117, -1.194254999999885 ], [ 36.876994, -1.194221 ], [ 36.876034, -1.194184999999891 ], [ 36.874557, -1.194056999999873 ], [ 36.874442864000173, -1.194046892999836 ], [ 36.874410000000125, -1.194021 ], [ 36.874340303000167, -1.193965630999969 ], [ 36.874122619000048, -1.1937932969999 ], [ 36.873958588999983, -1.193747162999898 ], [ 36.873683929000038, -1.19381642299993 ], [ 36.873268127000074, -1.194093108999937 ], [ 36.872478333000117, -1.194068234999975 ], [ 36.872454604000154, -1.194056990999968 ], [ 36.87204400000013, -1.193862 ], [ 36.871468, -1.193493 ], [ 36.87117000000012, -1.193146999999897 ], [ 36.870731, -1.193146999999897 ], [ 36.87029289200018, -1.193054754999878 ], [ 36.870238906000168, -1.19293328599997 ], [ 36.87019987400015, -1.192847560999894 ], [ 36.86985030600016, -1.192711429999918 ], [ 36.869785308000132, -1.192686199999969 ], [ 36.869567558000028, -1.19262090999996 ], [ 36.86932400000012, -1.192547999999874 ], [ 36.869166, -1.192465 ], [ 36.868885, -1.192317 ], [ 36.868731, -1.192180999999891 ], [ 36.868466989000183, -1.191946371999961 ], [ 36.868227000000161, -1.191752 ], [ 36.868131040000037, -1.19167403199998 ], [ 36.868099212000061, -1.191648243999964 ], [ 36.867687225000168, -1.191325306999886 ], [ 36.867424892000031, -1.191248301999906 ], [ 36.866901, -1.191095 ], [ 36.86669745800009, -1.191009975999975 ], [ 36.86634800000013, -1.190864000999909 ], [ 36.865749000000108, -1.190841 ], [ 36.865523, -1.190698 ], [ 36.865311, -1.190564 ], [ 36.865276492000078, -1.190425969999978 ], [ 36.865265000000193, -1.190379999999834 ], [ 36.865265000000193, -1.190034 ], [ 36.865260000000148, -1.190010999999856 ], [ 36.865173, -1.189595000999873 ], [ 36.865078, -1.18934199999984 ], [ 36.86478, -1.189319 ], [ 36.86449, -1.189221999999859 ], [ 36.864365000000191, -1.18918 ], [ 36.86419091200014, -1.18910018299988 ], [ 36.863811000000169, -1.188926 ], [ 36.86323997400018, -1.188546064999969 ], [ 36.86304900000016, -1.188419 ], [ 36.862946000000193, -1.188314 ], [ 36.862865372000101, -1.18823138099998 ], [ 36.862765418000151, -1.188585423999939 ], [ 36.862679000000128, -1.188892999999894 ], [ 36.862563002000115, -1.189295052999967 ], [ 36.862473001000012, -1.189607 ], [ 36.862157102000083, -1.190723860999867 ], [ 36.861797000000138, -1.191997 ], [ 36.861672000000112, -1.192437 ], [ 36.861641000000191, -1.192543999999828 ], [ 36.861583, -1.192752999999868 ], [ 36.861446, -1.193243 ], [ 36.861439000000189, -1.193269 ], [ 36.861435, -1.193282 ], [ 36.861389000000145, -1.193443 ], [ 36.861345997000058, -1.193592787999933 ], [ 36.861240388000112, -1.193962097999929 ], [ 36.861119311000095, -1.194385959999977 ], [ 36.861084000000119, -1.19451 ], [ 36.861073, -1.194564 ], [ 36.861012000000187, -1.19482 ], [ 36.860825, -1.195583 ], [ 36.860767234000036, -1.195820068999979 ], [ 36.86074829000006, -1.195898532999934 ], [ 36.860712589000059, -1.196047285999953 ], [ 36.86063600000017, -1.196368 ], [ 36.86039, -1.197393 ], [ 36.860179942000116, -1.198258234999912 ], [ 36.860158492000096, -1.198346528999934 ], [ 36.860111, -1.198542 ], [ 36.860092001, -1.198632 ], [ 36.859903688000145, -1.199597829999846 ], [ 36.859867000000122, -1.199786 ], [ 36.85984, -1.199919 ], [ 36.8597180000001, -1.200547 ], [ 36.859501, -1.200572000999955 ], [ 36.859478265000064, -1.200574236999898 ], [ 36.859440000000177, -1.20057800099994 ], [ 36.859409, -1.200575000999947 ], [ 36.859339084000169, -1.200585839999974 ], [ 36.859277658000053, -1.200594172999956 ], [ 36.859096176000151, -1.200530166999954 ], [ 36.859033, -1.200508 ], [ 36.859005, -1.200497999999868 ], [ 36.85874600000011, -1.200406 ], [ 36.858493248000173, -1.200317520999874 ], [ 36.858439444000169, -1.200283327999898 ], [ 36.858387000000107, -1.200249999999869 ], [ 36.858346329000028, -1.200224390999892 ], [ 36.85832977400014, -1.20021414799993 ], [ 36.858013154000048, -1.20001137099996 ], [ 36.857917785000097, -1.199949262999951 ], [ 36.85786902000001, -1.199926099999914 ], [ 36.857841, -1.19991300099997 ], [ 36.857691800000111, -1.199841295999931 ], [ 36.857635498999969, -1.199814318999813 ], [ 36.857593537000071, -1.199795007999967 ], [ 36.857440948000146, -1.19972145499986 ], [ 36.857334907000165, -1.199671367999883 ], [ 36.857208, -1.199612000999934 ], [ 36.857138303000056, -1.199578300999917 ], [ 36.857109675000174, -1.199564776999864 ], [ 36.857092, -1.199557 ], [ 36.857070724000039, -1.19954686799997 ], [ 36.857002, -1.199514 ], [ 36.856961638000087, -1.199494199999947 ], [ 36.85694885200013, -1.199488043999906 ], [ 36.856929580000099, -1.199483462999979 ], [ 36.856842000000142, -1.199463 ], [ 36.856820029000176, -1.199457218999953 ], [ 36.856803895000098, -1.199453234999964 ], [ 36.856611, -1.199408 ], [ 36.856415, -1.199361 ], [ 36.856156, -1.199298999999883 ], [ 36.856121532000031, -1.199290727999937 ], [ 36.856056213000045, -1.199275135999869 ], [ 36.855979919000163, -1.199257372999909 ], [ 36.855945587000122, -1.199255465999954 ], [ 36.85583114700006, -1.19924902799994 ], [ 36.855766296000127, -1.199245452999889 ], [ 36.855564117000029, -1.199234246999936 ], [ 36.855430603000173, -1.199263333999966 ], [ 36.85529391200015, -1.199293070999943 ], [ 36.855276, -1.199296999999888 ], [ 36.855034000000103, -1.19935 ], [ 36.854876975000025, -1.199429045999977 ], [ 36.854740000000106, -1.199498 ], [ 36.854667955000139, -1.199534011999958 ], [ 36.85458100000011, -1.199557 ], [ 36.854115, -1.199676999999895 ], [ 36.854093734000116, -1.199681913999939 ], [ 36.854084015000126, -1.199684380999884 ], [ 36.854063, -1.19969 ], [ 36.854042000000106, -1.199696 ], [ 36.853629489000184, -1.199802505999969 ], [ 36.853523001000042, -1.19983 ], [ 36.853456761000075, -1.199847363999879 ], [ 36.853411000000108, -1.199859 ], [ 36.853355000000136, -1.199871 ], [ 36.853148864000104, -1.199915028999953 ], [ 36.852994377000186, -1.199948162999874 ], [ 36.852776000000176, -1.199995 ], [ 36.85273199500017, -1.199996499999941 ], [ 36.852687899000045, -1.19999800599993 ], [ 36.852650009000115, -1.199999999999875 ], [ 36.852463001000103, -1.200006999999857 ], [ 36.852268, -1.200013999999896 ], [ 36.852130825000188, -1.20001902499996 ], [ 36.852026, -1.200034 ], [ 36.852011909999987, -1.200035984999943 ], [ 36.851955413000042, -1.200044274999925 ], [ 36.851648927999975, -1.200089497999954 ], [ 36.85158501, -1.20009899799993 ], [ 36.851569000000154, -1.200101399999937 ], [ 36.851505044000191, -1.200110993999942 ], [ 36.851341000000104, -1.200274 ], [ 36.851242, -1.200375999999835 ], [ 36.851229303000025, -1.200378115999911 ], [ 36.851212, -1.200380999999879 ], [ 36.851146933000109, -1.200390067999933 ], [ 36.850871980000193, -1.200667027999941 ], [ 36.850862, -1.200681 ], [ 36.850792000000126, -1.200775 ], [ 36.850718, -1.200866 ], [ 36.850654770000176, -1.200944638999886 ], [ 36.850585993000038, -1.201432078999972 ], [ 36.850585, -1.201444 ], [ 36.850536, -1.201878999999849 ], [ 36.850338, -1.203603 ], [ 36.850203818000125, -1.204783646999942 ], [ 36.850141000000121, -1.205353 ], [ 36.850132, -1.205431 ], [ 36.850094427000045, -1.205759760999968 ], [ 36.850052001000108, -1.206130999999857 ], [ 36.849705, -1.208357000999911 ], [ 36.84941897900012, -1.210212134999949 ], [ 36.849403928000072, -1.210306379999906 ], [ 36.849376855, -1.210475957999904 ], [ 36.849340285000039, -1.210718791999909 ], [ 36.849326958000063, -1.210807277999947 ], [ 36.849305, -1.210951 ], [ 36.849251, -1.211292999999898 ], [ 36.849247, -1.211321 ], [ 36.848953108000046, -1.21119204799993 ], [ 36.848888000000159, -1.2116 ], [ 36.848345405000146, -1.211361954999859 ], [ 36.846831932000043, -1.210698124999908 ], [ 36.844943999000066, -1.209870099999875 ], [ 36.839558166000018, -1.207611221999912 ], [ 36.838921001000188, -1.207344 ], [ 36.838870125000028, -1.207422129999941 ], [ 36.838837, -1.207473 ], [ 36.838823499000114, -1.207492500999876 ], [ 36.838810000000137, -1.207512000999884 ], [ 36.838769816000024, -1.207574811999962 ], [ 36.838700490000122, -1.207677245999889 ], [ 36.838684001000104, -1.207688000999894 ], [ 36.838631320000104, -1.207720442999914 ], [ 36.83852000000013, -1.207788999999877 ], [ 36.838412198000071, -1.207855493999887 ], [ 36.838244, -1.207958999999846 ], [ 36.838112000000137, -1.208039999999869 ], [ 36.838071568000146, -1.208064561999947 ], [ 36.83800414100017, -1.208105332999878 ], [ 36.837956427000108, -1.208123889999968 ], [ 36.837933, -1.208133 ], [ 36.837669, -1.208221 ], [ 36.837226995000151, -1.208368 ], [ 36.837151000000176, -1.208362 ], [ 36.837103398000124, -1.208357672999966 ], [ 36.837074280000024, -1.208355306999863 ], [ 36.836971283000139, -1.208346246999895 ], [ 36.836620332000166, -1.20831608799989 ], [ 36.836421967000149, -1.208299039999929 ], [ 36.835460662000116, -1.208215474999918 ], [ 36.835402455000178, -1.208210437999867 ], [ 36.835384, -1.20820899999984 ], [ 36.835359807000032, -1.208206579999967 ], [ 36.834997000000101, -1.208078999999827 ], [ 36.834782242000131, -1.208002989999954 ], [ 36.834640504000106, -1.207953095999869 ], [ 36.834561572000155, -1.207925426999907 ], [ 36.834448000000179, -1.207886 ], [ 36.834114, -1.207769 ], [ 36.833941811000102, -1.207668137999917 ], [ 36.833805085000165, -1.207588433999831 ], [ 36.833697412000049, -1.207525448999945 ], [ 36.833676, -1.207512999999892 ], [ 36.833561000000145, -1.207446 ], [ 36.833282000000167, -1.206892 ], [ 36.83327099800016, -1.206839993999893 ], [ 36.833266762000164, -1.20682643799995 ], [ 36.833255990000112, -1.206791955999904 ], [ 36.833250528000065, -1.206770111999958 ], [ 36.833243441000093, -1.206741726999951 ], [ 36.833149000000162, -1.206358 ], [ 36.833110224000166, -1.206199939999976 ], [ 36.833030701000041, -1.205877183999974 ], [ 36.833020698000041, -1.205856392999976 ], [ 36.833015000000103, -1.205844999999897 ], [ 36.832829000000174, -1.205406 ], [ 36.832781667000063, -1.205292926999959 ], [ 36.832775116000164, -1.205277442999943 ], [ 36.832740783000077, -1.2052471639999 ], [ 36.832615932000124, -1.205140392999965 ], [ 36.832470000000114, -1.205016 ], [ 36.832351975000051, -1.204915032999963 ], [ 36.832213797000122, -1.204796825999949 ], [ 36.832193000000132, -1.204779 ], [ 36.832181722000087, -1.204769259999978 ], [ 36.832126618000132, -1.204722166999886 ], [ 36.832046698000113, -1.204654221999874 ], [ 36.832018, -1.204629999999895 ], [ 36.831978000000106, -1.204596 ], [ 36.831371000000161, -1.204077999999811 ], [ 36.831345683000109, -1.204067992999967 ], [ 36.831031800000119, -1.203944444999934 ], [ 36.830661773000145, -1.203798412999959 ], [ 36.830595511000183, -1.203772486999924 ], [ 36.830576, -1.203765 ], [ 36.830566000000147, -1.203760999999872 ], [ 36.830546, -1.203752999999892 ], [ 36.830532473000119, -1.203747536999913 ], [ 36.830493927000134, -1.20373213299996 ], [ 36.830467224000131, -1.203723429999968 ], [ 36.830388914000082, -1.203697111999929 ], [ 36.83028000000013, -1.203661 ], [ 36.830147001, -1.203617000999941 ], [ 36.830142995000074, -1.20368410899988 ], [ 36.830139160000158, -1.203752873999974 ], [ 36.830135037000105, -1.203844879999963 ], [ 36.830133684000089, -1.203875641999957 ], [ 36.830128000000116, -1.204007999999874 ], [ 36.829811, -1.203904 ], [ 36.829788206999979, -1.203896071999964 ], [ 36.829765320000149, -1.204357384999923 ], [ 36.829832067000098, -1.20471614499985 ], [ 36.82990095100007, -1.205085030999896 ], [ 36.829903000000172, -1.205096 ], [ 36.830026, -1.205381999999872 ], [ 36.830318, -1.206064 ], [ 36.830572000000132, -1.206747 ], [ 36.830849000000114, -1.207494 ], [ 36.832555812000123, -1.210668643999952 ], [ 36.83326339700011, -1.211984394999945 ], [ 36.832787290000056, -1.211723317999827 ], [ 36.832221084000139, -1.211412834999976 ], [ 36.831333161000089, -1.210925936999843 ], [ 36.831306888000142, -1.210911340999871 ], [ 36.831276444000139, -1.210894426999971 ], [ 36.831127167000147, -1.210811494999973 ], [ 36.829547883000032, -1.209942101999957 ], [ 36.828907013000105, -1.209588169999904 ], [ 36.828417514000193, -1.209317809999902 ], [ 36.82824176400004, -1.209220739999978 ], [ 36.827724457000159, -1.208935021999935 ], [ 36.827602387000184, -1.208867668999972 ], [ 36.826545715000123, -1.208285568999941 ], [ 36.826465119000034, -1.208239524999954 ], [ 36.82643975700006, -1.208225548999962 ], [ 36.825420379000093, -1.207663774999844 ], [ 36.825135407000118, -1.207505264999952 ], [ 36.824865999000053, -1.207355411999913 ], [ 36.824279786000147, -1.207029341999942 ], [ 36.820960998000146, -1.205186247999848 ], [ 36.818969726999967, -1.204081296999902 ], [ 36.817366197000183, -1.203190130999872 ], [ 36.817294144000186, -1.203150086999926 ], [ 36.816284178999979, -1.202588796999976 ], [ 36.812244474000181, -1.200344628999972 ], [ 36.809998476000146, -1.19909691499987 ], [ 36.809188844000118, -1.19864714199997 ], [ 36.808755241000028, -1.198406193999915 ], [ 36.808626580000123, -1.198334698999872 ], [ 36.808383941000045, -1.198199868999893 ], [ 36.807761178000135, -1.197853953999868 ], [ 36.807194522000145, -1.197539204999941 ], [ 36.806270600000062, -1.19702601399996 ], [ 36.804973602000018, -1.196305036999888 ], [ 36.804019327000049, -1.195774936999896 ], [ 36.803950513000188, -1.195736710999938 ], [ 36.8020782480001, -1.194696664999924 ], [ 36.800765197000089, -1.194003035999913 ], [ 36.800680362999969, -1.193958221999935 ], [ 36.799209594000047, -1.193181275999962 ], [ 36.798766825000143, -1.192947294999954 ], [ 36.79870938900018, -1.192916941999954 ], [ 36.798698425000168, -1.192911147999894 ], [ 36.798636906000127, -1.19287891099998 ], [ 36.798595157000136, -1.192856711999923 ], [ 36.798557115000165, -1.192833812999936 ], [ 36.798236848000045, -1.192667126999879 ], [ 36.797080994000169, -1.19205665599992 ], [ 36.796810151000045, -1.191914438999959 ], [ 36.796657562000121, -1.19183337599992 ], [ 36.79541778600003, -1.191178081999965 ], [ 36.794921875000114, -1.190917252999952 ], [ 36.794395446000181, -1.190637946999971 ], [ 36.794185638000044, -1.190526723999881 ], [ 36.793373108000139, -1.190098881999916 ], [ 36.793025971000134, -1.189916132999826 ], [ 36.792846680000139, -1.189819573999898 ], [ 36.791980743000124, -1.189363598999932 ], [ 36.791294098000094, -1.188999889999934 ], [ 36.791015625000057, -1.188853262999885 ], [ 36.791000366000105, -1.188877461999937 ], [ 36.790840149000076, -1.18917107599998 ], [ 36.790798187000178, -1.189246416999936 ], [ 36.790729524000085, -1.18937158499989 ], [ 36.790637970000148, -1.189535737999961 ], [ 36.790382385000044, -1.189998268999943 ], [ 36.79018783600003, -1.190350532999958 ], [ 36.789955140000131, -1.190770982999936 ], [ 36.789463042000079, -1.191655276999938 ], [ 36.788520813000048, -1.193357108999976 ], [ 36.788330079000048, -1.193696737999971 ], [ 36.787746429000094, -1.194755434999934 ], [ 36.787731171000075, -1.194783568999924 ], [ 36.787368774000186, -1.195431708999934 ], [ 36.787338257000044, -1.195490716999927 ], [ 36.787017822000109, -1.196070431999942 ], [ 36.786987304000093, -1.196124433999955 ], [ 36.786964417000036, -1.196164130999932 ], [ 36.78671646100014, -1.196687459999907 ], [ 36.786670684000171, -1.196776746999944 ], [ 36.786228180000137, -1.197706102999973 ], [ 36.785755158000086, -1.198696136999843 ], [ 36.785663604000149, -1.198891995999873 ], [ 36.785186767000027, -1.19988667999985 ], [ 36.785163880000027, -1.199937104999947 ], [ 36.785064698000156, -1.200142621999873 ], [ 36.784904481000126, -1.200476764999905 ], [ 36.784770965000121, -1.200759648999963 ], [ 36.784717560000047, -1.200873970999908 ], [ 36.784679413000163, -1.200950384999942 ], [ 36.784587861000034, -1.201143263999882 ], [ 36.784511565000116, -1.201155541999924 ], [ 36.784473418000061, -1.201161979999938 ], [ 36.784442902000023, -1.201202631999934 ], [ 36.784423828000058, -1.201232195999978 ], [ 36.784343720000038, -1.201368331999959 ], [ 36.784317016000102, -1.201416611999946 ], [ 36.78423690700015, -1.201553940999929 ], [ 36.784198760000095, -1.201614498999902 ], [ 36.784179687, -1.201650499999971 ], [ 36.784084320000034, -1.201814174999924 ], [ 36.784107208000137, -1.2018733029999 ], [ 36.784137725000107, -1.201932905999968 ], [ 36.784149170000092, -1.202077507999945 ], [ 36.784152985000105, -1.202111361999869 ], [ 36.784160614000143, -1.202208638999934 ], [ 36.784168244000057, -1.202298997999947 ], [ 36.784168244000057, -1.202515362999918 ], [ 36.784168244000057, -1.202699064999933 ], [ 36.784168244000057, -1.202866196999821 ], [ 36.784172059000127, -1.202928064999981 ], [ 36.784172059000127, -1.202977537999971 ], [ 36.784187317000146, -1.203284024999903 ], [ 36.78419113200016, -1.203412532999891 ], [ 36.784370422999984, -1.203650473999971 ], [ 36.784442902000023, -1.203748703999906 ], [ 36.784591674000126, -1.203797815999962 ], [ 36.784633636000024, -1.203812478999964 ], [ 36.784759522000115, -1.203853845999902 ], [ 36.784801483000138, -1.203867791999926 ], [ 36.784912109000061, -1.203905938999981 ], [ 36.784946443000081, -1.203916786999969 ], [ 36.78507232600009, -1.203930974999878 ], [ 36.785156250000114, -1.203940032999924 ], [ 36.785209655000187, -1.203946112999972 ], [ 36.785266876000037, -1.203952670999911 ], [ 36.785324096000124, -1.203958868999962 ], [ 36.785587310000039, -1.203958868999962 ], [ 36.785766601000034, -1.203958868999962 ], [ 36.786098480000078, -1.203958868999962 ], [ 36.786163330000136, -1.203958868999962 ], [ 36.786605835000046, -1.203958868999962 ], [ 36.78664016700003, -1.203964470999892 ], [ 36.786880493000012, -1.204084871999953 ], [ 36.787067412000113, -1.204316019999965 ], [ 36.787097931000062, -1.204354046999924 ], [ 36.787250518000178, -1.204533934999972 ], [ 36.787315369000112, -1.204611061999969 ], [ 36.78734588500015, -1.204648732999942 ], [ 36.787384032000034, -1.204694150999899 ], [ 36.787437439000087, -1.204755185999886 ], [ 36.783504485000094, -1.208262324999964 ], [ 36.783771515000183, -1.208559393999963 ], [ 36.78400039600001, -1.208783386999926 ], [ 36.784263611000029, -1.208999751999897 ], [ 36.784515380000187, -1.209132908999891 ], [ 36.781124116000058, -1.215351939999948 ], [ 36.778297424000129, -1.22033834399997 ], [ 36.771602630000075, -1.216976642999896 ], [ 36.770061493000185, -1.219946144999938 ], [ 36.76972580000006, -1.219778059999953 ], [ 36.7662506100001, -1.217873095999892 ], [ 36.761985779000099, -1.215444563999881 ], [ 36.760593414000084, -1.214651584999899 ], [ 36.756725311000025, -1.212466596999946 ], [ 36.756278992000148, -1.213082790999863 ], [ 36.755828858000029, -1.213811157999885 ], [ 36.755420684, -1.214574335999885 ], [ 36.753334046000191, -1.218415855999979 ], [ 36.752597809000122, -1.21977245699992 ], [ 36.75250244200015, -1.219951152999897 ], [ 36.752410888000043, -1.220114230999968 ], [ 36.746696473000156, -1.23067521999991 ], [ 36.745914459000119, -1.230535148999877 ], [ 36.745281219000162, -1.230648278999979 ], [ 36.74444198700013, -1.230761884999879 ], [ 36.743442535000042, -1.230466365999973 ], [ 36.742713929000161, -1.23012530699998 ], [ 36.742122651000102, -1.230011581999975 ], [ 36.741600037000183, -1.23012530699998 ], [ 36.741165161000083, -1.230329871999857 ], [ 36.740734101000157, -1.230511784999976 ], [ 36.739963532000047, -1.230329871999857 ], [ 36.738277435999976, -1.229875087999972 ], [ 36.737461090000124, -1.229806899999915 ], [ 36.736232758000085, -1.229624985999976 ], [ 36.735301972000173, -1.229579448999914 ], [ 36.734664917000146, -1.229579448999914 ], [ 36.73409652700019, -1.229329466999957 ], [ 36.733798981000064, -1.228920100999915 ], [ 36.733070374000135, -1.228692769999952 ], [ 36.732139588, -1.22871553899995 ], [ 36.731510162000177, -1.228845834999902 ], [ 36.731010438, -1.228721021999945 ], [ 36.730083465000178, -1.227758525999889 ], [ 36.729583741, -1.227580307999972 ], [ 36.72917556699997, -1.227758525999889 ], [ 36.728744507000044, -1.228079438999885 ], [ 36.728569031000063, -1.228721021999945 ], [ 36.727874756000119, -1.235226868999916 ], [ 36.727729797000109, -1.239148139999941 ], [ 36.727470397000104, -1.239190339999936 ], [ 36.726963043000069, -1.239272950999975 ], [ 36.726036072, -1.239468931999909 ], [ 36.725547790000121, -1.240012167999907 ], [ 36.725429534000114, -1.24014627899993 ], [ 36.725147248000042, -1.240930555999967 ], [ 36.724933623000027, -1.241465210999877 ], [ 36.725040436000086, -1.24207126999994 ], [ 36.725395202000129, -1.242908953999972 ], [ 36.725540162000186, -1.243998289999979 ], [ 36.725494385000047, -1.244077680999965 ], [ 36.725440979000098, -1.244137285999898 ], [ 36.725349425000161, -1.244376897999928 ], [ 36.725223542000094, -1.244718788999876 ], [ 36.725212096000064, -1.244749544999934 ], [ 36.725177765000126, -1.244761705999963 ], [ 36.724948884000128, -1.244976639999891 ], [ 36.724361419000104, -1.245600461999913 ], [ 36.723613739000086, -1.246598601999892 ], [ 36.72099685600017, -1.251665113999877 ], [ 36.718364715000064, -1.256639003999851 ], [ 36.71747970600012, -1.255828261999909 ], [ 36.716121673000089, -1.254517317999955 ], [ 36.715591430000188, -1.254310249999889 ], [ 36.713245393000136, -1.254034279999871 ], [ 36.706531526000049, -1.252884148999954 ], [ 36.705158234000066, -1.252487182999971 ], [ 36.704620361000082, -1.252332209999906 ], [ 36.703472138000052, -1.252018570999894 ], [ 36.702598572000056, -1.251780151999981 ], [ 36.701377869000055, -1.254057288999945 ], [ 36.701057434000063, -1.254632232999882 ], [ 36.70089340200019, -1.255207299999938 ], [ 36.700847625000051, -1.25569033499994 ], [ 36.700504303000059, -1.255943296999931 ], [ 36.697490692000031, -1.254103302999908 ], [ 36.696365357000047, -1.253597259999879 ], [ 36.695652008000138, -1.253551244999869 ], [ 36.694961549000084, -1.253574250999918 ], [ 36.694065094000109, -1.253597259999879 ], [ 36.693695069000114, -1.253942250999899 ], [ 36.693740844000104, -1.254241226999966 ], [ 36.694019317000141, -1.254425285999901 ], [ 36.694477081000173, -1.254701255999919 ], [ 36.694869995000147, -1.255069255999899 ], [ 36.694984435000038, -1.25534534399992 ], [ 36.694938660000048, -1.255759357999978 ], [ 36.694133758000078, -1.25697839299994 ], [ 36.693740844000104, -1.257185339999921 ], [ 36.693443298000147, -1.25725436099998 ], [ 36.693050384000173, -1.257346390999942 ], [ 36.693122863000042, -1.257829427999923 ], [ 36.693443298000147, -1.258197426999914 ], [ 36.694946288000153, -1.259544372999812 ], [ 36.694972992000089, -1.25956690199996 ], [ 36.695560455000077, -1.259922385999914 ], [ 36.69608688400001, -1.260198473999935 ], [ 36.696662903000174, -1.260773538999899 ], [ 36.696777344000168, -1.261371493999889 ], [ 36.696571349000067, -1.261992572999873 ], [ 36.696155547000103, -1.262429593999968 ], [ 36.69558334300001, -1.26252162499992 ], [ 36.694755554000039, -1.26240658699993 ], [ 36.693443298000147, -1.262199519999854 ], [ 36.693061829000101, -1.262244224999904 ], [ 36.693145751000145, -1.26259052599994 ], [ 36.693397522999987, -1.262866615999883 ], [ 36.69390487700008, -1.263234615999977 ], [ 36.694522858000141, -1.263740657999904 ], [ 36.694778443000018, -1.264154671999961 ], [ 36.694660187000011, -1.264315604999979 ], [ 36.694065094000109, -1.26429259799994 ], [ 36.693096161000142, -1.26429259799994 ], [ 36.691947937000123, -1.26429259799994 ], [ 36.691143035000152, -1.264453648999904 ], [ 36.690498352000191, -1.26475262699995 ], [ 36.690132140000117, -1.265212653999924 ], [ 36.690063477000024, -1.265649676999942 ], [ 36.690132140000117, -1.266178726999954 ], [ 36.690383912000129, -1.26668476999987 ], [ 36.691368103000116, -1.268406748999894 ], [ 36.691143035000152, -1.268457412999908 ], [ 36.690929412000173, -1.268556475999958 ], [ 36.690544129000159, -1.26873576599985 ], [ 36.690502167000091, -1.268755316999943 ], [ 36.690441132000103, -1.268827675999887 ], [ 36.690315246000125, -1.268984197999885 ], [ 36.690147400000114, -1.269196987999976 ], [ 36.690105439000092, -1.269351124999957 ], [ 36.690097808000075, -1.269443154999919 ], [ 36.690063477000024, -1.26965343899991 ], [ 36.690082550000056, -1.269803881999962 ], [ 36.690101623000146, -1.269946097999878 ], [ 36.690113067000027, -1.270049929999971 ], [ 36.690132140000117, -1.270182488999978 ], [ 36.690223694000053, -1.270367025999974 ], [ 36.690250398000103, -1.270421504999888 ], [ 36.690334320000147, -1.270592688999841 ], [ 36.690383912000129, -1.270688532999941 ], [ 36.690498352000191, -1.270888804999913 ], [ 36.690799714000093, -1.271413683999924 ], [ 36.691082001999973, -1.27191471999987 ], [ 36.691242217000024, -1.272192477999965 ], [ 36.691394806000119, -1.272459625999943 ], [ 36.691444397000055, -1.272798061999879 ], [ 36.691482543000177, -1.273089169999878 ], [ 36.691406250000171, -1.273207902999957 ], [ 36.69134902900015, -1.273283361999972 ], [ 36.69126129100016, -1.273399352999888 ], [ 36.691047668000181, -1.27345239999994 ], [ 36.690681458000086, -1.273540258999901 ], [ 36.690616608000028, -1.273519752999903 ], [ 36.69057464600013, -1.273505806999822 ], [ 36.689899444000048, -1.273287654999876 ], [ 36.689849853999988, -1.273265003999882 ], [ 36.689418792000026, -1.273062466999818 ], [ 36.689266204000035, -1.272984742999938 ], [ 36.689395905000026, -1.273378013999888 ], [ 36.689395905000026, -1.274044989999936 ], [ 36.689441680000186, -1.274919033999936 ], [ 36.689140321000025, -1.275586127999816 ], [ 36.688514709000117, -1.276221631999817 ], [ 36.688449859000059, -1.276287317999902 ], [ 36.687461852000126, -1.277288196999962 ], [ 36.686336517000029, -1.278300164999848 ], [ 36.685920715000066, -1.279220222999925 ], [ 36.685600280000131, -1.280370233999975 ], [ 36.685543059999986, -1.280842183999937 ], [ 36.685462951000034, -1.281497358999957 ], [ 36.685241698000141, -1.281916856999942 ], [ 36.684913635000044, -1.282435773999964 ], [ 36.684574127000019, -1.282967090999875 ], [ 36.683788300000117, -1.285271763999958 ], [ 36.683395387000189, -1.286379455999963 ] ] ] ] } }
]
}
